time,open,high,low,close
2024-06-23 20:00:00,1.06875,1.06952,1.06845,1.06874
2024-06-24 00:00:00,1.06875,1.0693,1.06834,1.06911
2024-06-24 04:00:00,1.0691,1.0714299999999999,1.06906,1.07122
2024-06-24 08:00:00,1.07121,1.07353,1.07079,1.07351
2024-06-24 12:00:00,1.0735,1.07458,1.07231,1.07269
2024-06-24 16:00:00,1.07266,1.07378,1.07216,1.07352
2024-06-24 20:00:00,1.0735,1.07368,1.07305,1.07317
2024-06-25 00:00:00,1.07315,1.07388,1.07313,1.07382
2024-06-25 04:00:00,1.07382,1.07436,1.07205,1.07267
2024-06-25 08:00:00,1.07266,1.07354,1.07087,1.07092
2024-06-25 12:00:00,1.07092,1.07146,1.06901,1.07036
2024-06-25 16:00:00,1.07039,1.0717,1.07015,1.07153
2024-06-25 20:00:00,1.07153,1.07154,1.07086,1.07088
2024-06-26 00:00:00,1.07087,1.07174,1.0706,1.07105
2024-06-26 04:00:00,1.07104,1.07113,1.0685,1.06932
2024-06-26 08:00:00,1.0693,1.06994,1.06793,1.06935
2024-06-26 12:00:00,1.06936,1.06953,1.0665499999999999,1.06817
2024-06-26 16:00:00,1.06818,1.06904,1.06746,1.06803
2024-06-26 20:00:00,1.06803,1.06814,1.0677,1.06795
2024-06-27 00:00:00,1.06795,1.06919,1.06766,1.06901
2024-06-27 04:00:00,1.06901,1.06984,1.06879,1.069
2024-06-27 08:00:00,1.06896,1.07038,1.06801,1.06923
2024-06-27 12:00:00,1.06926,1.07259,1.06923,1.07067
2024-06-27 16:00:00,1.07064,1.071,1.07008,1.07026
2024-06-27 20:00:00,1.07025,1.07089,1.06989,1.0707200000000001
2024-06-28 00:00:00,1.07071,1.07103,1.0685,1.06918
2024-06-28 04:00:00,1.06918,1.07034,1.06852,1.06965
2024-06-28 08:00:00,1.06963,1.07112,1.06917,1.06968
2024-06-28 12:00:00,1.06966,1.07216,1.06922,1.07106
2024-06-28 16:00:00,1.07103,1.07242,1.07057,1.07108
2024-06-28 20:00:00,1.07105,1.0714,1.07074,1.07131
2024-06-30 20:00:00,1.07347,1.07405,1.07301,1.07344
2024-07-01 00:00:00,1.07345,1.0761,1.07342,1.07524
2024-07-01 04:00:00,1.07524,1.07759,1.0751,1.07545
2024-07-01 08:00:00,1.07541,1.0771600000000001,1.0742099999999999,1.07486
2024-07-01 12:00:00,1.07486,1.07695,1.07193,1.07263
2024-07-01 16:00:00,1.07263,1.07388,1.07237,1.07378
2024-07-01 20:00:00,1.0737700000000001,1.0742,1.07352,1.07359
2024-07-02 00:00:00,1.0735999999999999,1.07383,1.07304,1.0732
2024-07-02 04:00:00,1.0732,1.07351,1.07117,1.07177
2024-07-02 08:00:00,1.07179,1.0724,1.07096,1.07233
2024-07-02 12:00:00,1.07234,1.07463,1.07234,1.07361
2024-07-02 16:00:00,1.07359,1.0746,1.07301,1.07456
2024-07-02 20:00:00,1.07455,1.07487,1.07416,1.07475
2024-07-03 00:00:00,1.07476,1.07537,1.07399,1.07431
2024-07-03 04:00:00,1.07431,1.07613,1.07357,1.0759
2024-07-03 08:00:00,1.07589,1.0763,1.07521,1.07572
2024-07-03 12:00:00,1.07575,1.08163,1.07546,1.07983
2024-07-03 16:00:00,1.07984,1.08001,1.07778,1.07843
2024-07-03 20:00:00,1.07843,1.07911,1.07817,1.07904
2024-07-04 00:00:00,1.07905,1.07944,1.07832,1.07847
2024-07-04 04:00:00,1.0784799999999999,1.0796000000000001,1.07843,1.07941
2024-07-04 08:00:00,1.07941,1.08026,1.07933,1.07966
2024-07-04 12:00:00,1.07965,1.08133,1.07941,1.08101
2024-07-04 16:00:00,1.08101,1.08133,1.08092,1.08123
2024-07-04 20:00:00,1.08123,1.08132,1.08076,1.081
2024-07-05 00:00:00,1.08101,1.0824,1.08097,1.08215
2024-07-05 04:00:00,1.08215,1.08298,1.0816,1.08288
2024-07-05 08:00:00,1.08286,1.08313,1.08181,1.08186
2024-07-05 12:00:00,1.08188,1.08412,1.08011,1.08271
2024-07-05 16:00:00,1.08271,1.08421,1.08229,1.08408
2024-07-05 20:00:00,1.08406,1.08408,1.08371,1.0839
2024-07-07 20:00:00,1.08009,1.08316,1.07989,1.08252
2024-07-08 00:00:00,1.08252,1.08357,1.0818699999999999,1.08308
2024-07-08 04:00:00,1.08311,1.08377,1.0814300000000001,1.08364
2024-07-08 08:00:00,1.08364,1.08425,1.08232,1.0833
2024-07-08 12:00:00,1.08332,1.08448,1.08308,1.08345
2024-07-08 16:00:00,1.08343,1.08359,1.0822,1.08247
2024-07-08 20:00:00,1.08247,1.0830899999999999,1.0822,1.083
2024-07-09 00:00:00,1.083,1.08328,1.08188,1.08278
2024-07-09 04:00:00,1.08278,1.08308,1.08165,1.08173
2024-07-09 08:00:00,1.08172,1.08279,1.08117,1.08134
2024-07-09 12:00:00,1.08136,1.08279,1.08052,1.08121
2024-07-09 16:00:00,1.08124,1.08157,1.08055,1.08139
2024-07-09 20:00:00,1.08138,1.08161,1.08089,1.08139
2024-07-10 00:00:00,1.08139,1.08207,1.08102,1.08194
2024-07-10 04:00:00,1.08194,1.08244,1.08142,1.08159
2024-07-10 08:00:00,1.08157,1.0826500000000001,1.08114,1.08249
2024-07-10 12:00:00,1.0824799999999999,1.08284,1.08193,1.08221
2024-07-10 16:00:00,1.08221,1.08293,1.0817,1.08281
2024-07-10 20:00:00,1.08281,1.08362,1.0824799999999999,1.08327
2024-07-11 00:00:00,1.08327,1.08397,1.08318,1.08373
2024-07-11 04:00:00,1.08373,1.08395,1.08317,1.08389
2024-07-11 08:00:00,1.08388,1.08574,1.08376,1.08542
2024-07-11 12:00:00,1.08542,1.08994,1.0844,1.08694
2024-07-11 16:00:00,1.08694,1.08703,1.08595,1.08644
2024-07-11 20:00:00,1.08642,1.08739,1.08637,1.08734
2024-07-12 00:00:00,1.08734,1.08742,1.08631,1.08684
2024-07-12 04:00:00,1.08684,1.08755,1.0861399999999999,1.08748
2024-07-12 08:00:00,1.08748,1.08919,1.08747,1.08874
2024-07-12 12:00:00,1.08874,1.09106,1.08733,1.0901
2024-07-12 16:00:00,1.09008,1.09108,1.09001,1.09062
2024-07-12 20:00:00,1.09063,1.0907499999999999,1.09036,1.0906
2024-07-14 20:00:00,1.08852,1.08917,1.08799,1.08855
2024-07-15 00:00:00,1.08855,1.08951,1.0883099999999999,1.08938
2024-07-15 04:00:00,1.08938,1.0896,1.08833,1.08952
2024-07-15 08:00:00,1.08954,1.09199,1.0895299999999999,1.09054
2024-07-15 12:00:00,1.09054,1.0922,1.09017,1.09115
2024-07-15 16:00:00,1.09117,1.09166,1.08929,1.08983
2024-07-15 20:00:00,1.0898,1.08989,1.08904,1.08978
2024-07-16 00:00:00,1.08979,1.08979,1.08883,1.08924
2024-07-16 04:00:00,1.08926,1.08998,1.08833,1.08986
2024-07-16 08:00:00,1.08985,1.09035,1.08934,1.0901399999999999
2024-07-16 12:00:00,1.0901399999999999,1.0905,1.08713,1.0884
2024-07-16 16:00:00,1.0884,1.09022,1.08806,1.09011
2024-07-16 20:00:00,1.09008,1.09026,1.08937,1.09018
2024-07-17 00:00:00,1.09018,1.09064,1.0895299999999999,1.09056
2024-07-17 04:00:00,1.09056,1.0913,1.08948,1.09081
2024-07-17 08:00:00,1.09082,1.09446,1.09073,1.09345
2024-07-17 12:00:00,1.09342,1.09477,1.09272,1.0931899999999999
2024-07-17 16:00:00,1.0931899999999999,1.09393,1.09233,1.09355
2024-07-17 20:00:00,1.09353,1.09405,1.09344,1.09396
2024-07-18 00:00:00,1.09396,1.09402,1.09318,1.09323
2024-07-18 04:00:00,1.09324,1.09377,1.09257,1.09308
2024-07-18 08:00:00,1.09308,1.09383,1.09259,1.09271
2024-07-18 12:00:00,1.09273,1.09363,1.09045,1.09118
2024-07-18 16:00:00,1.09119,1.09158,1.0893,1.08968
2024-07-18 20:00:00,1.08965,1.0901399999999999,1.08925,1.08996
2024-07-19 00:00:00,1.08996,1.08997,1.0886,1.08879
2024-07-19 04:00:00,1.08879,1.08901,1.08813,1.08876
2024-07-19 08:00:00,1.08874,1.08927,1.08758,1.08927
2024-07-19 12:00:00,1.08925,1.08936,1.0879,1.08875
2024-07-19 16:00:00,1.08874,1.08908,1.08753,1.0879
2024-07-19 20:00:00,1.0879,1.0883,1.08785,1.08827
2024-07-21 20:00:00,1.08807,1.09022,1.08807,1.08983
2024-07-22 00:00:00,1.08983,1.08992,1.08843,1.08912
2024-07-22 04:00:00,1.08912,1.08924,1.08781,1.08868
2024-07-22 08:00:00,1.08868,1.08949,1.08834,1.08851
2024-07-22 12:00:00,1.08852,1.08883,1.0872600000000001,1.08795
2024-07-22 16:00:00,1.08795,1.08912,1.08785,1.08868
2024-07-22 20:00:00,1.08867,1.0892,1.08858,1.08883
2024-07-23 00:00:00,1.08885,1.0896,1.08866,1.08938
2024-07-23 04:00:00,1.08939,1.08943,1.08732,1.08758
2024-07-23 08:00:00,1.08759,1.08818,1.08556,1.08568
2024-07-23 12:00:00,1.08566,1.08631,1.08435,1.08538
2024-07-23 16:00:00,1.0854,1.08573,1.08486,1.08505
2024-07-23 20:00:00,1.08504,1.08558,1.0848200000000001,1.08493
2024-07-24 00:00:00,1.08493,1.08499,1.08414,1.08449
2024-07-24 04:00:00,1.08449,1.08533,1.08254,1.0829
2024-07-24 08:00:00,1.08288,1.08484,1.08256,1.08457
2024-07-24 12:00:00,1.08458,1.0866,1.0845,1.08522
2024-07-24 16:00:00,1.08524,1.08544,1.08354,1.08385
2024-07-24 20:00:00,1.08385,1.08417,1.08365,1.08376
2024-07-25 00:00:00,1.08375,1.08435,1.08344,1.08424
2024-07-25 04:00:00,1.08424,1.08525,1.08279,1.08486
2024-07-25 08:00:00,1.08489,1.08585,1.0843,1.0845
2024-07-25 12:00:00,1.08452,1.08642,1.08299,1.08592
2024-07-25 16:00:00,1.08593,1.08695,1.08451,1.08457
2024-07-25 20:00:00,1.08455,1.0851,1.0841,1.08508
2024-07-26 00:00:00,1.08508,1.08599,1.08508,1.08577
2024-07-26 04:00:00,1.08581,1.08601,1.08446,1.0849
2024-07-26 08:00:00,1.0849,1.08608,1.08417,1.08605
2024-07-26 12:00:00,1.0860400000000001,1.08676,1.08483,1.08571
2024-07-26 16:00:00,1.08573,1.0866500000000001,1.0855,1.08574
2024-07-26 20:00:00,1.08572,1.08577,1.08548,1.08551
2024-07-28 20:00:00,1.08563,1.08596,1.08524,1.08525
2024-07-29 00:00:00,1.08525,1.08694,1.08505,1.0862
2024-07-29 04:00:00,1.0862,1.08636,1.08429,1.0844
2024-07-29 08:00:00,1.08439,1.08439,1.08163,1.08175
2024-07-29 12:00:00,1.08175,1.08233,1.08022,1.0818699999999999
2024-07-29 16:00:00,1.08188,1.08253,1.08144,1.08233
2024-07-29 20:00:00,1.08233,1.08233,1.08169,1.08188
2024-07-30 00:00:00,1.08188,1.08219,1.08138,1.08214
2024-07-30 04:00:00,1.08214,1.08263,1.08161,1.08185
2024-07-30 08:00:00,1.0818,1.08353,1.08157,1.08241
2024-07-30 12:00:00,1.08239,1.08257,1.07977,1.0808200000000001
2024-07-30 16:00:00,1.0808200000000001,1.0817,1.08063,1.08104
2024-07-30 20:00:00,1.08106,1.08173,1.08081,1.08153
2024-07-31 00:00:00,1.08153,1.08296,1.08122,1.08219
2024-07-31 04:00:00,1.08218,1.0826500000000001,1.08112,1.08178
2024-07-31 08:00:00,1.08176,1.08396,1.0806,1.08277
2024-07-31 12:00:00,1.08278,1.08488,1.08169,1.08229
2024-07-31 16:00:00,1.08226,1.08323,1.08015,1.08226
2024-07-31 20:00:00,1.08223,1.08304,1.08165,1.08235
2024-08-01 00:00:00,1.08235,1.08341,1.08227,1.08323
2024-08-01 04:00:00,1.08323,1.08348,1.07988,1.08009
2024-08-01 08:00:00,1.08008,1.08019,1.07768,1.07913
2024-08-01 12:00:00,1.07913,1.08176,1.07832,1.07881
2024-08-01 16:00:00,1.07883,1.07963,1.07798,1.07893
2024-08-01 20:00:00,1.07891,1.07926,1.07857,1.07861
2024-08-02 00:00:00,1.0786,1.07946,1.07815,1.07925
2024-08-02 04:00:00,1.07927,1.0808200000000001,1.07858,1.08034
2024-08-02 08:00:00,1.08036,1.08368,1.08026,1.08308
2024-08-02 12:00:00,1.0831,1.09261,1.08288,1.0913
2024-08-02 16:00:00,1.09129,1.09163,1.0903,1.09121
2024-08-02 20:00:00,1.09124,1.09144,1.09078,1.09103
2024-08-04 20:00:00,1.09165,1.09207,1.09012,1.09099
2024-08-05 00:00:00,1.091,1.09308,1.09063,1.09301
2024-08-05 04:00:00,1.093,1.09664,1.08922,1.09486
2024-08-05 08:00:00,1.09484,1.09743,1.09326,1.09622
2024-08-05 12:00:00,1.0962,1.10083,1.09556,1.0956
2024-08-05 16:00:00,1.09557,1.09638,1.0947,1.09584
2024-08-05 20:00:00,1.09583,1.09615,1.09481,1.09501
2024-08-06 00:00:00,1.09501,1.09625,1.09433,1.09534
2024-08-06 04:00:00,1.09534,1.09555,1.09216,1.09263
2024-08-06 08:00:00,1.09264,1.09344,1.09034,1.09161
2024-08-06 12:00:00,1.09162,1.09343,1.09043,1.09246
2024-08-06 16:00:00,1.09247,1.09332,1.09203,1.09292
2024-08-06 20:00:00,1.09292,1.09316,1.09234,1.09255
2024-08-07 00:00:00,1.09255,1.093,1.09105,1.09156
2024-08-07 04:00:00,1.09158,1.09274,1.0905,1.09218
2024-08-07 08:00:00,1.09216,1.09275,1.09081,1.09228
2024-08-07 12:00:00,1.0923,1.09362,1.09121,1.09243
2024-08-07 16:00:00,1.09243,1.09267,1.0917,1.09227
2024-08-07 20:00:00,1.09227,1.09334,1.09173,1.09271
2024-08-08 00:00:00,1.09274,1.0935,1.09231,1.09346
2024-08-08 04:00:00,1.09346,1.09446,1.09293,1.09392
2024-08-08 08:00:00,1.09394,1.09438,1.09203,1.09298
2024-08-08 12:00:00,1.09301,1.0932,1.08811,1.09124
2024-08-08 16:00:00,1.09124,1.09184,1.09045,1.09152
2024-08-08 20:00:00,1.0915300000000001,1.09189,1.09115,1.09142
2024-08-09 00:00:00,1.09143,1.09239,1.09111,1.09222
2024-08-09 04:00:00,1.09222,1.09286,1.09172,1.09217
2024-08-09 08:00:00,1.09216,1.09252,1.0911,1.09156
2024-08-09 12:00:00,1.09157,1.09307,1.09085,1.09238
2024-08-09 16:00:00,1.09236,1.09243,1.09148,1.09183
2024-08-09 20:00:00,1.09185,1.0919,1.09145,1.0915
2024-08-11 20:00:00,1.09133,1.09186,1.09095,1.09122
2024-08-12 00:00:00,1.09122,1.09223,1.09114,1.0913599999999999
2024-08-12 04:00:00,1.09137,1.09281,1.09132,1.09219
2024-08-12 08:00:00,1.09222,1.09294,1.09156,1.09253
2024-08-12 12:00:00,1.09253,1.09389,1.09147,1.09275
2024-08-12 16:00:00,1.09272,1.09343,1.09216,1.09312
2024-08-12 20:00:00,1.09312,1.09359,1.09269,1.09356
2024-08-13 00:00:00,1.09356,1.09378,1.09287,1.09365
2024-08-13 04:00:00,1.09364,1.09408,1.0926,1.09297
2024-08-13 08:00:00,1.09296,1.09316,1.09133,1.09298
2024-08-13 12:00:00,1.09297,1.09619,1.09251,1.09528
2024-08-13 16:00:00,1.09532,1.09992,1.09522,1.09954
2024-08-13 20:00:00,1.09955,1.09983,1.09872,1.09954
2024-08-14 00:00:00,1.09954,1.0997,1.09881,1.09894
2024-08-14 04:00:00,1.09894,1.1007500000000001,1.0986,1.10051
2024-08-14 08:00:00,1.10049,1.1028,1.1002,1.10218
2024-08-14 12:00:00,1.1022,1.1047,1.10036,1.10228
2024-08-14 16:00:00,1.10229,1.10238,1.10104,1.10126
2024-08-14 20:00:00,1.10126,1.10153,1.10094,1.10112
2024-08-15 00:00:00,1.10112,1.10139,1.10029,1.1007500000000001
2024-08-15 04:00:00,1.1007500000000001,1.10151,1.10068,1.10127
2024-08-15 08:00:00,1.10128,1.10137,1.10028,1.10128
2024-08-15 12:00:00,1.10124,1.10137,1.0949200000000001,1.0985
2024-08-15 16:00:00,1.09852,1.09888,1.09712,1.09738
2024-08-15 20:00:00,1.09739,1.09746,1.09672,1.09721
2024-08-16 00:00:00,1.09721,1.09821,1.09714,1.09766
2024-08-16 04:00:00,1.09766,1.09865,1.09757,1.09844
2024-08-16 08:00:00,1.09844,1.09945,1.09783,1.09917
2024-08-16 12:00:00,1.0991900000000001,1.1004,1.09822,1.09954
2024-08-16 16:00:00,1.09954,1.10242,1.09949,1.10238
2024-08-16 20:00:00,1.10239,1.10291,1.10216,1.10272
2024-08-18 20:00:00,1.10239,1.10334,1.10221,1.10242
2024-08-19 00:00:00,1.1024,1.10399,1.10228,1.10384
2024-08-19 04:00:00,1.10382,1.10498,1.10359,1.10422
2024-08-19 08:00:00,1.1042399999999999,1.1050200000000001,1.10305,1.10416
2024-08-19 12:00:00,1.10418,1.10734,1.10296,1.10687
2024-08-19 16:00:00,1.10689,1.1086,1.10667,1.10831
2024-08-19 20:00:00,1.10829,1.10871,1.10797,1.10848
2024-08-20 00:00:00,1.1085099999999999,1.10868,1.10745,1.1075
2024-08-20 04:00:00,1.10753,1.10866,1.10714,1.10861
2024-08-20 08:00:00,1.10863,1.10884,1.10744,1.10802
2024-08-20 12:00:00,1.10804,1.11166,1.10799,1.11044
2024-08-20 16:00:00,1.11045,1.1127,1.1103399999999999,1.11241
2024-08-20 20:00:00,1.11244,1.1131199999999999,1.11232,1.11269
2024-08-21 00:00:00,1.1127,1.11322,1.11168,1.1120700000000001
2024-08-21 04:00:00,1.11204,1.11283,1.11101,1.11135
2024-08-21 08:00:00,1.11137,1.11255,1.11094,1.11141
2024-08-21 12:00:00,1.11144,1.11473,1.10987,1.11419
2024-08-21 16:00:00,1.11415,1.11738,1.11411,1.11513
2024-08-21 20:00:00,1.11515,1.11577,1.11437,1.11545
2024-08-22 00:00:00,1.11546,1.11566,1.114,1.1144
2024-08-22 04:00:00,1.11443,1.11648,1.1127,1.11364
2024-08-22 08:00:00,1.11362,1.11506,1.11317,1.11363
2024-08-22 12:00:00,1.11367,1.11425,1.10978,1.11124
2024-08-22 16:00:00,1.11125,1.11172,1.10982,1.11082
2024-08-22 20:00:00,1.11079,1.1117,1.1107,1.11155
2024-08-23 00:00:00,1.11152,1.1128,1.11123,1.11243
2024-08-23 04:00:00,1.11244,1.11314,1.1112,1.11186
2024-08-23 08:00:00,1.11188,1.11269,1.11103,1.11185
2024-08-23 12:00:00,1.11182,1.1195599999999999,1.11048,1.1175
2024-08-23 16:00:00,1.11751,1.12004,1.1164,1.11909
2024-08-23 20:00:00,1.11907,1.11938,1.11871,1.11925
2024-08-25 20:00:00,1.11884,1.11936,1.1186,1.11888
2024-08-26 00:00:00,1.11891,1.12013,1.11812,1.11831
2024-08-26 04:00:00,1.11832,1.11889,1.11754,1.11806
2024-08-26 08:00:00,1.11805,1.11844,1.11625,1.11651
2024-08-26 12:00:00,1.11648,1.11783,1.1149499999999999,1.11634
2024-08-26 16:00:00,1.11631,1.11748,1.11584,1.11591
2024-08-26 20:00:00,1.11593,1.11667,1.11581,1.11639
2024-08-27 00:00:00,1.11641,1.11701,1.11592,1.11664
2024-08-27 04:00:00,1.11665,1.11724,1.11611,1.11636
2024-08-27 08:00:00,1.11633,1.11784,1.116,1.11602
2024-08-27 12:00:00,1.11604,1.11715,1.11494,1.11595
2024-08-27 16:00:00,1.11596,1.11902,1.11591,1.11838
2024-08-27 20:00:00,1.1184,1.11853,1.11743,1.11766
2024-08-28 00:00:00,1.11767,1.11797,1.1162,1.11655
2024-08-28 04:00:00,1.11652,1.11676,1.11345,1.11557
2024-08-28 08:00:00,1.11555,1.11589,1.11169,1.11203
2024-08-28 12:00:00,1.11205,1.11372,1.11046,1.11255
2024-08-28 16:00:00,1.11256,1.11259,1.11047,1.11128
2024-08-28 20:00:00,1.11126,1.11256,1.11119,1.11241
2024-08-29 00:00:00,1.11239,1.11352,1.11239,1.11352
2024-08-29 04:00:00,1.1135,1.11394,1.11159,1.11295
2024-08-29 08:00:00,1.11292,1.11292,1.10717,1.10957
2024-08-29 12:00:00,1.10959,1.10976,1.10553,1.10843
2024-08-29 16:00:00,1.10845,1.10875,1.10743,1.10754
2024-08-29 20:00:00,1.10751,1.10829,1.10746,1.10796
2024-08-30 00:00:00,1.108,1.10826,1.10694,1.10733
2024-08-30 04:00:00,1.10732,1.10885,1.10713,1.10837
2024-08-30 08:00:00,1.10838,1.10945,1.10734,1.10812
2024-08-30 12:00:00,1.10814,1.10877,1.10525,1.10592
2024-08-30 16:00:00,1.1059,1.10595,1.10434,1.1052
2024-08-30 20:00:00,1.10518,1.10548,1.1047,1.10474
2024-09-01 20:00:00,1.10468,1.10494,1.10437,1.10442
2024-09-02 00:00:00,1.10443,1.10551,1.10414,1.10481
2024-09-02 04:00:00,1.10482,1.10698,1.10435,1.10662
2024-09-02 08:00:00,1.10661,1.10769,1.10593,1.10594
2024-09-02 12:00:00,1.10594,1.10715,1.10581,1.10673
2024-09-02 16:00:00,1.10673,1.10723,1.1062,1.10717
2024-09-02 20:00:00,1.10717,1.10726,1.10643,1.1067
2024-09-03 00:00:00,1.1067,1.10697,1.1057,1.10578
2024-09-03 04:00:00,1.10578,1.10671,1.10506,1.10558
2024-09-03 08:00:00,1.10556,1.10593,1.10326,1.1036
2024-09-03 12:00:00,1.10361,1.10694,1.10333,1.1042
2024-09-03 16:00:00,1.10418,1.10466,1.10259,1.10412
2024-09-03 20:00:00,1.10414,1.105,1.10389,1.1048
2024-09-04 00:00:00,1.10478,1.10558,1.10459,1.10534
2024-09-04 04:00:00,1.10534,1.1062400000000001,1.10464,1.10558
2024-09-04 08:00:00,1.10555,1.10584,1.1042399999999999,1.10498
2024-09-04 12:00:00,1.10498,1.10949,1.10396,1.10803
2024-09-04 16:00:00,1.10802,1.10864,1.10648,1.10776
2024-09-04 20:00:00,1.10779,1.10859,1.1075,1.10798
2024-09-05 00:00:00,1.10798,1.1085,1.10754,1.10767
2024-09-05 04:00:00,1.10768,1.109,1.10743,1.10866
2024-09-05 08:00:00,1.10868,1.11078,1.10837,1.10949
2024-09-05 12:00:00,1.10951,1.11195,1.10759,1.10947
2024-09-05 16:00:00,1.10949,1.11128,1.10949,1.1103
2024-09-05 20:00:00,1.11033,1.11121,1.11033,1.11108
2024-09-06 00:00:00,1.11108,1.11157,1.11087,1.11148
2024-09-06 04:00:00,1.11148,1.11205,1.11105,1.11153
2024-09-06 08:00:00,1.11155,1.11203,1.11023,1.11066
2024-09-06 12:00:00,1.11069,1.11546,1.10653,1.10854
2024-09-06 16:00:00,1.10852,1.10891,1.10692,1.10879
2024-09-06 20:00:00,1.10881,1.10883,1.10842,1.1085099999999999
2024-09-08 20:00:00,1.10817,1.10905,1.10809,1.10863
2024-09-09 00:00:00,1.10864,1.10906,1.10784,1.10794
2024-09-09 04:00:00,1.10795,1.108,1.10544,1.10589
2024-09-09 08:00:00,1.10586,1.10622,1.10353,1.10446
2024-09-09 12:00:00,1.10446,1.10515,1.10335,1.10409
2024-09-09 16:00:00,1.10409,1.10532,1.10371,1.1038000000000001
2024-09-09 20:00:00,1.10378,1.10395,1.1032,1.1035
2024-09-10 00:00:00,1.1035,1.10387,1.10279,1.10378
2024-09-10 04:00:00,1.10379,1.10492,1.10332,1.10366
2024-09-10 08:00:00,1.10366,1.10434,1.10262,1.10308
2024-09-10 12:00:00,1.10305,1.10364,1.10147,1.10246
2024-09-10 16:00:00,1.10245,1.10284,1.10202,1.10264
2024-09-10 20:00:00,1.10263,1.10267,1.10166,1.102
2024-09-11 00:00:00,1.10198,1.10439,1.10164,1.1038000000000001
2024-09-11 04:00:00,1.1038000000000001,1.10516,1.10376,1.10407
2024-09-11 08:00:00,1.10406,1.10545,1.1036299999999999,1.1043
2024-09-11 12:00:00,1.10429,1.10484,1.10015,1.10117
2024-09-11 16:00:00,1.10116,1.10261,1.10093,1.1017
2024-09-11 20:00:00,1.10172,1.10178,1.10083,1.101
2024-09-12 00:00:00,1.101,1.1013600000000001,1.10057,1.10134
2024-09-12 04:00:00,1.10134,1.10233,1.10056,1.1007500000000001
2024-09-12 08:00:00,1.10073,1.1023,1.10051,1.10135
2024-09-12 12:00:00,1.10135,1.10467,1.10097,1.10396
2024-09-12 16:00:00,1.10396,1.10711,1.10367,1.107
2024-09-12 20:00:00,1.10701,1.10786,1.10679,1.10784
2024-09-13 00:00:00,1.10781,1.10898,1.10771,1.10866
2024-09-13 04:00:00,1.10866,1.10935,1.10727,1.10919
2024-09-13 08:00:00,1.10919,1.11003,1.10807,1.10839
2024-09-13 12:00:00,1.1084100000000001,1.11014,1.10789,1.1084100000000001
2024-09-13 16:00:00,1.10844,1.10854,1.10758,1.10774
2024-09-13 20:00:00,1.10773,1.10779,1.10722,1.10752
2024-09-15 20:00:00,1.1076,1.10891,1.10714,1.10868
2024-09-16 00:00:00,1.1087,1.11045,1.10863,1.11036
2024-09-16 04:00:00,1.11033,1.11195,1.10953,1.1114600000000001
2024-09-16 08:00:00,1.11145,1.1129,1.11132,1.11232
2024-09-16 12:00:00,1.11232,1.11371,1.11162,1.1122
2024-09-16 16:00:00,1.1122,1.11295,1.11158,1.11283
2024-09-16 20:00:00,1.11284,1.11331,1.1123,1.11286
2024-09-17 00:00:00,1.11286,1.11309,1.11215,1.11236
2024-09-17 04:00:00,1.11236,1.11375,1.11154,1.1136
2024-09-17 08:00:00,1.11358,1.11458,1.11297,1.1138
2024-09-17 12:00:00,1.11382,1.11433,1.11112,1.11171
2024-09-17 16:00:00,1.11168,1.11231,1.11101,1.11156
2024-09-17 20:00:00,1.11156,1.11234,1.11107,1.11214
2024-09-18 00:00:00,1.11214,1.113,1.1121,1.11257
2024-09-18 04:00:00,1.11257,1.11308,1.11149,1.11305
2024-09-18 08:00:00,1.11307,1.11393,1.1122,1.11241
2024-09-18 12:00:00,1.11243,1.11396,1.11078,1.11153
2024-09-18 16:00:00,1.11151,1.11887,1.10964,1.11053
2024-09-18 20:00:00,1.11056,1.11235,1.11038,1.11135
2024-09-19 00:00:00,1.11137,1.11186,1.1068,1.11179
2024-09-19 04:00:00,1.1118,1.11527,1.11144,1.11452
2024-09-19 08:00:00,1.1145100000000001,1.11782,1.11443,1.11575
2024-09-19 12:00:00,1.11576,1.11579,1.1116,1.11461
2024-09-19 16:00:00,1.11463,1.11674,1.11445,1.1161699999999999
2024-09-19 20:00:00,1.1161699999999999,1.11639,1.11572,1.11589
2024-09-20 00:00:00,1.11589,1.11687,1.11568,1.11654
2024-09-20 04:00:00,1.11654,1.11814,1.1159,1.11623
2024-09-20 08:00:00,1.11621,1.11687,1.11521,1.11612
2024-09-20 12:00:00,1.11612,1.11764,1.11356,1.11584
2024-09-20 16:00:00,1.11585,1.11756,1.11568,1.11615
2024-09-20 20:00:00,1.11614,1.11633,1.11558,1.11626
2024-09-22 20:00:00,1.11602,1.11644,1.1157,1.11587
2024-09-23 00:00:00,1.11585,1.11645,1.11552,1.11612
2024-09-23 04:00:00,1.11612,1.1166800000000001,1.10974,1.11016
2024-09-23 08:00:00,1.1101,1.11252,1.10828,1.11192
2024-09-23 12:00:00,1.11191,1.11429,1.11081,1.11298
2024-09-23 16:00:00,1.11296,1.11296,1.11116,1.11144
2024-09-23 20:00:00,1.11144,1.11144,1.11072,1.11106
2024-09-24 00:00:00,1.11105,1.11135,1.11029,1.11122
2024-09-24 04:00:00,1.11122,1.11317,1.11039,1.1127
2024-09-24 08:00:00,1.1126800000000001,1.11456,1.11216,1.11288
2024-09-24 12:00:00,1.11289,1.11631,1.11286,1.11496
2024-09-24 16:00:00,1.1149499999999999,1.11764,1.11487,1.11763
2024-09-24 20:00:00,1.11762,1.11905,1.11745,1.11903
2024-09-25 00:00:00,1.11903,1.11983,1.1185,1.11974
2024-09-25 04:00:00,1.11975,1.11982,1.11853,1.1191200000000001
2024-09-25 08:00:00,1.1191200000000001,1.1197,1.11777,1.11952
2024-09-25 12:00:00,1.11953,1.12137,1.11412,1.1143
2024-09-25 16:00:00,1.11428,1.11474,1.1121,1.11258
2024-09-25 20:00:00,1.1126,1.11327,1.11245,1.11292
2024-09-26 00:00:00,1.11292,1.11447,1.11287,1.11401
2024-09-26 04:00:00,1.11402,1.11574,1.11334,1.11347
2024-09-26 08:00:00,1.11344,1.11612,1.11252,1.11537
2024-09-26 12:00:00,1.11537,1.11889,1.11253,1.11824
2024-09-26 16:00:00,1.11822,1.11837,1.11659,1.11776
2024-09-26 20:00:00,1.11778,1.11784,1.11724,1.11764
2024-09-27 00:00:00,1.11764,1.11773,1.11622,1.11687
2024-09-27 04:00:00,1.11687,1.11755,1.11242,1.11326
2024-09-27 08:00:00,1.11326,1.11705,1.11259,1.11622
2024-09-27 12:00:00,1.11621,1.12026,1.11537,1.11583
2024-09-27 16:00:00,1.11581,1.11674,1.1146,1.11637
2024-09-27 20:00:00,1.11635,1.11673,1.11588,1.11632
2024-09-29 20:00:00,1.11576,1.11721,1.11566,1.11686
2024-09-30 00:00:00,1.11686,1.11734,1.11558,1.11577
2024-09-30 04:00:00,1.11577,1.1175,1.11557,1.11719
2024-09-30 08:00:00,1.11721,1.12087,1.11721,1.1197
2024-09-30 12:00:00,1.11972,1.12007,1.11346,1.11439
2024-09-30 16:00:00,1.11441,1.11622,1.11133,1.11323
2024-09-30 20:00:00,1.11325,1.11422,1.11297,1.11362
2024-10-01 00:00:00,1.11363,1.11429,1.1126800000000001,1.1137299999999999
2024-10-01 04:00:00,1.11374,1.11436,1.11112,1.11148
2024-10-01 08:00:00,1.1115,1.11196,1.10783,1.10844
2024-10-01 12:00:00,1.10843,1.10883,1.10572,1.1066
2024-10-01 16:00:00,1.10658,1.10768,1.10453,1.10671
2024-10-01 20:00:00,1.10673,1.10723,1.10632,1.10642
2024-10-02 00:00:00,1.10643,1.10736,1.10629,1.10701
2024-10-02 04:00:00,1.10701,1.10734,1.10535,1.1066
2024-10-02 08:00:00,1.1066,1.10824,1.1060699999999999,1.10751
2024-10-02 12:00:00,1.10753,1.10769,1.10324,1.1049
2024-10-02 16:00:00,1.10491,1.10544,1.10365,1.10483
2024-10-02 20:00:00,1.10481,1.1052,1.10411,1.10456
2024-10-03 00:00:00,1.10455,1.10463,1.10315,1.10353
2024-10-03 04:00:00,1.10355,1.10417,1.10245,1.10326
2024-10-03 08:00:00,1.10326,1.10462,1.1029,1.10425
2024-10-03 12:00:00,1.10423,1.10463,1.1008,1.10144
2024-10-03 16:00:00,1.1014599999999999,1.10357,1.10137,1.10281
2024-10-03 20:00:00,1.10283,1.1037,1.10256,1.10346
2024-10-04 00:00:00,1.10346,1.10391,1.1025,1.1026799999999999
2024-10-04 04:00:00,1.1026799999999999,1.10351,1.10246,1.10277
2024-10-04 08:00:00,1.10277,1.10366,1.10196,1.1031900000000001
2024-10-04 12:00:00,1.1031900000000001,1.10326,1.09544,1.09604
2024-10-04 16:00:00,1.09605,1.09772,1.09509,1.09758
2024-10-04 20:00:00,1.0976,1.09772,1.0972,1.09743
2024-10-06 20:00:00,1.09663,1.09714,1.09609,1.09702
2024-10-07 00:00:00,1.09701,1.09773,1.09679,1.09718
2024-10-07 04:00:00,1.09718,1.09732,1.09578,1.09691
2024-10-07 08:00:00,1.09693,1.09803,1.0954,1.09765
2024-10-07 12:00:00,1.09767,1.09845,1.09692,1.09754
2024-10-07 16:00:00,1.09753,1.09864,1.09654,1.0971899999999999
2024-10-07 20:00:00,1.09717,1.09786,1.09704,1.0974
2024-10-08 00:00:00,1.0974,1.09866,1.09725,1.09829
2024-10-08 04:00:00,1.09828,1.09952,1.09781,1.09948
2024-10-08 08:00:00,1.0995,1.09968,1.09781,1.09872
2024-10-08 12:00:00,1.09872,1.09894,1.09605,1.09693
2024-10-08 16:00:00,1.09693,1.09777,1.09654,1.09773
2024-10-08 20:00:00,1.09771,1.09805,1.09747,1.09753
2024-10-09 00:00:00,1.09751,1.09782,1.09665,1.09673
2024-10-09 04:00:00,1.09673,1.09755,1.09506,1.09599
2024-10-09 08:00:00,1.096,1.09702,1.09528,1.09538
2024-10-09 12:00:00,1.09538,1.09592,1.09393,1.09506
2024-10-09 16:00:00,1.09505,1.09505,1.09357,1.09379
2024-10-09 20:00:00,1.0937999999999999,1.09425,1.09363,1.09413
2024-10-10 00:00:00,1.09413,1.09455,1.09385,1.0943100000000001
2024-10-10 04:00:00,1.0943100000000001,1.09442,1.09326,1.09371
2024-10-10 08:00:00,1.09373,1.09393,1.09267,1.09303
2024-10-10 12:00:00,1.09304,1.09539,1.09072,1.09245
2024-10-10 16:00:00,1.09247,1.09341,1.08998,1.09338
2024-10-10 20:00:00,1.0934,1.09373,1.09316,1.09331
2024-10-11 00:00:00,1.0933,1.09403,1.09293,1.0939
2024-10-11 04:00:00,1.0939,1.09449,1.09318,1.0944099999999999
2024-10-11 08:00:00,1.0944,1.09536,1.0927,1.09306
2024-10-11 12:00:00,1.09307,1.0952,1.09257,1.09409
2024-10-11 16:00:00,1.0941,1.09472,1.09327,1.09329
2024-10-11 20:00:00,1.09327,1.09378,1.0932,1.09357
2024-10-13 20:00:00,1.09311,1.09322,1.09219,1.09229
2024-10-14 00:00:00,1.09229,1.09288,1.0915,1.09253
2024-10-14 04:00:00,1.09253,1.09307,1.09219,1.09279
2024-10-14 08:00:00,1.0928,1.09362,1.09086,1.09125
2024-10-14 12:00:00,1.09124,1.09268,1.09041,1.09066
2024-10-14 16:00:00,1.09066,1.09084,1.08876,1.09033
2024-10-14 20:00:00,1.0903100000000001,1.09099,1.09024,1.09086
2024-10-15 00:00:00,1.09089,1.09094,1.08954,1.08963
2024-10-15 04:00:00,1.08963,1.08982,1.08845,1.0898
2024-10-15 08:00:00,1.0898,1.09156,1.08965,1.09006
2024-10-15 12:00:00,1.09008,1.09166,1.08979,1.08988
2024-10-15 16:00:00,1.08987,1.0902,1.08814,1.08867
2024-10-15 20:00:00,1.08865,1.08925,1.08825,1.08829
2024-10-16 00:00:00,1.08828,1.08952,1.08817,1.08905
2024-10-16 04:00:00,1.08905,1.08929,1.08747,1.08819
2024-10-16 08:00:00,1.08819,1.08967,1.08774,1.08941
2024-10-16 12:00:00,1.08941,1.09013,1.08658,1.08722
2024-10-16 16:00:00,1.08721,1.08762,1.08528,1.08575
2024-10-16 20:00:00,1.08573,1.08666,1.08561,1.08586
2024-10-17 00:00:00,1.08586,1.08646,1.08507,1.08524
2024-10-17 04:00:00,1.08525,1.08579,1.08485,1.08542
2024-10-17 08:00:00,1.08542,1.08668,1.08486,1.08627
2024-10-17 12:00:00,1.08628,1.0873,1.08106,1.08362
2024-10-17 16:00:00,1.08364,1.08367,1.08205,1.08275
2024-10-17 20:00:00,1.08274,1.08327,1.0825,1.08287
2024-10-18 00:00:00,1.08288,1.08392,1.08268,1.08382
2024-10-18 04:00:00,1.08382,1.08483,1.08364,1.08407
2024-10-18 08:00:00,1.08408,1.08516,1.08338,1.08477
2024-10-18 12:00:00,1.08478,1.0864,1.08459,1.08531
2024-10-18 16:00:00,1.08531,1.08678,1.08525,1.08634
2024-10-18 20:00:00,1.08633,1.08693,1.08625,1.08673
2024-10-20 20:00:00,1.08602,1.08694,1.08587,1.08678
2024-10-21 00:00:00,1.08679,1.08685,1.08633,1.08657
2024-10-21 04:00:00,1.08657,1.08658,1.08456,1.08478
2024-10-21 08:00:00,1.08478,1.08578,1.08443,1.08551
2024-10-21 12:00:00,1.08552,1.08587,1.08194,1.08197
2024-10-21 16:00:00,1.08197,1.08228,1.08107,1.0815
2024-10-21 20:00:00,1.08149,1.08173,1.08112,1.08152
2024-10-22 00:00:00,1.08151,1.0821,1.08139,1.08188
2024-10-22 04:00:00,1.08186,1.08376,1.08175,1.0836
2024-10-22 08:00:00,1.08359,1.08366,1.08138,1.08173
2024-10-22 12:00:00,1.08173,1.08215,1.08003,1.08043
2024-10-22 16:00:00,1.08042,1.08138,1.07936,1.07944
2024-10-22 20:00:00,1.07944,1.08,1.07922,1.07961
2024-10-23 00:00:00,1.07959,1.08048,1.07919,1.08018
2024-10-23 04:00:00,1.08019,1.08062,1.07802,1.07816
2024-10-23 08:00:00,1.07814,1.0791,1.07627,1.0763
2024-10-23 12:00:00,1.07631,1.07857,1.07607,1.07785
2024-10-23 16:00:00,1.07785,1.07862,1.07669,1.07853
2024-10-23 20:00:00,1.07852,1.07859,1.07789,1.07798
2024-10-24 00:00:00,1.07799,1.07894,1.07792,1.07865
2024-10-24 04:00:00,1.07866,1.07983,1.07702,1.07955
2024-10-24 08:00:00,1.07954,1.0808,1.07917,1.07946
2024-10-24 12:00:00,1.07947,1.08108,1.07882,1.08044
2024-10-24 16:00:00,1.08047,1.08285,1.0802100000000001,1.08285
2024-10-24 20:00:00,1.08287,1.08295,1.08224,1.08234
2024-10-25 00:00:00,1.08234,1.08272,1.08195,1.08215
2024-10-25 04:00:00,1.08215,1.08271,1.08134,1.08241
2024-10-25 08:00:00,1.08239,1.08366,1.08209,1.08213
2024-10-25 12:00:00,1.08212,1.0839,1.08104,1.08119
2024-10-25 16:00:00,1.08119,1.08119,1.07927,1.07954
2024-10-25 20:00:00,1.07957,1.0796999999999999,1.07942,1.07953
2024-10-27 20:00:00,1.07919,1.08015,1.07849,1.07958
2024-10-28 00:00:00,1.07957,1.08009,1.07818,1.07827
2024-10-28 04:00:00,1.07827,1.08053,1.07818,1.08036
2024-10-28 08:00:00,1.08035,1.08209,1.08003,1.08191
2024-10-28 12:00:00,1.08189,1.08274,1.08125,1.08183
2024-10-28 16:00:00,1.08183,1.08257,1.08097,1.0815
2024-10-28 20:00:00,1.08151,1.08172,1.08084,1.08171
2024-10-29 00:00:00,1.08172,1.08189,1.08056,1.08075
2024-10-29 04:00:00,1.08075,1.08157,1.08053,1.08091
2024-10-29 08:00:00,1.0809,1.08259,1.07964,1.07989
2024-10-29 12:00:00,1.07986,1.08116,1.07682,1.07973
2024-10-29 16:00:00,1.07972,1.08158,1.07918,1.08134
2024-10-29 20:00:00,1.08133,1.08214,1.08127,1.08195
2024-10-30 00:00:00,1.08194,1.08257,1.08131,1.08136
2024-10-30 04:00:00,1.08136,1.0826,1.08127,1.08186
2024-10-30 08:00:00,1.0818699999999999,1.0859,1.0818699999999999,1.0824
2024-10-30 12:00:00,1.08238,1.08664,1.08075,1.08631
2024-10-30 16:00:00,1.08629,1.0871,1.08531,1.08602
2024-10-30 20:00:00,1.0860400000000001,1.08616,1.08531,1.08576
2024-10-31 00:00:00,1.08576,1.08591,1.08439,1.08496
2024-10-31 04:00:00,1.08496,1.0863,1.08447,1.08584
2024-10-31 08:00:00,1.08587,1.08749,1.08507,1.08677
2024-10-31 12:00:00,1.08679,1.08876,1.08457,1.08552
2024-10-31 16:00:00,1.08549,1.08778,1.08532,1.08768
2024-10-31 20:00:00,1.0877,1.0886,1.08765,1.08833
2024-11-01 00:00:00,1.08834,1.08883,1.08747,1.0876
2024-11-01 04:00:00,1.08759,1.0878700000000001,1.08676,1.08676
2024-11-01 08:00:00,1.08674,1.08689,1.08518,1.08674
2024-11-01 12:00:00,1.08674,1.09051,1.08467,1.0848200000000001
2024-11-01 16:00:00,1.0848200000000001,1.0854,1.08339,1.08356
2024-11-01 20:00:00,1.08357,1.08368,1.08314,1.08333
2024-11-03 20:00:00,1.08781,1.08812,1.08717,1.08724
2024-11-04 00:00:00,1.08724,1.09046,1.08694,1.0901
2024-11-04 04:00:00,1.09008,1.09025,1.08869,1.08908
2024-11-04 08:00:00,1.08908,1.09137,1.0889,1.0913
2024-11-04 12:00:00,1.09128,1.09143,1.08931,1.08989
2024-11-04 16:00:00,1.0899,1.09008,1.08772,1.08784
2024-11-04 20:00:00,1.08785,1.08811,1.08731,1.08733
2024-11-05 00:00:00,1.08734,1.08796,1.08719,1.08754
2024-11-05 04:00:00,1.08754,1.08902,1.0874,1.0888
2024-11-05 08:00:00,1.08882,1.09015,1.08837,1.08989
2024-11-05 12:00:00,1.08991,1.09118,1.0889199999999999,1.09016
2024-11-05 16:00:00,1.09016,1.0936,1.09007,1.09305
2024-11-05 20:00:00,1.09307,1.09369,1.09115,1.09336
2024-11-06 00:00:00,1.09336,1.09336,1.07183,1.07462
2024-11-06 04:00:00,1.0746,1.07941,1.0702,1.07341
2024-11-06 08:00:00,1.07338,1.07809,1.07008,1.07079
2024-11-06 12:00:00,1.07077,1.07394,1.0682,1.0737700000000001
2024-11-06 16:00:00,1.07375,1.07577,1.07251,1.07348
2024-11-06 20:00:00,1.07348,1.0738,1.07249,1.07314
2024-11-07 00:00:00,1.07314,1.07411,1.07125,1.07394
2024-11-07 04:00:00,1.07394,1.07696,1.0734,1.07517
2024-11-07 08:00:00,1.07519,1.07712,1.07457,1.07586
2024-11-07 12:00:00,1.07585,1.0824799999999999,1.07563,1.08104
2024-11-07 16:00:00,1.08102,1.08144,1.0766499999999999,1.07816
2024-11-07 20:00:00,1.07813,1.08091,1.07796,1.07952
2024-11-08 00:00:00,1.07952,1.07971,1.07766,1.07779
2024-11-08 04:00:00,1.07779,1.07861,1.07723,1.07795
2024-11-08 08:00:00,1.07792,1.0796999999999999,1.0760399999999999,1.07827
2024-11-08 12:00:00,1.07829,1.07842,1.07396,1.0748
2024-11-08 16:00:00,1.07477,1.075,1.06864,1.07131
2024-11-08 20:00:00,1.07128,1.07209,1.07102,1.07179
2024-11-10 20:00:00,1.07085,1.07166,1.07041,1.07128
2024-11-11 00:00:00,1.0713,1.07275,1.0708199999999999,1.07166
2024-11-11 04:00:00,1.07166,1.07219,1.06856,1.06898
2024-11-11 08:00:00,1.069,1.06942,1.06553,1.06622
2024-11-11 12:00:00,1.06623,1.06643,1.0628,1.06467
2024-11-11 16:00:00,1.06469,1.06568,1.06442,1.06506
2024-11-11 20:00:00,1.06507,1.06627,1.06499,1.06626
2024-11-12 00:00:00,1.06627,1.06627,1.0637699999999999,1.06381
2024-11-12 04:00:00,1.06381,1.06454,1.06211,1.0631599999999999
2024-11-12 08:00:00,1.06317,1.06337,1.06107,1.06186
2024-11-12 12:00:00,1.06187,1.06268,1.06013,1.06084
2024-11-12 16:00:00,1.06087,1.06181,1.05943,1.06121
2024-11-12 20:00:00,1.06118,1.06262,1.0609,1.06163
2024-11-13 00:00:00,1.06163,1.06289,1.06107,1.06188
2024-11-13 04:00:00,1.06188,1.06224,1.0602,1.06027
2024-11-13 08:00:00,1.06026,1.0637699999999999,1.0593,1.0637
2024-11-13 12:00:00,1.06372,1.06534,1.05554,1.05883
2024-11-13 16:00:00,1.05885,1.05917,1.0556,1.0565
2024-11-13 20:00:00,1.05651,1.05685,1.05537,1.05654
2024-11-14 00:00:00,1.05654,1.05683,1.0545,1.05473
2024-11-14 04:00:00,1.05473,1.05544,1.05335,1.05509
2024-11-14 08:00:00,1.05509,1.05576,1.04956,1.05284
2024-11-14 12:00:00,1.05283,1.05773,1.05133,1.05744
2024-11-14 16:00:00,1.05742,1.05823,1.05431,1.05473
2024-11-14 20:00:00,1.05473,1.05485,1.05116,1.05293
2024-11-15 00:00:00,1.05293,1.05457,1.05231,1.05397
2024-11-15 04:00:00,1.05396,1.05635,1.05332,1.0556
2024-11-15 08:00:00,1.05559,1.05796,1.05518,1.0576699999999999
2024-11-15 12:00:00,1.0576699999999999,1.05926,1.05226,1.05347
2024-11-15 16:00:00,1.05348,1.05597,1.05325,1.05368
2024-11-15 20:00:00,1.05366,1.05376,1.05159,1.05375
2024-11-17 20:00:00,1.05272,1.05374,1.05271,1.05361
2024-11-18 00:00:00,1.05363,1.05503,1.05299,1.05335
2024-11-18 04:00:00,1.05337,1.05478,1.05332,1.05466
2024-11-18 08:00:00,1.05466,1.05707,1.0532,1.05417
2024-11-18 12:00:00,1.0542,1.05752,1.05343,1.0573
2024-11-18 16:00:00,1.0573,1.06068,1.05647,1.05904
2024-11-18 20:00:00,1.05903,1.06003,1.05886,1.05941
2024-11-19 00:00:00,1.05941,1.06004,1.05869,1.05965
2024-11-19 04:00:00,1.05965,1.06002,1.05741,1.05772
2024-11-19 08:00:00,1.0577,1.05876,1.05227,1.05614
2024-11-19 12:00:00,1.05616,1.06006,1.05589,1.05863
2024-11-19 16:00:00,1.05865,1.05949,1.0570599999999999,1.05931
2024-11-19 20:00:00,1.05931,1.06074,1.05907,1.06066
2024-11-20 00:00:00,1.06066,1.06093,1.05881,1.05895
2024-11-20 04:00:00,1.05895,1.0594999999999999,1.05761,1.0578
2024-11-20 08:00:00,1.05779,1.05788,1.05416,1.0554
2024-11-20 12:00:00,1.05543,1.05675,1.05151,1.05212
2024-11-20 16:00:00,1.05213,1.0542,1.05061,1.0539
2024-11-20 20:00:00,1.05389,1.05454,1.05356,1.05452
2024-11-21 00:00:00,1.05452,1.05528,1.05418,1.05526
2024-11-21 04:00:00,1.05526,1.05545,1.05292,1.05359
2024-11-21 08:00:00,1.05362,1.05428,1.05132,1.052
2024-11-21 12:00:00,1.05202,1.05444,1.05086,1.051
2024-11-21 16:00:00,1.05102,1.05145,1.04617,1.0484
2024-11-21 20:00:00,1.04838,1.04863,1.04672,1.04685
2024-11-22 00:00:00,1.04683,1.04779,1.04659,1.04746
2024-11-22 04:00:00,1.04746,1.04888,1.04611,1.04856
2024-11-22 08:00:00,1.04859,1.04977,1.03316,1.04163
2024-11-22 12:00:00,1.04165,1.04345,1.03946,1.04102
2024-11-22 16:00:00,1.04103,1.04251,1.03916,1.04107
2024-11-22 20:00:00,1.04105,1.04199,1.04077,1.0418
2024-11-24 20:00:00,1.04747,1.05007,1.04608,1.04789
2024-11-25 00:00:00,1.04788,1.04898,1.04733,1.04775
2024-11-25 04:00:00,1.04775,1.04893,1.04493,1.04501
2024-11-25 08:00:00,1.04505,1.04969,1.04485,1.04789
2024-11-25 12:00:00,1.0479,1.05299,1.04736,1.04882
2024-11-25 16:00:00,1.04884,1.05102,1.04661,1.05054
2024-11-25 20:00:00,1.05054,1.05092,1.04423,1.0443500000000001
2024-11-26 00:00:00,1.04436,1.04797,1.04246,1.04775
2024-11-26 04:00:00,1.04775,1.049,1.04714,1.04714
2024-11-26 08:00:00,1.04716,1.05208,1.04695,1.0513
2024-11-26 12:00:00,1.05128,1.05446,1.0478,1.04795
2024-11-26 16:00:00,1.04796,1.04858,1.04567,1.04722
2024-11-26 20:00:00,1.04722,1.04914,1.04712,1.04911
2024-11-27 00:00:00,1.04913,1.04961,1.04774,1.04824
2024-11-27 04:00:00,1.04824,1.05048,1.0474,1.04978
2024-11-27 08:00:00,1.04978,1.05399,1.04956,1.05256
2024-11-27 12:00:00,1.05256,1.05796,1.05196,1.05701
2024-11-27 16:00:00,1.05699,1.05871,1.05545,1.05627
2024-11-27 20:00:00,1.05626,1.05692,1.0559,1.05618
2024-11-28 00:00:00,1.05618,1.05624,1.05472,1.05518
2024-11-28 04:00:00,1.05521,1.05576,1.05315,1.05411
2024-11-28 08:00:00,1.05407,1.05561,1.05273,1.05496
2024-11-28 12:00:00,1.05494,1.05566,1.05299,1.05521
2024-11-28 16:00:00,1.05518,1.05564,1.05471,1.05563
2024-11-28 20:00:00,1.05563,1.05619,1.05481,1.05596
2024-11-29 00:00:00,1.05596,1.05754,1.05561,1.05733
2024-11-29 04:00:00,1.05733,1.0596700000000001,1.05646,1.05792
2024-11-29 08:00:00,1.05793,1.05818,1.05516,1.05622
2024-11-29 12:00:00,1.05625,1.0568,1.05452,1.05612
2024-11-29 16:00:00,1.05615,1.05792,1.05411,1.05788
2024-11-29 20:00:00,1.05788,1.05837,1.05741,1.05764
2024-12-01 20:00:00,1.05682,1.05704,1.0533,1.05436
2024-12-02 00:00:00,1.05436,1.05462,1.05195,1.05231
2024-12-02 04:00:00,1.05231,1.05368,1.05016,1.05025
2024-12-02 08:00:00,1.05023,1.05283,1.04956,1.05227
2024-12-02 12:00:00,1.05225,1.0538,1.04615,1.04688
2024-12-02 16:00:00,1.0469,1.04984,1.04601,1.04897
2024-12-02 20:00:00,1.04897,1.05154,1.04884,1.05003
2024-12-03 00:00:00,1.0500099999999999,1.05011,1.04819,1.049
2024-12-03 04:00:00,1.049,1.05112,1.04802,1.04979
2024-12-03 08:00:00,1.04976,1.05304,1.04969,1.05222
2024-12-03 12:00:00,1.05221,1.05286,1.04917,1.05159
2024-12-03 16:00:00,1.05162,1.05347,1.05026,1.05044
2024-12-03 20:00:00,1.05042,1.05122,1.04991,1.05097
2024-12-04 00:00:00,1.05097,1.05122,1.04875,1.04935
2024-12-04 04:00:00,1.04935,1.05285,1.04903,1.05087
2024-12-04 08:00:00,1.05085,1.05147,1.04822,1.05047
2024-12-04 12:00:00,1.05045,1.05436,1.04719,1.05293
2024-12-04 16:00:00,1.05294,1.05422,1.0507,1.05134
2024-12-04 20:00:00,1.05136,1.0517,1.05046,1.05121
2024-12-05 00:00:00,1.05122,1.05229,1.05078,1.05224
2024-12-05 04:00:00,1.05224,1.05382,1.05166,1.05349
2024-12-05 08:00:00,1.05348,1.0546,1.0521,1.05358
2024-12-05 12:00:00,1.05359,1.05891,1.05233,1.05718
2024-12-05 16:00:00,1.05715,1.05881,1.05566,1.05866
2024-12-05 20:00:00,1.05868,1.0588,1.05805,1.05859
2024-12-06 00:00:00,1.05859,1.05861,1.05656,1.05757
2024-12-06 04:00:00,1.05756,1.0584,1.0567,1.05832
2024-12-06 08:00:00,1.05832,1.05936,1.05709,1.05864
2024-12-06 12:00:00,1.05863,1.06289,1.05438,1.0563
2024-12-06 16:00:00,1.0563,1.0575,1.0542,1.05537
2024-12-06 20:00:00,1.0554,1.05692,1.05536,1.05672
2024-12-08 20:00:00,1.05567,1.05591,1.05534,1.05591
2024-12-09 00:00:00,1.05516,1.05562,1.05363,1.0537
2024-12-09 04:00:00,1.05369,1.05661,1.05318,1.05637
2024-12-09 08:00:00,1.0564,1.05849,1.05561,1.05686
2024-12-09 12:00:00,1.05686,1.05923,1.05575,1.05904
2024-12-09 16:00:00,1.05905,1.05939,1.05513,1.05549
2024-12-09 20:00:00,1.05551,1.05575,1.05467,1.0554
2024-12-10 00:00:00,1.05542,1.05611,1.05448,1.05563
2024-12-10 04:00:00,1.05563,1.05676,1.05464,1.05487
2024-12-10 08:00:00,1.05488,1.05513,1.05227,1.05309
2024-12-10 12:00:00,1.05311,1.05334,1.04981,1.05034
2024-12-10 16:00:00,1.05036,1.05307,1.04995,1.05266
2024-12-10 20:00:00,1.05264,1.05313,1.05233,1.05306
2024-12-11 00:00:00,1.05308,1.05388,1.05271,1.05279
2024-12-11 04:00:00,1.05278,1.053,1.04878,1.04886
2024-12-11 08:00:00,1.04961,1.05121,1.04866,1.05031
2024-12-11 12:00:00,1.05031,1.05369,1.04797,1.04902
2024-12-11 16:00:00,1.04905,1.05116,1.04811,1.0491
2024-12-11 20:00:00,1.04911,1.0506,1.04878,1.05048
2024-12-12 00:00:00,1.05049,1.05083,1.05004,1.05048
2024-12-12 04:00:00,1.05048,1.05305,1.05028,1.05161
2024-12-12 08:00:00,1.0516,1.05204,1.0493999999999999,1.05019
2024-12-12 12:00:00,1.0502,1.05207,1.04632,1.04723
2024-12-12 16:00:00,1.04722,1.05169,1.04714,1.04722
2024-12-12 20:00:00,1.04725,1.04744,1.04607,1.04735
2024-12-13 00:00:00,1.04735,1.04804,1.04592,1.046
2024-12-13 04:00:00,1.046,1.04658,1.04527,1.0459
2024-12-13 08:00:00,1.04589,1.04955,1.0456,1.04884
2024-12-13 12:00:00,1.04882,1.05238,1.04817,1.04886
2024-12-13 16:00:00,1.04884,1.05056,1.04863,1.04949
2024-12-13 20:00:00,1.04951,1.05041,1.04922,1.05027
2024-12-15 20:00:00,1.04858,1.05105,1.04824,1.05091
2024-12-16 00:00:00,1.05091,1.05226,1.05087,1.05113
2024-12-16 04:00:00,1.05115,1.0521,1.05042,1.05047
2024-12-16 08:00:00,1.05044,1.0524499999999999,1.04828,1.049
2024-12-16 12:00:00,1.04903,1.05125,1.04743,1.05061
2024-12-16 16:00:00,1.0506,1.0522,1.0495,1.05095
2024-12-16 20:00:00,1.05098,1.05182,1.05045,1.05163
2024-12-17 00:00:00,1.05163,1.05342,1.05109,1.05121
2024-12-17 04:00:00,1.05121,1.05122,1.04953,1.04973
2024-12-17 08:00:00,1.04971,1.0500099999999999,1.04786,1.04911
2024-12-17 12:00:00,1.0491,1.05111,1.04876,1.04983
2024-12-17 16:00:00,1.04985,1.05154,1.04876,1.04881
2024-12-17 20:00:00,1.04881,1.04948,1.04848,1.04939
2024-12-18 00:00:00,1.04938,1.05033,1.04924,1.0499
2024-12-18 04:00:00,1.04988,1.0512299999999999,1.04933,1.04967
2024-12-18 08:00:00,1.04965,1.05029,1.04873,1.04963
2024-12-18 12:00:00,1.04964,1.05028,1.04694,1.04735
2024-12-18 16:00:00,1.04738,1.0492,1.03729,1.03773
2024-12-18 20:00:00,1.0377,1.03802,1.03435,1.03503
2024-12-19 00:00:00,1.03503,1.03903,1.03503,1.03779
2024-12-19 04:00:00,1.03777,1.04089,1.03744,1.03946
2024-12-19 08:00:00,1.03945,1.0422,1.03901,1.04032
2024-12-19 12:00:00,1.04032,1.04136,1.03764,1.03795
2024-12-19 16:00:00,1.03793,1.03841,1.03543,1.03609
2024-12-19 20:00:00,1.03612,1.03688,1.03584,1.03643
2024-12-20 00:00:00,1.03643,1.03688,1.03585,1.03617
2024-12-20 04:00:00,1.03619,1.03849,1.03427,1.03823
2024-12-20 08:00:00,1.03822,1.03979,1.03755,1.03912
2024-12-20 12:00:00,1.03914,1.04187,1.03855,1.03964
2024-12-20 16:00:00,1.03965,1.0447,1.03955,1.04443
2024-12-20 20:00:00,1.04441,1.04466,1.04217,1.0428
2024-12-22 20:00:00,1.04277,1.04433,1.04261,1.04333
2024-12-23 00:00:00,1.04334,1.04426,1.04266,1.04388
2024-12-23 04:00:00,1.04388,1.0445,1.04109,1.04124
2024-12-23 08:00:00,1.04123,1.0419100000000001,1.03862,1.03995
2024-12-23 12:00:00,1.03995,1.0408,1.03837,1.03905
2024-12-23 16:00:00,1.03903,1.0417399999999999,1.0389,1.04108
2024-12-23 20:00:00,1.04108,1.04138,1.04011,1.04039
2024-12-24 00:00:00,1.0404,1.04082,1.03883,1.03907
2024-12-24 04:00:00,1.03907,1.03982,1.03898,1.03902
2024-12-24 08:00:00,1.03903,1.04052,1.03888,1.03944
2024-12-24 12:00:00,1.03946,1.04095,1.03887,1.03915
2024-12-24 16:00:00,1.03914,1.03965,1.03831,1.03921
2024-12-24 20:00:00,1.0392,1.04,1.03888,1.03927
2024-12-25 20:00:00,1.03992,1.04028,1.03958,1.03986
2024-12-26 00:00:00,1.03986,1.04038,1.03926,1.04006
2024-12-26 04:00:00,1.04006,1.04023,1.03901,1.03971
2024-12-26 08:00:00,1.03969,1.04026,1.03909,1.04007
2024-12-26 12:00:00,1.04008,1.04147,1.03923,1.04085
2024-12-26 16:00:00,1.04083,1.04297,1.0406,1.0417399999999999
2024-12-26 20:00:00,1.04172,1.04244,1.04152,1.04214
2024-12-27 00:00:00,1.04214,1.04234,1.04063,1.04123
2024-12-27 04:00:00,1.04123,1.04243,1.04047,1.04215
2024-12-27 08:00:00,1.04212,1.04403,1.04086,1.04381
2024-12-27 12:00:00,1.04382,1.0443500000000001,1.04155,1.04216
2024-12-27 16:00:00,1.04217,1.0432,1.04142,1.04279
2024-12-27 20:00:00,1.04276,1.04281,1.04216,1.04253
2024-12-29 20:00:00,1.0427,1.04338,1.04254,1.04292
2024-12-30 00:00:00,1.04292,1.04309,1.04206,1.04243
2024-12-30 04:00:00,1.04243,1.0431,1.04207,1.04266
2024-12-30 08:00:00,1.04265,1.04518,1.0409,1.04477
2024-12-30 12:00:00,1.04473,1.04578,1.03713,1.03802
2024-12-30 16:00:00,1.03802,1.04067,1.03744,1.03964
2024-12-30 20:00:00,1.03963,1.04061,1.03949,1.04052
2024-12-31 00:00:00,1.04052,1.04144,1.03968,1.04083
2024-12-31 04:00:00,1.04083,1.04125,1.03991,1.04112
2024-12-31 08:00:00,1.04115,1.0424,1.04049,1.04099
2024-12-31 12:00:00,1.04099,1.04139,1.03522,1.03546
2024-12-31 16:00:00,1.03544,1.03642,1.03434,1.03542
2024-12-31 20:00:00,1.03543,1.03627,1.03522,1.03526
2025-01-01 20:00:00,1.03501,1.03565,1.03461,1.03507
2025-01-02 00:00:00,1.03508,1.03736,1.03433,1.03711
2025-01-02 04:00:00,1.03712,1.03751,1.03595,1.03624
2025-01-02 08:00:00,1.03626,1.03705,1.03132,1.03317
2025-01-02 12:00:00,1.03317,1.03338,1.0272,1.02737
2025-01-02 16:00:00,1.0274,1.02761,1.02235,1.0251
2025-01-02 20:00:00,1.02509,1.02684,1.02503,1.02676
2025-01-03 00:00:00,1.02675,1.02742,1.02653,1.02706
2025-01-03 04:00:00,1.02705,1.02844,1.02643,1.02805
2025-01-03 08:00:00,1.02805,1.02996,1.02724,1.02991
2025-01-03 12:00:00,1.02979,1.03054,1.02727,1.02886
2025-01-03 16:00:00,1.02888,1.03057,1.02831,1.03007
2025-01-03 20:00:00,1.03005,1.03094,1.02984,1.03083
2025-01-05 20:00:00,1.03038,1.03075,1.02959,1.03046
2025-01-06 00:00:00,1.03046,1.03179,1.02953,1.03161
2025-01-06 04:00:00,1.03161,1.03279,1.03074,1.03267
2025-01-06 08:00:00,1.03269,1.04325,1.0326,1.04213
2025-01-06 12:00:00,1.0421,1.04365,1.0352,1.0393
2025-01-06 16:00:00,1.03932,1.04025,1.03768,1.03877
2025-01-06 20:00:00,1.0388,1.03919,1.0381,1.0383
2025-01-07 00:00:00,1.03829,1.03924,1.03757,1.03923
2025-01-07 04:00:00,1.03923,1.04239,1.03899,1.04141
2025-01-07 08:00:00,1.04138,1.04341,1.04028,1.04128
2025-01-07 12:00:00,1.04128,1.04165,1.03549,1.03725
2025-01-07 16:00:00,1.03727,1.03809,1.03492,1.03549
2025-01-07 20:00:00,1.0354700000000001,1.03559,1.03357,1.03414
2025-01-08 00:00:00,1.03416,1.03544,1.03413,1.03472
2025-01-08 04:00:00,1.0347,1.03572,1.03282,1.0332
2025-01-08 08:00:00,1.03321,1.03395,1.02726,1.02973
2025-01-08 12:00:00,1.0297,1.03099,1.02804,1.03012
2025-01-08 16:00:00,1.03013,1.03239,1.02942,1.03088
2025-01-08 20:00:00,1.03088,1.0319,1.03075,1.03129
2025-01-09 00:00:00,1.03129,1.0321,1.03044,1.03111
2025-01-09 04:00:00,1.03108,1.03121,1.02875,1.02907
2025-01-09 08:00:00,1.02909,1.03173,1.02833,1.03005
2025-01-09 12:00:00,1.03005,1.03186,1.02942,1.02992
2025-01-09 16:00:00,1.02992,1.0302,1.02908,1.02979
2025-01-09 20:00:00,1.02978,1.03033,1.02946,1.0296
2025-01-10 00:00:00,1.0296,1.0304,1.02919,1.02982
2025-01-10 04:00:00,1.02982,1.02994,1.02807,1.02964
2025-01-10 08:00:00,1.02967,1.03114,1.02923,1.03013
2025-01-10 12:00:00,1.03014,1.03115,1.02127,1.02502
2025-01-10 16:00:00,1.025,1.02507,1.02271,1.0245
2025-01-10 20:00:00,1.0245,1.02485,1.02367,1.02448
2025-01-12 20:00:00,1.02371,1.02465,1.02358,1.02428
2025-01-13 00:00:00,1.02428,1.02496,1.02123,1.02149
2025-01-13 04:00:00,1.02151,1.02245,1.02071,1.02153
2025-01-13 08:00:00,1.0215,1.02308,1.01767,1.01953
2025-01-13 12:00:00,1.01952,1.02203,1.01875,1.01967
2025-01-13 16:00:00,1.01965,1.02209,1.01914,1.0207
2025-01-13 20:00:00,1.0207,1.0277,1.02067,1.02637
2025-01-14 00:00:00,1.02634,1.02636,1.0238,1.02481
2025-01-14 04:00:00,1.02482,1.02656,1.0242,1.02539
2025-01-14 08:00:00,1.02542,1.02743,1.02515,1.02534
2025-01-14 12:00:00,1.02532,1.02952,1.02391,1.02943
2025-01-14 16:00:00,1.02942,1.03049,1.02786,1.02977
2025-01-14 20:00:00,1.02978,1.03083,1.02959,1.03057
2025-01-15 00:00:00,1.03057,1.03057,1.02949,1.03014
2025-01-15 04:00:00,1.03013,1.03078,1.02864,1.03052
2025-01-15 08:00:00,1.03054,1.03166,1.02939,1.03008
2025-01-15 12:00:00,1.03009,1.03536,1.02932,1.03058
2025-01-15 16:00:00,1.03056,1.03074,1.02576,1.02929
2025-01-15 20:00:00,1.02928,1.02984,1.0286,1.02948
2025-01-16 00:00:00,1.02945,1.02994,1.02843,1.02885
2025-01-16 04:00:00,1.02885,1.03012,1.02805,1.02972
2025-01-16 08:00:00,1.02973,1.02996,1.02813,1.02896
2025-01-16 12:00:00,1.02896,1.03054,1.02601,1.03003
2025-01-16 16:00:00,1.03002,1.03147,1.02855,1.03015
2025-01-16 20:00:00,1.03013,1.0304,1.0296,1.03011
2025-01-17 00:00:00,1.03011,1.03091,1.02978,1.03003
2025-01-17 04:00:00,1.03002,1.03006,1.02772,1.02844
2025-01-17 08:00:00,1.02843,1.03098,1.02843,1.0304
2025-01-17 12:00:00,1.0304,1.03302,1.02649,1.02988
2025-01-17 16:00:00,1.02987,1.02998,1.02725,1.02758
2025-01-17 20:00:00,1.02758,1.0281,1.02688,1.02702
2025-01-19 20:00:00,1.02769,1.02801,1.02653,1.02799
2025-01-20 00:00:00,1.028,1.03059,1.02777,1.03055
2025-01-20 04:00:00,1.03055,1.03184,1.02991,1.03164
2025-01-20 08:00:00,1.03167,1.03261,1.03045,1.03254
2025-01-20 12:00:00,1.03254,1.04297,1.03076,1.03999
2025-01-20 16:00:00,1.04,1.04229,1.03531,1.04202
2025-01-20 20:00:00,1.04201,1.04343,1.04095,1.04206
2025-01-21 00:00:00,1.04206,1.04339,1.0352,1.03869
2025-01-21 04:00:00,1.0387,1.03987,1.03646,1.03732
2025-01-21 08:00:00,1.03729,1.03729,1.03413,1.03528
2025-01-21 12:00:00,1.0352999999999999,1.041,1.03454,1.04001
2025-01-21 16:00:00,1.03999,1.04352,1.03976,1.04178
2025-01-21 20:00:00,1.04177,1.04295,1.03921,1.04054
2025-01-22 00:00:00,1.04053,1.04241,1.04053,1.04115
2025-01-22 04:00:00,1.04115,1.04208,1.03994,1.0411299999999999
2025-01-22 08:00:00,1.04114,1.04569,1.0409,1.04426
2025-01-22 12:00:00,1.04423,1.04454,1.04139,1.04197
2025-01-22 16:00:00,1.04195,1.04226,1.04114,1.04199
2025-01-22 20:00:00,1.04199,1.04226,1.0405,1.04074
2025-01-23 00:00:00,1.04074,1.04154,1.03967,1.04085
2025-01-23 04:00:00,1.04085,1.04125,1.03895,1.03998
2025-01-23 08:00:00,1.03997,1.04199,1.03898,1.0403
2025-01-23 12:00:00,1.04028,1.04175,1.03867,1.03967
2025-01-23 16:00:00,1.03968,1.04375,1.03715,1.04225
2025-01-23 20:00:00,1.04224,1.04287,1.04108,1.04153
2025-01-24 00:00:00,1.04155,1.04535,1.0411299999999999,1.04456
2025-01-24 04:00:00,1.04457,1.04702,1.04431,1.04606
2025-01-24 08:00:00,1.04603,1.05146,1.04574,1.04856
2025-01-24 12:00:00,1.04856,1.05204,1.04633,1.05157
2025-01-24 16:00:00,1.05155,1.05211,1.04917,1.04951
2025-01-24 20:00:00,1.04949,1.0497,1.04879,1.04942
2025-01-26 20:00:00,1.04789,1.04852,1.04648,1.04672
2025-01-27 00:00:00,1.04672,1.04784,1.04587,1.04683
2025-01-27 04:00:00,1.04683,1.04708,1.04534,1.04569
2025-01-27 08:00:00,1.04568,1.0518,1.04541,1.05126
2025-01-27 12:00:00,1.05125,1.05327,1.04935,1.04987
2025-01-27 16:00:00,1.04989,1.05071,1.04789,1.04921
2025-01-27 20:00:00,1.04921,1.04938,1.04277,1.04368
2025-01-28 00:00:00,1.04371,1.04561,1.04238,1.04289
2025-01-28 04:00:00,1.04292,1.04438,1.04253,1.04339
2025-01-28 08:00:00,1.0434,1.04438,1.0419,1.04231
2025-01-28 12:00:00,1.04233,1.04406,1.04134,1.04238
2025-01-28 16:00:00,1.0424,1.04377,1.0422,1.04344
2025-01-28 20:00:00,1.04346,1.0435,1.04246,1.04268
2025-01-29 00:00:00,1.04269,1.04385,1.04255,1.0437
2025-01-29 04:00:00,1.0437,1.04432,1.04129,1.04159
2025-01-29 08:00:00,1.04161,1.04301,1.03943,1.04011
2025-01-29 12:00:00,1.04012,1.04266,1.03818,1.04188
2025-01-29 16:00:00,1.04189,1.04284,1.0388,1.04156
2025-01-29 20:00:00,1.04155,1.04269,1.04042,1.04243
2025-01-30 00:00:00,1.04243,1.04285,1.04187,1.04247
2025-01-30 04:00:00,1.04248,1.04274,1.04091,1.04233
2025-01-30 08:00:00,1.04236,1.04283,1.0391,1.03916
2025-01-30 12:00:00,1.03916,1.04673,1.03897,1.04311
2025-01-30 16:00:00,1.04309,1.04344,1.04091,1.04273
2025-01-30 20:00:00,1.04276,1.04319,1.03826,1.03963
2025-01-31 00:00:00,1.03963,1.04019,1.03765,1.03848
2025-01-31 04:00:00,1.0385,1.04123,1.03822,1.04035
2025-01-31 08:00:00,1.04033,1.04065,1.03648,1.03753
2025-01-31 12:00:00,1.03752,1.04003,1.03598,1.03958
2025-01-31 16:00:00,1.0396,1.04335,1.03612,1.03759
2025-01-31 20:00:00,1.03756,1.03868,1.03495,1.03585
2025-02-02 20:00:00,1.02379,1.02693,1.02337,1.02464
2025-02-03 00:00:00,1.02469,1.02669,1.02103,1.02212
2025-02-03 04:00:00,1.02212,1.02513,1.02203,1.02247
2025-02-03 08:00:00,1.02249,1.02554,1.02124,1.02519
2025-02-03 12:00:00,1.02518,1.03352,1.02416,1.03158
2025-02-03 16:00:00,1.0316,1.03211,1.02695,1.02843
2025-02-03 20:00:00,1.02845,1.03501,1.02824,1.03279
2025-02-04 00:00:00,1.03279,1.03308,1.03082,1.03144
2025-02-04 04:00:00,1.03143,1.03167,1.02715,1.0311
2025-02-04 08:00:00,1.03112,1.03491,1.03083,1.03218
2025-02-04 12:00:00,1.0322,1.03855,1.03197,1.03798
2025-02-04 16:00:00,1.03796,1.03872,1.03653,1.03816
2025-02-04 20:00:00,1.03818,1.03873,1.03707,1.03713
2025-02-05 00:00:00,1.03714,1.03861,1.03695,1.0379
2025-02-05 04:00:00,1.03791,1.04091,1.03729,1.04022
2025-02-05 08:00:00,1.0402,1.04301,1.03898,1.04142
2025-02-05 12:00:00,1.04141,1.04421,1.04013,1.04217
2025-02-05 16:00:00,1.04215,1.04245,1.04042,1.04069
2025-02-05 20:00:00,1.04069,1.04069,1.03965,1.03984
2025-02-06 00:00:00,1.03986,1.04049,1.03894,1.03917
2025-02-06 04:00:00,1.03917,1.03935,1.03777,1.03795
2025-02-06 08:00:00,1.03797,1.03807,1.03556,1.03617
2025-02-06 12:00:00,1.03614,1.0376,1.03523,1.03688
2025-02-06 16:00:00,1.03686,1.03963,1.03655,1.03842
2025-02-06 20:00:00,1.03841,1.03904,1.0379,1.03846
2025-02-07 00:00:00,1.03846,1.03905,1.0374,1.03796
2025-02-07 04:00:00,1.03796,1.03897,1.03723,1.03887
2025-02-07 08:00:00,1.03886,1.03995,1.03771,1.03821
2025-02-07 12:00:00,1.03821,1.04122,1.03273,1.03548
2025-02-07 16:00:00,1.03549,1.03604,1.03049,1.03319
2025-02-07 20:00:00,1.03321,1.03379,1.03212,1.03264
2025-02-09 20:00:00,1.02813,1.03131,1.02793,1.03094
2025-02-10 00:00:00,1.03094,1.0318,1.02982,1.03112
2025-02-10 04:00:00,1.03112,1.03251,1.03096,1.03125
2025-02-10 08:00:00,1.03124,1.03361,1.03063,1.03204
2025-02-10 12:00:00,1.03201,1.0326,1.03039,1.03148
2025-02-10 16:00:00,1.03148,1.0318,1.03042,1.03065
2025-02-10 20:00:00,1.03065,1.03081,1.02982,1.03003
2025-02-11 00:00:00,1.03005,1.03064,1.02918,1.02977
2025-02-11 04:00:00,1.02977,1.03101,1.0297,1.03028
2025-02-11 08:00:00,1.03028,1.03247,1.02995,1.03214
2025-02-11 12:00:00,1.03214,1.03429,1.03162,1.03396
2025-02-11 16:00:00,1.03394,1.03811,1.03386,1.03576
2025-02-11 20:00:00,1.03574,1.03673,1.03552,1.03627
2025-02-12 00:00:00,1.03629,1.03674,1.03536,1.03617
2025-02-12 04:00:00,1.03618,1.03787,1.03546,1.03755
2025-02-12 08:00:00,1.03751,1.03855,1.03642,1.03749
2025-02-12 12:00:00,1.03748,1.03823,1.03166,1.03739
2025-02-12 16:00:00,1.03738,1.04297,1.03498,1.03908
2025-02-12 20:00:00,1.03907,1.03972,1.03788,1.0392
2025-02-13 00:00:00,1.03918,1.04213,1.0387,1.04185
2025-02-13 04:00:00,1.04185,1.04395,1.04181,1.04254
2025-02-13 08:00:00,1.04253,1.04287,1.03922,1.04026
2025-02-13 12:00:00,1.04026,1.04377,1.03751,1.04329
2025-02-13 16:00:00,1.04327,1.04449,1.03727,1.04366
2025-02-13 20:00:00,1.04366,1.04669,1.04352,1.04612
2025-02-14 00:00:00,1.04612,1.04668,1.04536,1.04583
2025-02-14 04:00:00,1.04583,1.04716,1.04469,1.04645
2025-02-14 08:00:00,1.04647,1.04874,1.04627,1.04672
2025-02-14 12:00:00,1.04669,1.05136,1.04566,1.05078
2025-02-14 16:00:00,1.05076,1.05097,1.04938,1.04982
2025-02-14 20:00:00,1.0498,1.0498,1.04883,1.04908
2025-02-16 20:00:00,1.0484,1.04939,1.04829,1.04879
2025-02-17 00:00:00,1.04879,1.05059,1.0485,1.04942
2025-02-17 04:00:00,1.04943,1.04978,1.048,1.04823
2025-02-17 08:00:00,1.04823,1.04889,1.04707,1.04816
2025-02-17 12:00:00,1.04816,1.04848,1.04667,1.0479
2025-02-17 16:00:00,1.04793,1.04845,1.04763,1.04813
2025-02-17 20:00:00,1.04813,1.04852,1.04766,1.04846
2025-02-18 00:00:00,1.04846,1.04858,1.04617,1.04629
2025-02-18 04:00:00,1.04629,1.04688,1.04519,1.04631
2025-02-18 08:00:00,1.04629,1.04689,1.04544,1.04624
2025-02-18 12:00:00,1.04625,1.04666,1.04411,1.04657
2025-02-18 16:00:00,1.04657,1.0469,1.04347,1.04448
2025-02-18 20:00:00,1.04447,1.04506,1.04391,1.04479
2025-02-19 00:00:00,1.04479,1.04518,1.04408,1.0451
2025-02-19 04:00:00,1.0451,1.0461,1.04479,1.04509
2025-02-19 08:00:00,1.0451,1.04557,1.04183,1.04241
2025-02-19 12:00:00,1.04241,1.04409,1.04211,1.04237
2025-02-19 16:00:00,1.04236,1.0432,1.04005,1.04255
2025-02-19 20:00:00,1.0425200000000001,1.04261,1.04177,1.04205
2025-02-20 00:00:00,1.04205,1.04371,1.04183,1.04308
2025-02-20 04:00:00,1.04307,1.0434,1.04232,1.04311
2025-02-20 08:00:00,1.04308,1.04458,1.04284,1.04379
2025-02-20 12:00:00,1.04381,1.04749,1.04328,1.04735
2025-02-20 16:00:00,1.04733,1.0503,1.04639,1.0501
2025-02-20 20:00:00,1.05012,1.05053,1.04922,1.04998
2025-02-21 00:00:00,1.04998,1.05042,1.04842,1.05021
2025-02-21 04:00:00,1.05021,1.05044,1.04875,1.04919
2025-02-21 08:00:00,1.0492,1.04939,1.04629,1.04689
2025-02-21 12:00:00,1.04691,1.0492,1.04522,1.04539
2025-02-21 16:00:00,1.04536,1.04674,1.04489,1.04616
2025-02-21 20:00:00,1.04615,1.0464,1.04569,1.04602
2025-02-23 20:00:00,1.04657,1.04842,1.04589,1.04736
2025-02-24 00:00:00,1.04737,1.05278,1.04715,1.05189
2025-02-24 04:00:00,1.05189,1.05202,1.04864,1.04907
2025-02-24 08:00:00,1.04909,1.04924,1.04634,1.04682
2025-02-24 12:00:00,1.04681,1.04751,1.04526,1.04687
2025-02-24 16:00:00,1.04687,1.04855,1.04652,1.04748
2025-02-24 20:00:00,1.0475,1.04789,1.04599,1.0461
2025-02-25 00:00:00,1.04612,1.04757,1.04593,1.04727
2025-02-25 04:00:00,1.04727,1.04798,1.04631,1.04641
2025-02-25 08:00:00,1.04638,1.04893,1.04559,1.04889
2025-02-25 12:00:00,1.04889,1.05187,1.04879,1.04981
2025-02-25 16:00:00,1.04983,1.05177,1.04837,1.05101
2025-02-25 20:00:00,1.051,1.05224,1.05086,1.052
2025-02-26 00:00:00,1.0520100000000001,1.05244,1.05011,1.05042
2025-02-26 04:00:00,1.05041,1.05051,1.04869,1.04935
2025-02-26 08:00:00,1.04934,1.0511,1.04863,1.0491
2025-02-26 12:00:00,1.04908,1.05086,1.04745,1.05054
2025-02-26 16:00:00,1.05056,1.05284,1.04816,1.04908
2025-02-26 20:00:00,1.04906,1.04921,1.04782,1.04876
2025-02-27 00:00:00,1.04876,1.04876,1.04645,1.04653
2025-02-27 04:00:00,1.04656,1.04796,1.04588,1.0475
2025-02-27 08:00:00,1.04753,1.04869,1.04699,1.04756
2025-02-27 12:00:00,1.04756,1.0489,1.04092,1.04148
2025-02-27 16:00:00,1.04149,1.04178,1.03999,1.0404
2025-02-27 20:00:00,1.04043,1.04081,1.03871,1.03935
2025-02-28 00:00:00,1.03938,1.04038,1.03799,1.03878
2025-02-28 04:00:00,1.03878,1.04002,1.03823,1.03957
2025-02-28 08:00:00,1.03958,1.04075,1.03921,1.0398
2025-02-28 12:00:00,1.0398,1.04195,1.03928,1.03996
2025-02-28 16:00:00,1.03993,1.0411,1.03594,1.03675
2025-02-28 20:00:00,1.03676,1.03766,1.03619,1.03749
2025-03-02 20:00:00,1.03974,1.04205,1.03949,1.04116
2025-03-03 00:00:00,1.04116,1.04228,1.0402,1.04166
2025-03-03 04:00:00,1.04165,1.04201,1.04016,1.0405
2025-03-03 08:00:00,1.04048,1.04576,1.03882,1.0452
2025-03-03 12:00:00,1.04519,1.05035,1.04519,1.04842
2025-03-03 16:00:00,1.04839,1.05037,1.04721,1.04727
2025-03-03 20:00:00,1.04725,1.04922,1.04661,1.04849
2025-03-04 00:00:00,1.0485,1.0495700000000001,1.04745,1.04769
2025-03-04 04:00:00,1.04769,1.05002,1.04706,1.04927
2025-03-04 08:00:00,1.04926,1.05443,1.0486,1.05434
2025-03-04 12:00:00,1.05436,1.05594,1.04961,1.0526200000000001
2025-03-04 16:00:00,1.05259,1.06016,1.05148,1.06002
2025-03-04 20:00:00,1.06002,1.06366,1.06002,1.06228
2025-03-05 00:00:00,1.06228,1.06273,1.06017,1.06179
2025-03-05 04:00:00,1.06178,1.06759,1.0615,1.06742
2025-03-05 08:00:00,1.0674,1.07221,1.06583,1.06785
2025-03-05 12:00:00,1.06787,1.07766,1.06782,1.07648
2025-03-05 16:00:00,1.07645,1.07905,1.07605,1.07896
2025-03-05 20:00:00,1.07896,1.07966,1.07845,1.07936
2025-03-06 00:00:00,1.07936,1.08198,1.07869,1.07894
2025-03-06 04:00:00,1.07894,1.08221,1.07837,1.0799
2025-03-06 08:00:00,1.07989,1.08163,1.07798,1.07986
2025-03-06 12:00:00,1.07987,1.08534,1.07878,1.08167
2025-03-06 16:00:00,1.0817,1.08378,1.0765500000000001,1.08014
2025-03-06 20:00:00,1.08014,1.08031,1.07745,1.07869
2025-03-07 00:00:00,1.07866,1.08146,1.07808,1.08053
2025-03-07 04:00:00,1.0805,1.08403,1.08026,1.08295
2025-03-07 08:00:00,1.08295,1.08712,1.08258,1.0849199999999999
2025-03-07 12:00:00,1.08489,1.08884,1.0835,1.08697
2025-03-07 16:00:00,1.08697,1.08723,1.08254,1.08424
2025-03-07 20:00:00,1.08424,1.08508,1.08323,1.08327
2025-03-09 20:00:00,1.08305,1.0865,1.08289,1.08598
2025-03-10 00:00:00,1.08598,1.08708,1.08298,1.08312
2025-03-10 04:00:00,1.08313,1.08444,1.08106,1.08221
2025-03-10 08:00:00,1.08223,1.08742,1.08046,1.08502
2025-03-10 12:00:00,1.08505,1.08598,1.0820400000000001,1.08364
2025-03-10 16:00:00,1.08363,1.08454,1.08172,1.08311
2025-03-10 20:00:00,1.08313,1.0843099999999999,1.08255,1.08389
2025-03-11 00:00:00,1.0839,1.08601,1.08388,1.0854
2025-03-11 04:00:00,1.08537,1.09011,1.08354,1.08903
2025-03-11 08:00:00,1.08906,1.09204,1.08806,1.09043
2025-03-11 12:00:00,1.09042,1.09303,1.08948,1.09268
2025-03-11 16:00:00,1.09268,1.09466,1.09176,1.09196
2025-03-11 20:00:00,1.09198,1.09208,1.09046,1.09138
2025-03-12 00:00:00,1.0913599999999999,1.09152,1.08958,1.0897000000000001
2025-03-12 04:00:00,1.0897000000000001,1.09084,1.08872,1.09011
2025-03-12 08:00:00,1.09011,1.09263,1.08973,1.09007
2025-03-12 12:00:00,1.09007,1.09311,1.08751,1.09237
2025-03-12 16:00:00,1.0924,1.09277,1.08794,1.08901
2025-03-12 20:00:00,1.08899,1.08932,1.0883,1.08853
2025-03-13 00:00:00,1.08853,1.08967,1.08821,1.08846
2025-03-13 04:00:00,1.08844,1.0893,1.08593,1.08648
2025-03-13 08:00:00,1.0865,1.0885,1.0844,1.08557
2025-03-13 12:00:00,1.08555,1.08778,1.08222,1.0858
2025-03-13 16:00:00,1.08579,1.0878,1.08473,1.0848
2025-03-13 20:00:00,1.08481,1.0855299999999999,1.08448,1.08546
2025-03-14 00:00:00,1.08546,1.08582,1.0834,1.08452
2025-03-14 04:00:00,1.08451,1.08509,1.08302,1.08386
2025-03-14 08:00:00,1.08386,1.09124,1.08349,1.08963
2025-03-14 12:00:00,1.08964,1.09111,1.08654,1.08713
2025-03-14 16:00:00,1.08713,1.08895,1.087,1.08825
2025-03-14 20:00:00,1.08824,1.08853,1.0877,1.08784
2025-03-16 20:00:00,1.08792,1.0884800000000001,1.08735,1.08794
2025-03-17 00:00:00,1.08794,1.08898,1.08739,1.0883099999999999
2025-03-17 04:00:00,1.08833,1.08934,1.08681,1.0876
2025-03-17 08:00:00,1.0876,1.09114,1.08702,1.09016
2025-03-17 12:00:00,1.09017,1.09293,1.0887,1.09209
2025-03-17 16:00:00,1.09211,1.09261,1.09112,1.09201
2025-03-17 20:00:00,1.09203,1.09274,1.09155,1.09179
2025-03-18 00:00:00,1.09179,1.09208,1.0906,1.09079
2025-03-18 04:00:00,1.0908,1.09362,1.09032,1.09346
2025-03-18 08:00:00,1.09344,1.09544,1.09138,1.09161
2025-03-18 12:00:00,1.09161,1.09337,1.08923,1.09263
2025-03-18 16:00:00,1.09262,1.09513,1.0923,1.09458
2025-03-18 20:00:00,1.09457,1.09484,1.09375,1.09383
2025-03-19 00:00:00,1.09383,1.09447,1.09316,1.09379
2025-03-19 04:00:00,1.09377,1.09377,1.08728,1.08923
2025-03-19 08:00:00,1.08924,1.09129,1.0891,1.09078
2025-03-19 12:00:00,1.0908,1.09172,1.08751,1.08766
2025-03-19 16:00:00,1.08767,1.09129,1.08602,1.08984
2025-03-19 20:00:00,1.08982,1.09115,1.08954,1.09115
2025-03-20 00:00:00,1.09115,1.09168,1.09029,1.09094
2025-03-20 04:00:00,1.09094,1.09102,1.08644,1.0878700000000001
2025-03-20 08:00:00,1.08789,1.08852,1.0833,1.0849
2025-03-20 12:00:00,1.08491,1.08554,1.08144,1.08467
2025-03-20 16:00:00,1.08465,1.08538,1.08388,1.08526
2025-03-20 20:00:00,1.08528,1.08586,1.08486,1.08529
2025-03-21 00:00:00,1.08532,1.08583,1.08331,1.08344
2025-03-21 04:00:00,1.08343,1.08415,1.08196,1.08386
2025-03-21 08:00:00,1.08383,1.08507,1.08236,1.08503
2025-03-21 12:00:00,1.08504,1.0861,1.07965,1.08059
2025-03-21 16:00:00,1.08058,1.08264,1.08042,1.08175
2025-03-21 20:00:00,1.08173,1.08173,1.08115,1.08146
2025-03-23 20:00:00,1.08133,1.08366,1.08119,1.08355
2025-03-24 00:00:00,1.08355,1.08395,1.08197,1.08198
2025-03-24 04:00:00,1.08199,1.08494,1.08165,1.08379
2025-03-24 08:00:00,1.08381,1.08578,1.08281,1.08323
2025-03-24 12:00:00,1.08321,1.08344,1.07901,1.07938
2025-03-24 16:00:00,1.07936,1.08127,1.07811,1.0802
2025-03-24 20:00:00,1.08017,1.08057,1.07927,1.08022
2025-03-25 00:00:00,1.08022,1.08079,1.07937,1.08028
2025-03-25 04:00:00,1.0803,1.08085,1.0784799999999999,1.07871
2025-03-25 08:00:00,1.07872,1.08271,1.07765,1.08174
2025-03-25 12:00:00,1.08176,1.083,1.07969,1.0803
2025-03-25 16:00:00,1.08028,1.08165,1.07906,1.07952
2025-03-25 20:00:00,1.0795,1.07954,1.07851,1.07885
2025-03-26 00:00:00,1.07886,1.07967,1.07776,1.07857
2025-03-26 04:00:00,1.07857,1.07911,1.07773,1.07857
2025-03-26 08:00:00,1.07859,1.08022,1.0785,1.07917
2025-03-26 12:00:00,1.07917,1.0795,1.07672,1.07805
2025-03-26 16:00:00,1.07807,1.07914,1.07437,1.07507
2025-03-26 20:00:00,1.0751,1.07563,1.07319,1.07409
2025-03-27 00:00:00,1.07412,1.07795,1.07403,1.0777700000000001
2025-03-27 04:00:00,1.0777700000000001,1.07866,1.0754,1.07642
2025-03-27 08:00:00,1.07644,1.07993,1.07554,1.07866
2025-03-27 12:00:00,1.07868,1.08208,1.07761,1.07995
2025-03-27 16:00:00,1.07994,1.0808200000000001,1.07879,1.07947
2025-03-27 20:00:00,1.07945,1.08019,1.07908,1.08006
2025-03-28 00:00:00,1.08005,1.08005,1.07881,1.07915
2025-03-28 04:00:00,1.07915,1.07995,1.07812,1.07869
2025-03-28 08:00:00,1.07866,1.07961,1.07639,1.07713
2025-03-28 12:00:00,1.07713,1.08442,1.0765,1.08249
2025-03-28 16:00:00,1.08246,1.08327,1.08117,1.08251
2025-03-28 20:00:00,1.0825,1.08357,1.0824799999999999,1.08301
2025-03-30 20:00:00,1.08267,1.08289,1.08035,1.08233
2025-03-31 00:00:00,1.08233,1.08456,1.08227,1.08328
2025-03-31 04:00:00,1.08328,1.0849,1.0820400000000001,1.08311
2025-03-31 08:00:00,1.0831,1.08338,1.08051,1.08195
2025-03-31 12:00:00,1.08195,1.0821,1.07836,1.0794
2025-03-31 16:00:00,1.07942,1.08193,1.0784799999999999,1.08137
2025-03-31 20:00:00,1.08139,1.08199,1.08093,1.08172
2025-04-01 00:00:00,1.08172,1.08278,1.08167,1.08264
2025-04-01 04:00:00,1.08262,1.08295,1.07984,1.08013
2025-04-01 08:00:00,1.08013,1.08288,1.0778,1.07808
2025-04-01 12:00:00,1.07811,1.0812,1.0779,1.07991
2025-04-01 16:00:00,1.07991,1.08042,1.0785,1.07892
2025-04-01 20:00:00,1.0789,1.08077,1.07858,1.07941
2025-04-02 00:00:00,1.07941,1.08013,1.07867,1.07954
2025-04-02 04:00:00,1.07954,1.07972,1.07796,1.07912
2025-04-02 08:00:00,1.0791,1.08079,1.07856,1.0802
2025-04-02 12:00:00,1.08019,1.08728,1.0796000000000001,1.0867
2025-04-02 16:00:00,1.08673,1.08673,1.08466,1.08497
2025-04-02 20:00:00,1.08494,1.09243,1.0803,1.09037
2025-04-03 00:00:00,1.09036,1.09243,1.08794,1.09143
2025-04-03 04:00:00,1.09144,1.09899,1.09054,1.09701
2025-04-03 08:00:00,1.09702,1.11466,1.09702,1.10872
2025-04-03 12:00:00,1.10874,1.1135,1.10407,1.1050200000000001
2025-04-03 16:00:00,1.10503,1.10556,1.10156,1.1027
2025-04-03 20:00:00,1.10267,1.10711,1.10217,1.10449
2025-04-04 00:00:00,1.10449,1.10982,1.10361,1.10933
2025-04-04 04:00:00,1.10931,1.11074,1.09993,1.10041
2025-04-04 08:00:00,1.10038,1.10797,1.0964,1.10597
2025-04-04 12:00:00,1.10595,1.10893,1.0959699999999999,1.10131
2025-04-04 16:00:00,1.10131,1.10193,1.09239,1.09432
2025-04-04 20:00:00,1.09433,1.09662,1.09323,1.09632
2025-04-06 20:00:00,1.08912,1.10012,1.0873599999999999,1.0983
2025-04-07 00:00:00,1.09832,1.09835,1.09194,1.095
2025-04-07 04:00:00,1.09499,1.10498,1.09475,1.10007
2025-04-07 08:00:00,1.10009,1.10213,1.09347,1.09691
2025-04-07 12:00:00,1.09692,1.09909,1.09006,1.09111
2025-04-07 16:00:00,1.0911,1.09527,1.09038,1.09159
2025-04-07 20:00:00,1.09161,1.09202,1.0899,1.09144
2025-04-08 00:00:00,1.09146,1.09798,1.09142,1.0963
2025-04-08 04:00:00,1.09628,1.09916,1.09209,1.09232
2025-04-08 08:00:00,1.09231,1.09485,1.09109,1.0934
2025-04-08 12:00:00,1.09341,1.09681,1.0888,1.09111
2025-04-08 16:00:00,1.09114,1.09775,1.08982,1.09539
2025-04-08 20:00:00,1.09536,1.09847,1.09386,1.09771
2025-04-09 00:00:00,1.09774,1.10397,1.09709,1.10193
2025-04-09 04:00:00,1.10195,1.10896,1.1009,1.10148
2025-04-09 08:00:00,1.10147,1.10575,1.09976,1.10353
2025-04-09 12:00:00,1.10354,1.10948,1.10255,1.10379
2025-04-09 16:00:00,1.10381,1.10633,1.09129,1.09352
2025-04-09 20:00:00,1.09353,1.09624,1.09282,1.09506
2025-04-10 00:00:00,1.09505,1.09889,1.09497,1.09813
2025-04-10 04:00:00,1.09811,1.10303,1.09623,1.1025800000000001
2025-04-10 08:00:00,1.1026,1.10881,1.10159,1.107
2025-04-10 12:00:00,1.10698,1.12288,1.10676,1.11909
2025-04-10 16:00:00,1.11907,1.12411,1.11584,1.12057
2025-04-10 20:00:00,1.12055,1.12621,1.11811,1.12573
2025-04-11 00:00:00,1.1257,1.13849,1.12507,1.13408
2025-04-11 04:00:00,1.13404,1.1368800000000001,1.12462,1.13642
2025-04-11 08:00:00,1.13639,1.14738,1.13196,1.13287
2025-04-11 12:00:00,1.13283,1.14118,1.13119,1.13242
2025-04-11 16:00:00,1.13241,1.13432,1.12761,1.1341
2025-04-11 20:00:00,1.13413,1.13577,1.1335600000000001,1.13571
2025-04-13 20:00:00,1.13145,1.13535,1.13132,1.1341700000000001
2025-04-14 00:00:00,1.13416,1.14085,1.13404,1.13711
2025-04-14 04:00:00,1.13711,1.14242,1.13525,1.13897
2025-04-14 08:00:00,1.13896,1.14095,1.13712,1.13837
2025-04-14 12:00:00,1.13839,1.13882,1.12955,1.1357
2025-04-14 16:00:00,1.1357,1.137,1.13279,1.13547
2025-04-14 20:00:00,1.1354899999999999,1.1360999999999999,1.13333,1.13357
2025-04-15 00:00:00,1.13355,1.13526,1.13155,1.13471
2025-04-15 04:00:00,1.13473,1.13674,1.13202,1.13569
2025-04-15 08:00:00,1.1357,1.13785,1.13136,1.13259
2025-04-15 12:00:00,1.1326100000000001,1.13411,1.12817,1.12884
2025-04-15 16:00:00,1.12886,1.12917,1.12636,1.1282
2025-04-15 20:00:00,1.12822,1.1299,1.12767,1.12933
2025-04-16 00:00:00,1.12931,1.1343,1.12924,1.13428
2025-04-16 04:00:00,1.13428,1.13918,1.13324,1.13869
2025-04-16 08:00:00,1.1387,1.13878,1.13379,1.13624
2025-04-16 12:00:00,1.13626,1.13864,1.13401,1.13811
2025-04-16 16:00:00,1.1381000000000001,1.14124,1.13588,1.13863
2025-04-16 20:00:00,1.13865,1.1408800000000001,1.13814,1.13954
2025-04-17 00:00:00,1.13956,1.1396600000000001,1.13551,1.13639
2025-04-17 04:00:00,1.13639,1.13784,1.13429,1.13764
2025-04-17 08:00:00,1.13766,1.13882,1.13553,1.13564
2025-04-17 12:00:00,1.13562,1.13853,1.13352,1.1363
2025-04-17 16:00:00,1.13632,1.13757,1.13397,1.1373
2025-04-17 20:00:00,1.1373,1.13764,1.13565,1.13693
2025-04-18 00:00:00,1.13694,1.13818,1.1360999999999999,1.13715
2025-04-18 04:00:00,1.13716,1.13741,1.13562,1.13669
2025-04-18 08:00:00,1.1367099999999999,1.13777,1.1362,1.13757
2025-04-18 12:00:00,1.13756,1.13924,1.13729,1.13874
2025-04-18 16:00:00,1.13874,1.13911,1.13824,1.13894
2025-04-18 20:00:00,1.13894,1.13898,1.1384,1.13853
2025-04-20 20:00:00,1.13928,1.1458,1.13922,1.14485
2025-04-21 00:00:00,1.1448800000000001,1.15324,1.1448800000000001,1.15149
2025-04-21 04:00:00,1.15147,1.15675,1.1498599999999999,1.15549
2025-04-21 08:00:00,1.15549,1.1573,1.15129,1.15424
2025-04-21 12:00:00,1.15424,1.1549800000000001,1.14813,1.15065
2025-04-21 16:00:00,1.15064,1.15267,1.14933,1.15125
2025-04-21 20:00:00,1.15127,1.15249,1.15044,1.15137
2025-04-22 00:00:00,1.15138,1.15406,1.14817,1.15343
2025-04-22 04:00:00,1.15345,1.15468,1.14829,1.15052
2025-04-22 08:00:00,1.15053,1.15148,1.14835,1.14856
2025-04-22 12:00:00,1.14859,1.14917,1.14554,1.1464699999999999
2025-04-22 16:00:00,1.1465,1.14684,1.14197,1.14203
2025-04-22 20:00:00,1.14205,1.14297,1.13075,1.13502
2025-04-23 00:00:00,1.13499,1.1414900000000001,1.13489,1.1379
2025-04-23 04:00:00,1.13789,1.14087,1.13703,1.13853
2025-04-23 08:00:00,1.13856,1.14396,1.1379,1.14105
2025-04-23 12:00:00,1.14102,1.14193,1.13276,1.13485
2025-04-23 16:00:00,1.13487,1.13654,1.13148,1.13269
2025-04-23 20:00:00,1.13267,1.13468,1.13079,1.13291
2025-04-24 00:00:00,1.13294,1.13571,1.1320999999999999,1.13376
2025-04-24 04:00:00,1.13377,1.13801,1.13302,1.1379299999999999
2025-04-24 08:00:00,1.13796,1.13946,1.13629,1.13726
2025-04-24 12:00:00,1.13724,1.13871,1.1347,1.13605
2025-04-24 16:00:00,1.13607,1.13972,1.13575,1.1384400000000001
2025-04-24 20:00:00,1.13842,1.13979,1.13703,1.13723
2025-04-25 00:00:00,1.13721,1.13721,1.13247,1.13256
2025-04-25 04:00:00,1.13258,1.13679,1.13153,1.13594
2025-04-25 08:00:00,1.13594,1.13664,1.13338,1.13491
2025-04-25 12:00:00,1.13493,1.13821,1.13325,1.13797
2025-04-25 16:00:00,1.13796,1.13882,1.13584,1.13589
2025-04-25 20:00:00,1.13592,1.13642,1.13563,1.13611
2025-04-27 20:00:00,1.13605,1.13647,1.1339,1.13446
2025-04-28 00:00:00,1.13448,1.1366100000000001,1.13428,1.1356
2025-04-28 04:00:00,1.1356,1.13805,1.1329,1.13482
2025-04-28 08:00:00,1.13479,1.13601,1.1335,1.13511
2025-04-28 12:00:00,1.13514,1.14135,1.13389,1.13858
2025-04-28 16:00:00,1.13857,1.14247,1.13849,1.14212
2025-04-28 20:00:00,1.14215,1.14246,1.14004,1.14073
2025-04-29 00:00:00,1.14075,1.14195,1.13861,1.13902
2025-04-29 04:00:00,1.13902,1.14117,1.13737,1.14035
2025-04-29 08:00:00,1.1403699999999999,1.14078,1.13706,1.1374
2025-04-29 12:00:00,1.13742,1.1417,1.13697,1.13958
2025-04-29 16:00:00,1.13956,1.14185,1.13757,1.13811
2025-04-29 20:00:00,1.13809,1.13954,1.13762,1.13902
2025-04-30 00:00:00,1.13902,1.13948,1.13547,1.13683
2025-04-30 04:00:00,1.13683,1.13989,1.13656,1.13771
2025-04-30 08:00:00,1.13775,1.13848,1.13557,1.13729
2025-04-30 12:00:00,1.1373,1.13884,1.13225,1.13476
2025-04-30 16:00:00,1.13474,1.13646,1.13279,1.13296
2025-04-30 20:00:00,1.1329799999999999,1.13309,1.13168,1.13217
2025-05-01 00:00:00,1.13218,1.13291,1.1299,1.13117
2025-05-01 04:00:00,1.13117,1.13138,1.1287,1.13097
2025-05-01 08:00:00,1.13095,1.13407,1.13094,1.13199
2025-05-01 12:00:00,1.13199,1.1338300000000001,1.12655,1.12786
2025-05-01 16:00:00,1.12784,1.1293199999999999,1.12725,1.12881
2025-05-01 20:00:00,1.12879,1.12987,1.12842,1.12953
2025-05-02 00:00:00,1.12953,1.13151,1.12738,1.13123
2025-05-02 04:00:00,1.13123,1.13373,1.13009,1.13278
2025-05-02 08:00:00,1.13278,1.13546,1.13159,1.13459
2025-05-02 12:00:00,1.13461,1.13804,1.13042,1.13287
2025-05-02 16:00:00,1.13287,1.13384,1.1292200000000001,1.13042
2025-05-02 20:00:00,1.1304,1.13051,1.12933,1.12998
2025-05-04 20:00:00,1.12987,1.13273,1.12926,1.13209
2025-05-05 00:00:00,1.1320999999999999,1.13464,1.1314,1.13317
2025-05-05 04:00:00,1.13319,1.1347,1.13127,1.13128
2025-05-05 08:00:00,1.13125,1.13574,1.13109,1.13424
2025-05-05 12:00:00,1.13421,1.13646,1.13121,1.13141
2025-05-05 16:00:00,1.13141,1.13206,1.12965,1.13142
2025-05-05 20:00:00,1.13144,1.13199,1.13093,1.13117
2025-05-06 00:00:00,1.13117,1.13171,1.12793,1.13146
2025-05-06 04:00:00,1.13144,1.13474,1.13132,1.13388
2025-05-06 08:00:00,1.13387,1.13491,1.13051,1.13266
2025-05-06 12:00:00,1.13268,1.13692,1.13165,1.13433
2025-05-06 16:00:00,1.13434,1.13806,1.13305,1.1372200000000001
2025-05-06 20:00:00,1.13721,1.1379299999999999,1.13256,1.13397
2025-05-07 00:00:00,1.13396,1.13513,1.13249,1.13453
2025-05-07 04:00:00,1.13453,1.13778,1.13424,1.1362
2025-05-07 08:00:00,1.13618,1.13735,1.13468,1.13573
2025-05-07 12:00:00,1.13574,1.13705,1.13414,1.13468
2025-05-07 16:00:00,1.1347,1.13646,1.13003,1.13065
2025-05-07 20:00:00,1.13068,1.13124,1.12913,1.13025
2025-05-08 00:00:00,1.13025,1.13358,1.1301700000000001,1.13272
2025-05-08 04:00:00,1.13272,1.13307,1.12698,1.12967
2025-05-08 08:00:00,1.12967,1.13046,1.1274899999999999,1.12953
2025-05-08 12:00:00,1.12953,1.13197,1.12339,1.12476
2025-05-08 16:00:00,1.12474,1.12493,1.12117,1.12255
2025-05-08 20:00:00,1.12257,1.12327,1.12194,1.12265
2025-05-09 00:00:00,1.12268,1.1233,1.11961,1.12222
2025-05-09 04:00:00,1.12222,1.12579,1.12179,1.1251
2025-05-09 08:00:00,1.12512,1.12605,1.12419,1.12539
2025-05-09 12:00:00,1.1254,1.12926,1.12468,1.12694
2025-05-09 16:00:00,1.12695,1.12748,1.12481,1.12568
2025-05-09 20:00:00,1.12565,1.12576,1.12469,1.1248
2025-05-11 20:00:00,1.11945,1.1236,1.11858,1.12274
2025-05-12 00:00:00,1.12276,1.12423,1.12221,1.12327
2025-05-12 04:00:00,1.12325,1.12356,1.10966,1.11046
2025-05-12 08:00:00,1.11045,1.11449,1.10715,1.1111
2025-05-12 12:00:00,1.11108,1.1134,1.10999,1.11049
2025-05-12 16:00:00,1.11051,1.11107,1.10647,1.10918
2025-05-12 20:00:00,1.10916,1.10996,1.10817,1.10951
2025-05-13 00:00:00,1.10953,1.11164,1.10946,1.1116
2025-05-13 04:00:00,1.1116,1.11242,1.11012,1.11156
2025-05-13 08:00:00,1.11158,1.11176,1.10968,1.11064
2025-05-13 12:00:00,1.11066,1.11776,1.11061,1.11747
2025-05-13 16:00:00,1.11749,1.11916,1.11643,1.11893
2025-05-13 20:00:00,1.11896,1.11968,1.11811,1.11855
2025-05-14 00:00:00,1.11856,1.11977,1.1182,1.11948
2025-05-14 04:00:00,1.11949,1.12162,1.11799,1.12145
2025-05-14 08:00:00,1.12146,1.12654,1.1212,1.12171
2025-05-14 12:00:00,1.12172,1.12351,1.11972,1.12049
2025-05-14 16:00:00,1.12051,1.12127,1.11652,1.11669
2025-05-14 20:00:00,1.11672,1.11878,1.11641,1.11811
2025-05-15 00:00:00,1.1181,1.12011,1.11759,1.11962
2025-05-15 04:00:00,1.11961,1.1228,1.1185,1.1197
2025-05-15 08:00:00,1.11968,1.12127,1.11791,1.11827
2025-05-15 12:00:00,1.11827,1.12232,1.11722,1.11876
2025-05-15 16:00:00,1.11874,1.11903,1.11697,1.11831
2025-05-15 20:00:00,1.11832,1.11935,1.11779,1.11918
2025-05-16 00:00:00,1.11917,1.12082,1.11902,1.12001
2025-05-16 04:00:00,1.12001,1.12191,1.11959,1.12083
2025-05-16 08:00:00,1.12083,1.12089,1.11877,1.1194
2025-05-16 12:00:00,1.11939,1.12055,1.11396,1.11399
2025-05-16 16:00:00,1.11396,1.11581,1.11305,1.11488
2025-05-16 20:00:00,1.11486,1.11641,1.11445,1.1162
2025-05-18 20:00:00,1.11721,1.11936,1.11703,1.11884
2025-05-19 00:00:00,1.11886,1.11987,1.1172,1.1181
2025-05-19 04:00:00,1.11808,1.12449,1.11758,1.1238
2025-05-19 08:00:00,1.12382,1.12879,1.12355,1.12727
2025-05-19 12:00:00,1.12724,1.12732,1.12331,1.12358
2025-05-19 16:00:00,1.12361,1.12417,1.12237,1.12396
2025-05-19 20:00:00,1.12394,1.1244399999999999,1.12311,1.12321
2025-05-20 00:00:00,1.12321,1.12509,1.12177,1.12447
2025-05-20 04:00:00,1.12447,1.12776,1.124,1.12758
2025-05-20 08:00:00,1.12759,1.12759,1.12427,1.12455
2025-05-20 12:00:00,1.12457,1.12695,1.12234,1.12528
2025-05-20 16:00:00,1.12528,1.12824,1.12449,1.1280000000000001
2025-05-20 20:00:00,1.12803,1.12899,1.12766,1.12878
2025-05-21 00:00:00,1.1288,1.13394,1.12865,1.13336
2025-05-21 04:00:00,1.13334,1.13525,1.1313900000000001,1.13227
2025-05-21 08:00:00,1.1323,1.13619,1.13119,1.13236
2025-05-21 12:00:00,1.13238,1.13541,1.1317,1.13421
2025-05-21 16:00:00,1.13419,1.13625,1.13181,1.13188
2025-05-21 20:00:00,1.13186,1.1332,1.13105,1.13315
2025-05-22 00:00:00,1.13317,1.13448,1.13171,1.13329
2025-05-22 04:00:00,1.13326,1.13415,1.12952,1.13208
2025-05-22 08:00:00,1.13206,1.13343,1.12898,1.1308
2025-05-22 12:00:00,1.13082,1.13144,1.12655,1.12801
2025-05-22 16:00:00,1.12799,1.12874,1.12553,1.12784
2025-05-22 20:00:00,1.12785,1.12887,1.12763,1.12817
2025-05-23 00:00:00,1.1282,1.13186,1.12786,1.13113
2025-05-23 04:00:00,1.13113,1.13437,1.13073,1.1339
2025-05-23 08:00:00,1.13389,1.13755,1.12981,1.13212
2025-05-23 12:00:00,1.13213,1.13593,1.12973,1.13491
2025-05-23 16:00:00,1.13493,1.13689,1.13408,1.1363
2025-05-23 20:00:00,1.13631,1.13678,1.13584,1.13621
2025-05-25 20:00:00,1.13641,1.13815,1.13591,1.13744
2025-05-26 00:00:00,1.13744,1.14186,1.13743,1.1411
2025-05-26 04:00:00,1.14111,1.14182,1.1388099999999999,1.13889
2025-05-26 08:00:00,1.1389,1.13948,1.13736,1.13768
2025-05-26 12:00:00,1.1377,1.1385,1.13685,1.13808
2025-05-26 16:00:00,1.13809,1.13852,1.13754,1.13851
2025-05-26 20:00:00,1.13851,1.13946,1.13777,1.1388099999999999
2025-05-27 00:00:00,1.1388099999999999,1.14069,1.13875,1.13934
2025-05-27 04:00:00,1.13934,1.13974,1.13367,1.13407
2025-05-27 08:00:00,1.13409,1.13577,1.13386,1.13508
2025-05-27 12:00:00,1.1351,1.13751,1.13227,1.13253
2025-05-27 16:00:00,1.13252,1.13384,1.13229,1.13307
2025-05-27 20:00:00,1.13306,1.13378,1.13224,1.13366
2025-05-28 00:00:00,1.13366,1.1345399999999999,1.13002,1.1307
2025-05-28 04:00:00,1.13071,1.13304,1.12951,1.13262
2025-05-28 08:00:00,1.13264,1.13405,1.1316,1.13172
2025-05-28 12:00:00,1.13174,1.13244,1.1283400000000001,1.12845
2025-05-28 16:00:00,1.12847,1.13004,1.12837,1.12891
2025-05-28 20:00:00,1.12892,1.12969,1.12097,1.12297
2025-05-29 00:00:00,1.12296,1.12567,1.12229,1.12484
2025-05-29 04:00:00,1.12481,1.12824,1.12305,1.12751
2025-05-29 08:00:00,1.1275,1.1291,1.12615,1.12705
2025-05-29 12:00:00,1.12706,1.13702,1.12706,1.13693
2025-05-29 16:00:00,1.13691,1.1384400000000001,1.13615,1.13665
2025-05-29 20:00:00,1.13667,1.13791,1.13598,1.13764
2025-05-30 00:00:00,1.13762,1.13896,1.13455,1.13492
2025-05-30 04:00:00,1.13494,1.13542,1.13273,1.13372
2025-05-30 08:00:00,1.13374,1.13443,1.13226,1.1338
2025-05-30 12:00:00,1.13382,1.13581,1.13123,1.13461
2025-05-30 16:00:00,1.13462,1.13667,1.13428,1.13559
2025-05-30 20:00:00,1.13561,1.13561,1.13448,1.13473
2025-06-01 20:00:00,1.13466,1.13601,1.13452,1.13527
2025-06-02 00:00:00,1.13527,1.13817,1.13523,1.13612
2025-06-02 04:00:00,1.13614,1.14364,1.13593,1.14234
2025-06-02 08:00:00,1.14232,1.14367,1.14089,1.1414
2025-06-02 12:00:00,1.14137,1.1449799999999999,1.1404,1.14301
2025-06-02 16:00:00,1.14303,1.1445,1.14115,1.14446
2025-06-02 20:00:00,1.14444,1.14535,1.14313,1.14528
2025-06-03 00:00:00,1.14527,1.14544,1.14156,1.14195
2025-06-03 04:00:00,1.14195,1.1432,1.14118,1.14158
2025-06-03 08:00:00,1.14157,1.1418300000000001,1.13861,1.13901
2025-06-03 12:00:00,1.13904,1.13946,1.13636,1.13718
2025-06-03 16:00:00,1.1372,1.13829,1.13672,1.13685
2025-06-03 20:00:00,1.13684,1.13856,1.13635,1.13839
2025-06-04 00:00:00,1.13837,1.13928,1.13651,1.1367099999999999
2025-06-04 04:00:00,1.13673,1.1396600000000001,1.13567,1.13864
2025-06-04 08:00:00,1.13863,1.14035,1.13743,1.13788
2025-06-04 12:00:00,1.13789,1.1434199999999999,1.13789,1.14231
2025-06-04 16:00:00,1.14231,1.1434,1.14119,1.1412
2025-06-04 20:00:00,1.1412,1.14283,1.14097,1.14206
2025-06-05 00:00:00,1.14208,1.14345,1.14083,1.14103
2025-06-05 04:00:00,1.14103,1.14248,1.14043,1.14116
2025-06-05 08:00:00,1.14119,1.14324,1.14086,1.14255
2025-06-05 12:00:00,1.14254,1.14947,1.14132,1.1439
2025-06-05 16:00:00,1.14392,1.1448,1.14306,1.1437599999999999
2025-06-05 20:00:00,1.14374,1.14535,1.14348,1.14531
2025-06-06 00:00:00,1.14531,1.14568,1.14328,1.14399
2025-06-06 04:00:00,1.14399,1.14421,1.14211,1.14264
2025-06-06 08:00:00,1.14263,1.14289,1.14105,1.14177
2025-06-06 12:00:00,1.14177,1.14303,1.13714,1.13965
2025-06-06 16:00:00,1.13964,1.14016,1.13843,1.13959
2025-06-06 20:00:00,1.13956,1.13974,1.1391,1.1394199999999999
2025-06-08 20:00:00,1.13947,1.14111,1.13901,1.1406
2025-06-09 00:00:00,1.1406,1.1425,1.13925,1.14118
2025-06-09 04:00:00,1.14118,1.14294,1.14108,1.14221
2025-06-09 08:00:00,1.14222,1.14387,1.14054,1.14169
2025-06-09 12:00:00,1.1417,1.14252,1.13863,1.14239
2025-06-09 16:00:00,1.14237,1.1430500000000001,1.14148,1.14224
2025-06-09 20:00:00,1.14223,1.14282,1.14163,1.14259
2025-06-10 00:00:00,1.14258,1.14353,1.13856,1.14026
2025-06-10 04:00:00,1.1402700000000001,1.14143,1.13727,1.13917
2025-06-10 08:00:00,1.13918,1.14337,1.13909,1.14288
2025-06-10 12:00:00,1.1429,1.14473,1.14153,1.14224
2025-06-10 16:00:00,1.14224,1.14362,1.14156,1.14259
2025-06-10 20:00:00,1.14258,1.14391,1.14189,1.1437
2025-06-11 00:00:00,1.14371,1.14385,1.14059,1.14157
2025-06-11 04:00:00,1.14158,1.14235,1.1405,1.14191
2025-06-11 08:00:00,1.14191,1.14456,1.14181,1.14323
2025-06-11 12:00:00,1.14322,1.14899,1.14279,1.14889
2025-06-11 16:00:00,1.14887,1.14994,1.14789,1.14825
2025-06-11 20:00:00,1.14826,1.15129,1.14799,1.15096
2025-06-12 00:00:00,1.15096,1.15289,1.15014,1.15192
2025-06-12 04:00:00,1.1519,1.1532499999999999,1.15053,1.1526
2025-06-12 08:00:00,1.15257,1.16106,1.15226,1.15893
2025-06-12 12:00:00,1.15895,1.16313,1.15672,1.15767
2025-06-12 16:00:00,1.15767,1.15804,1.15635,1.15758
2025-06-12 20:00:00,1.15761,1.16092,1.15751,1.16089
2025-06-13 00:00:00,1.16087,1.16144,1.15273,1.15368
2025-06-13 04:00:00,1.15369,1.15599,1.15116,1.15353
2025-06-13 08:00:00,1.1535,1.15467,1.14884,1.15096
2025-06-13 12:00:00,1.15095,1.15692,1.15007,1.15562
2025-06-13 16:00:00,1.1556,1.15656,1.1533,1.15495
2025-06-13 20:00:00,1.15494,1.15512,1.15375,1.15501
2025-06-15 20:00:00,1.1528,1.1547,1.15252,1.15375
2025-06-16 00:00:00,1.15375,1.15465,1.15231,1.15271
2025-06-16 04:00:00,1.15271,1.15866,1.15269,1.15787
2025-06-16 08:00:00,1.15786,1.15857,1.15694,1.15724
2025-06-16 12:00:00,1.15725,1.16144,1.15704,1.15798
2025-06-16 16:00:00,1.158,1.15857,1.15545,1.15554
2025-06-16 20:00:00,1.15552,1.15637,1.15489,1.15534
2025-06-17 00:00:00,1.1553499999999999,1.15636,1.15423,1.15615
2025-06-17 04:00:00,1.15615,1.1572,1.15448,1.15575
2025-06-17 08:00:00,1.15573,1.15732,1.15495,1.15611
2025-06-17 12:00:00,1.15612,1.15798,1.15102,1.1534
2025-06-17 16:00:00,1.15337,1.15387,1.14743,1.1484
2025-06-17 20:00:00,1.14842,1.1485400000000001,1.14738,1.14817
2025-06-18 00:00:00,1.14815,1.15046,1.1480299999999999,1.14995
2025-06-18 04:00:00,1.14995,1.15231,1.14961,1.1513
2025-06-18 08:00:00,1.15128,1.15158,1.14916,1.1507
2025-06-18 12:00:00,1.15073,1.15299,1.14839,1.15198
2025-06-18 16:00:00,1.15198,1.15289,1.14605,1.1474199999999999
2025-06-18 20:00:00,1.1474,1.14887,1.14707,1.14758
2025-06-19 00:00:00,1.14756,1.14832,1.14502,1.14653
2025-06-19 04:00:00,1.14655,1.14767,1.1446,1.1461000000000001
2025-06-19 08:00:00,1.14611,1.14871,1.1455899999999999,1.14807
2025-06-19 12:00:00,1.14807,1.14858,1.14582,1.14598
2025-06-19 16:00:00,1.14596,1.14996,1.14542,1.14973
2025-06-19 20:00:00,1.14973,1.15122,1.14896,1.15112
2025-06-20 00:00:00,1.15111,1.15299,1.15102,1.1529
2025-06-20 04:00:00,1.15289,1.15319,1.1509800000000001,1.15163
2025-06-20 08:00:00,1.15162,1.15347,1.15112,1.15207
2025-06-20 12:00:00,1.15206,1.15285,1.1494900000000001,1.15191
2025-06-20 16:00:00,1.15192,1.15435,1.1515,1.15153
2025-06-20 20:00:00,1.15155,1.15222,1.15135,1.15213
2025-06-22 20:00:00,1.14539,1.1507,1.14539,1.14993
2025-06-23 00:00:00,1.14995,1.15063,1.14719,1.14935
2025-06-23 04:00:00,1.14935,1.15207,1.14851,1.14983
2025-06-23 08:00:00,1.14981,1.15017,1.14532,1.14723
2025-06-23 12:00:00,1.14722,1.15519,1.14566,1.15368
2025-06-23 16:00:00,1.1537,1.15783,1.15175,1.15779
2025-06-23 20:00:00,1.15779,1.16082,1.15732,1.15975
2025-06-24 00:00:00,1.15978,1.16096,1.1586400000000001,1.16051
2025-06-24 04:00:00,1.16053,1.16219,1.15795,1.15919
2025-06-24 08:00:00,1.15914,1.16177,1.15852,1.1608
2025-06-24 12:00:00,1.16078,1.16416,1.15818,1.1607
2025-06-24 16:00:00,1.16072,1.16322,1.1604700000000001,1.16123
2025-06-24 20:00:00,1.16126,1.16154,1.1601,1.1611799999999999
2025-06-25 00:00:00,1.1611799999999999,1.16314,1.16107,1.16115
2025-06-25 04:00:00,1.16115,1.16221,1.15897,1.15981
2025-06-25 08:00:00,1.15984,1.1613,1.15917,1.15988
2025-06-25 12:00:00,1.1598600000000001,1.16293,1.15895,1.16192
2025-06-25 16:00:00,1.1619,1.16649,1.1619,1.16581
2025-06-25 20:00:00,1.16582,1.16843,1.16496,1.16829
2025-06-26 00:00:00,1.16831,1.17171,1.16672,1.16941
2025-06-26 04:00:00,1.16941,1.17131,1.16714,1.171
2025-06-26 08:00:00,1.17102,1.17451,1.1693500000000001,1.16946
2025-06-26 12:00:00,1.16946,1.17206,1.16894,1.17164
2025-06-26 16:00:00,1.17163,1.174,1.17036,1.17043
2025-06-26 20:00:00,1.17045,1.17085,1.16806,1.16924
2025-06-27 00:00:00,1.16926,1.17092,1.16856,1.16954
2025-06-27 04:00:00,1.16954,1.17266,1.16829,1.17143
2025-06-27 08:00:00,1.17146,1.17259,1.17009,1.17138
2025-06-27 12:00:00,1.17138,1.1754,1.17027,1.17231
2025-06-27 16:00:00,1.17231,1.17322,1.16876,1.17063
2025-06-27 20:00:00,1.17061,1.17198,1.17056,1.17181
2025-06-29 20:00:00,1.17252,1.17383,1.1719,1.17265
2025-06-30 00:00:00,1.17267,1.17342,1.17114,1.17119
2025-06-30 04:00:00,1.17119,1.17504,1.17119,1.17244
2025-06-30 08:00:00,1.17243,1.17324,1.17132,1.17226
2025-06-30 12:00:00,1.17228,1.17715,1.17073,1.17695
2025-06-30 16:00:00,1.17693,1.17803,1.17486,1.17792
2025-06-30 20:00:00,1.17793,1.17904,1.17732,1.17859
2025-07-01 00:00:00,1.17859,1.18075,1.17775,1.1789100000000001
2025-07-01 04:00:00,1.1789100000000001,1.17936,1.17671,1.17855
2025-07-01 08:00:00,1.17855,1.18296,1.17742,1.18136
2025-07-01 12:00:00,1.18134,1.18171,1.17686,1.17756
2025-07-01 16:00:00,1.17758,1.17909,1.1761,1.17903
2025-07-01 20:00:00,1.17902,1.18066,1.17902,1.18047
2025-07-02 00:00:00,1.18045,1.181,1.17882,1.17998
2025-07-02 04:00:00,1.18,1.18008,1.17707,1.17739
2025-07-02 08:00:00,1.17737,1.17812,1.17463,1.17496
2025-07-02 12:00:00,1.17493,1.1789399999999999,1.1746699999999999,1.17888
2025-07-02 16:00:00,1.17888,1.1803,1.1785,1.18019
2025-07-02 20:00:00,1.1802,1.1802,1.17845,1.17981
2025-07-03 00:00:00,1.1797900000000001,1.18095,1.1789,1.17911
2025-07-03 04:00:00,1.17911,1.18097,1.17862,1.1801
2025-07-03 08:00:00,1.18007,1.1808,1.17829,1.17845
2025-07-03 12:00:00,1.17842,1.17895,1.17172,1.17566
2025-07-03 16:00:00,1.17568,1.1757900000000001,1.1739600000000001,1.17472
2025-07-03 20:00:00,1.17472,1.1771099999999999,1.17459,1.17685
2025-07-04 00:00:00,1.17686,1.17721,1.17557,1.17697
2025-07-04 04:00:00,1.17696,1.17851,1.17673,1.17695
2025-07-04 08:00:00,1.17695,1.17817,1.17678,1.17685
2025-07-04 12:00:00,1.17685,1.17872,1.17634,1.17784
2025-07-04 16:00:00,1.17784,1.17816,1.17718,1.1775
2025-07-04 20:00:00,1.17749,1.17821,1.17739,1.17775
2025-07-06 20:00:00,1.1782,1.17821,1.17721,1.17798
2025-07-07 00:00:00,1.178,1.17898,1.17643,1.17686
2025-07-07 04:00:00,1.17686,1.17734,1.17447,1.17453
2025-07-07 08:00:00,1.17451,1.17472,1.17217,1.17294
2025-07-07 12:00:00,1.17293,1.17451,1.17174,1.17324
2025-07-07 16:00:00,1.17327,1.17393,1.16861,1.17191
2025-07-07 20:00:00,1.1719,1.17383,1.1705,1.17361
2025-07-08 00:00:00,1.17363,1.17485,1.17305,1.17463
2025-07-08 04:00:00,1.17463,1.17651,1.17312,1.17594
2025-07-08 08:00:00,1.17594,1.17601,1.17208,1.17214
2025-07-08 12:00:00,1.17214,1.17243,1.16819,1.17063
2025-07-08 16:00:00,1.17064,1.17294,1.16959,1.17241
2025-07-08 20:00:00,1.17238,1.1729,1.17134,1.17231
2025-07-09 00:00:00,1.17232,1.17258,1.17026,1.17034
2025-07-09 04:00:00,1.17033,1.17282,1.17012,1.17076
2025-07-09 08:00:00,1.17073,1.17197,1.16894,1.1690800000000001
2025-07-09 12:00:00,1.1691,1.17243,1.1691,1.17058
2025-07-09 16:00:00,1.1706,1.17229,1.17004,1.17185
2025-07-09 20:00:00,1.17183,1.17392,1.17114,1.17375
2025-07-10 00:00:00,1.17375,1.17492,1.17333,1.1733500000000001
2025-07-10 04:00:00,1.1733500000000001,1.17433,1.17259,1.17324
2025-07-10 08:00:00,1.17326,1.17341,1.17077,1.17113
2025-07-10 12:00:00,1.17116,1.17142,1.16621,1.16868
2025-07-10 16:00:00,1.16868,1.16986,1.16812,1.16951
2025-07-10 20:00:00,1.1695,1.17068,1.16941,1.17013
2025-07-11 00:00:00,1.17014,1.17045,1.16644,1.16812
2025-07-11 04:00:00,1.16812,1.16955,1.16689,1.16887
2025-07-11 08:00:00,1.16889,1.17008,1.16792,1.16872
2025-07-11 12:00:00,1.16871,1.17136,1.16736,1.16957
2025-07-11 16:00:00,1.16955,1.16977,1.16853,1.16875
2025-07-11 20:00:00,1.16877,1.16936,1.16783,1.16902
2025-07-13 20:00:00,1.16662,1.16833,1.16582,1.1682299999999999
2025-07-14 00:00:00,1.16824,1.16974,1.1672500000000001,1.16808
2025-07-14 04:00:00,1.16806,1.16871,1.16538,1.16851
2025-07-14 08:00:00,1.16853,1.16967,1.1679,1.16882
2025-07-14 12:00:00,1.1688,1.16955,1.16667,1.16707
2025-07-14 16:00:00,1.16707,1.16756,1.16586,1.16678
2025-07-14 20:00:00,1.16678,1.16689,1.16573,1.16648
2025-07-15 00:00:00,1.16648,1.16773,1.16644,1.16753
2025-07-15 04:00:00,1.16754,1.16922,1.16712,1.16902
2025-07-15 08:00:00,1.16903,1.16909,1.1667,1.1669100000000001
2025-07-15 12:00:00,1.1669,1.16907,1.16002,1.16176
2025-07-15 16:00:00,1.16178,1.16199,1.15926,1.16007
2025-07-15 20:00:00,1.16005,1.16075,1.15952,1.1607
2025-07-16 00:00:00,1.16071,1.16151,1.1602000000000001,1.16107
2025-07-16 04:00:00,1.16107,1.16279,1.16097,1.16184
2025-07-16 08:00:00,1.1618,1.1626,1.16004,1.16033
2025-07-16 12:00:00,1.16035,1.17212,1.15617,1.16283
2025-07-16 16:00:00,1.16282,1.16583,1.1615199999999999,1.16356
2025-07-16 20:00:00,1.16353,1.1642299999999999,1.16313,1.16351
2025-07-17 00:00:00,1.1635,1.1635900000000001,1.16133,1.16185
2025-07-17 04:00:00,1.16184,1.16268,1.15728,1.15902
2025-07-17 08:00:00,1.15901,1.16048,1.15697,1.15743
2025-07-17 12:00:00,1.15743,1.16022,1.15564,1.15958
2025-07-17 16:00:00,1.15961,1.16015,1.15793,1.15968
2025-07-17 20:00:00,1.1596899999999999,1.16194,1.15904,1.16145
2025-07-18 00:00:00,1.16146,1.16337,1.1614200000000001,1.16237
2025-07-18 04:00:00,1.16236,1.16308,1.16116,1.16285
2025-07-18 08:00:00,1.16285,1.16477,1.16275,1.16439
2025-07-18 12:00:00,1.16438,1.16715,1.1642299999999999,1.16443
2025-07-18 16:00:00,1.16445,1.1648399999999999,1.16167,1.16218
2025-07-18 20:00:00,1.16216,1.1627,1.16191,1.16242
2025-07-20 20:00:00,1.1625,1.16341,1.16219,1.16293
2025-07-21 00:00:00,1.16292,1.16358,1.16139,1.1625
2025-07-21 04:00:00,1.16249,1.1647,1.16226,1.16429
2025-07-21 08:00:00,1.1643,1.16695,1.16333,1.16671
2025-07-21 12:00:00,1.16671,1.17166,1.16575,1.17045
2025-07-21 16:00:00,1.17043,1.17055,1.1685699999999999,1.16892
2025-07-21 20:00:00,1.16892,1.16956,1.16878,1.16944
2025-07-22 00:00:00,1.1694499999999999,1.16954,1.16821,1.1687
2025-07-22 04:00:00,1.1687,1.16941,1.16812,1.16858
2025-07-22 08:00:00,1.16859,1.17089,1.16836,1.17012
2025-07-22 12:00:00,1.17012,1.17487,1.16783,1.17473
2025-07-22 16:00:00,1.17475,1.17603,1.17415,1.17509
2025-07-22 20:00:00,1.17507,1.17556,1.17358,1.17374
2025-07-23 00:00:00,1.17375,1.17483,1.17302,1.17389
2025-07-23 04:00:00,1.17389,1.17525,1.17267,1.17415
2025-07-23 08:00:00,1.17415,1.17477,1.17228,1.17252
2025-07-23 12:00:00,1.17254,1.1758,1.17107,1.17462
2025-07-23 16:00:00,1.17463,1.17748,1.17427,1.17726
2025-07-23 20:00:00,1.17728,1.17785,1.17657,1.17727
2025-07-24 00:00:00,1.17726,1.17798,1.17617,1.17749
2025-07-24 04:00:00,1.17746,1.17778,1.17548,1.17612
2025-07-24 08:00:00,1.17614,1.17678,1.17429,1.1755200000000001
2025-07-24 12:00:00,1.17555,1.17886,1.17302,1.17644
2025-07-24 16:00:00,1.17644,1.17778,1.17567,1.17581
2025-07-24 20:00:00,1.17578,1.17597,1.17354,1.17541
2025-07-25 00:00:00,1.17543,1.17583,1.17334,1.17419
2025-07-25 04:00:00,1.17418,1.17605,1.1734,1.17523
2025-07-25 08:00:00,1.17522,1.17575,1.17106,1.17205
2025-07-25 12:00:00,1.17203,1.17383,1.17027,1.17283
2025-07-25 16:00:00,1.17286,1.17465,1.17201,1.17434
2025-07-25 20:00:00,1.17434,1.17435,1.1737,1.174
2025-07-27 20:00:00,1.17533,1.17676,1.175,1.17549
2025-07-28 00:00:00,1.17548,1.177,1.17461,1.17559
2025-07-28 04:00:00,1.1756,1.17578,1.167,1.16748
2025-07-28 08:00:00,1.16747,1.169,1.16432,1.16504
2025-07-28 12:00:00,1.16506,1.16646,1.16075,1.16086
2025-07-28 16:00:00,1.16087,1.16107,1.1584699999999999,1.15913
2025-07-28 20:00:00,1.15913,1.15964,1.15819,1.1595900000000001
2025-07-29 00:00:00,1.1596,1.15988,1.15809,1.15824
2025-07-29 04:00:00,1.15824,1.15899,1.15261,1.15543
2025-07-29 08:00:00,1.15544,1.1588,1.1537,1.15399
2025-07-29 12:00:00,1.15397,1.15511,1.15185,1.15331
2025-07-29 16:00:00,1.15333,1.15601,1.15333,1.15496
2025-07-29 20:00:00,1.15495,1.15524,1.15419,1.15504
2025-07-30 00:00:00,1.15501,1.15722,1.15501,1.15614
2025-07-30 04:00:00,1.15614,1.15682,1.15396,1.15529
2025-07-30 08:00:00,1.15529,1.15603,1.15216,1.15308
2025-07-30 12:00:00,1.15311,1.1534200000000001,1.14574,1.14684
2025-07-30 16:00:00,1.14685,1.15029,1.14136,1.14238
2025-07-30 20:00:00,1.1424,1.14301,1.13982,1.14276
2025-07-31 00:00:00,1.14276,1.14379,1.14073,1.14229
2025-07-31 04:00:00,1.14228,1.14604,1.14189,1.14483
2025-07-31 08:00:00,1.14485,1.14548,1.14203,1.14487
2025-07-31 12:00:00,1.14485,1.14507,1.14052,1.143
2025-07-31 16:00:00,1.14298,1.14327,1.14117,1.1412
2025-07-31 20:00:00,1.1412200000000001,1.14256,1.14087,1.14213
2025-08-01 00:00:00,1.14213,1.14285,1.14044,1.14181
2025-08-01 04:00:00,1.14182,1.14377,1.14121,1.14185
2025-08-01 08:00:00,1.14182,1.1421999999999999,1.13927,1.14044
2025-08-01 12:00:00,1.14042,1.15879,1.13909,1.15539
2025-08-01 16:00:00,1.15537,1.15818,1.15161,1.15689
2025-08-01 20:00:00,1.15687,1.15967,1.15683,1.15872
2025-08-03 20:00:00,1.1588,1.15952,1.1577600000000001,1.15871
2025-08-04 00:00:00,1.15871,1.15884,1.15496,1.15786
2025-08-04 04:00:00,1.15786,1.1585,1.15504,1.15631
2025-08-04 08:00:00,1.15633,1.1586,1.15491,1.15663
2025-08-04 12:00:00,1.15666,1.15883,1.15564,1.15667
2025-08-04 16:00:00,1.1567,1.15775,1.15565,1.15672
2025-08-04 20:00:00,1.15675,1.1585,1.1565,1.15835
2025-08-05 00:00:00,1.15835,1.15875,1.15536,1.1555
2025-08-05 04:00:00,1.1555,1.15618,1.15328,1.15457
2025-08-05 08:00:00,1.15457,1.15488,1.15271,1.15389
2025-08-05 12:00:00,1.15391,1.15846,1.15297,1.15789
2025-08-05 16:00:00,1.15789,1.15859,1.15661,1.15723
2025-08-05 20:00:00,1.15723,1.15811,1.15704,1.1578
2025-08-06 00:00:00,1.15781,1.1584699999999999,1.15639,1.15795
2025-08-06 04:00:00,1.15795,1.15881,1.1571,1.15805
2025-08-06 08:00:00,1.15808,1.16149,1.157,1.16041
2025-08-06 12:00:00,1.16038,1.16465,1.15999,1.1646
2025-08-06 16:00:00,1.1645699999999999,1.16683,1.16304,1.16562
2025-08-06 20:00:00,1.16563,1.16657,1.16497,1.16625
2025-08-07 00:00:00,1.16624,1.16649,1.16493,1.16642
2025-08-07 04:00:00,1.16643,1.1690800000000001,1.16624,1.16892
2025-08-07 08:00:00,1.16892,1.16985,1.16338,1.1644
2025-08-07 12:00:00,1.16439,1.16621,1.16104,1.16392
2025-08-07 16:00:00,1.16395,1.16565,1.16189,1.1654200000000001
2025-08-07 20:00:00,1.16543,1.16779,1.1654200000000001,1.16763
2025-08-08 00:00:00,1.16766,1.16789,1.16546,1.16596
2025-08-08 04:00:00,1.16596,1.16642,1.16384,1.16586
2025-08-08 08:00:00,1.16586,1.16626,1.16282,1.16434
2025-08-08 12:00:00,1.16431,1.1667399999999999,1.16374,1.16594
2025-08-08 16:00:00,1.16594,1.16665,1.1635900000000001,1.1642299999999999
2025-08-08 20:00:00,1.16424,1.16433,1.16381,1.16413
2025-08-10 20:00:00,1.1645699999999999,1.1650800000000001,1.16418,1.16471
2025-08-11 00:00:00,1.16472,1.16751,1.16415,1.16707
2025-08-11 04:00:00,1.16707,1.1675,1.16456,1.16464
2025-08-11 08:00:00,1.16466,1.16599,1.16227,1.16285
2025-08-11 12:00:00,1.16286,1.16308,1.15896,1.16063
2025-08-11 16:00:00,1.16062,1.16137,1.15981,1.16045
2025-08-11 20:00:00,1.16046,1.16191,1.16038,1.16159
2025-08-12 00:00:00,1.16158,1.16253,1.16115,1.16201
2025-08-12 04:00:00,1.16201,1.16287,1.16074,1.16199
2025-08-12 08:00:00,1.16199,1.16222,1.15982,1.16048
2025-08-12 12:00:00,1.1605,1.1696900000000001,1.16009,1.16718
2025-08-12 16:00:00,1.16719,1.16854,1.16641,1.16742
2025-08-12 20:00:00,1.16741,1.16789,1.16671,1.16774
2025-08-13 00:00:00,1.16772,1.16873,1.1670099999999999,1.16835
2025-08-13 04:00:00,1.16833,1.17126,1.16763,1.17076
2025-08-13 08:00:00,1.17074,1.17299,1.17064,1.1718600000000001
2025-08-13 12:00:00,1.1718600000000001,1.17231,1.16924,1.17133
2025-08-13 16:00:00,1.17133,1.17149,1.16955,1.16992
2025-08-13 20:00:00,1.16992,1.17122,1.16989,1.1712
2025-08-14 00:00:00,1.1712,1.17146,1.16987,1.17033
2025-08-14 04:00:00,1.17033,1.17064,1.16773,1.16795
2025-08-14 08:00:00,1.16794,1.1696900000000001,1.16676,1.16877
2025-08-14 12:00:00,1.16878,1.16919,1.16369,1.16426
2025-08-14 16:00:00,1.16425,1.16499,1.16306,1.16479
2025-08-14 20:00:00,1.16478,1.16526,1.16443,1.16503
2025-08-15 00:00:00,1.16503,1.16642,1.16462,1.16598
2025-08-15 04:00:00,1.16598,1.16837,1.16583,1.16822
2025-08-15 08:00:00,1.16822,1.16914,1.16761,1.16872
2025-08-15 12:00:00,1.16872,1.17149,1.16734,1.1706699999999999
2025-08-15 16:00:00,1.17066,1.1708,1.1698,1.17007
2025-08-15 20:00:00,1.1700599999999999,1.17078,1.17003,1.17043
2025-08-17 20:00:00,1.1708,1.17157,1.17034,1.17059
2025-08-18 00:00:00,1.17059,1.17105,1.16932,1.17034
2025-08-18 04:00:00,1.17034,1.1710099999999999,1.16798,1.16811
2025-08-18 08:00:00,1.16811,1.16881,1.16707,1.16746
2025-08-18 12:00:00,1.16747,1.16841,1.16601,1.16668
2025-08-18 16:00:00,1.16667,1.167,1.16557,1.1667
2025-08-18 20:00:00,1.16667,1.16744,1.16578,1.1667399999999999
2025-08-19 00:00:00,1.1667399999999999,1.167,1.16388,1.16545
2025-08-19 04:00:00,1.16544,1.1684,1.16507,1.16831
2025-08-19 08:00:00,1.16832,1.16925,1.16712,1.16852
2025-08-19 12:00:00,1.16854,1.1687400000000001,1.16574,1.16584
2025-08-19 16:00:00,1.16586,1.16629,1.1642000000000001,1.16461
2025-08-19 20:00:00,1.16461,1.1649,1.16403,1.16411
2025-08-20 00:00:00,1.16411,1.16422,1.16214,1.16327
2025-08-20 04:00:00,1.16326,1.16464,1.16227,1.16442
2025-08-20 08:00:00,1.1644,1.16571,1.16311,1.16414
2025-08-20 12:00:00,1.16417,1.16733,1.16417,1.16474
2025-08-20 16:00:00,1.16474,1.16722,1.16474,1.16525
2025-08-20 20:00:00,1.16526,1.16553,1.1644700000000001,1.16505
2025-08-21 00:00:00,1.16505,1.16513,1.16408,1.16455
2025-08-21 04:00:00,1.16455,1.16608,1.16245,1.16577
2025-08-21 08:00:00,1.16578,1.16625,1.16391,1.164
2025-08-21 12:00:00,1.16402,1.16559,1.16007,1.16043
2025-08-21 16:00:00,1.16041,1.16183,1.16009,1.16048
2025-08-21 20:00:00,1.1604700000000001,1.16143,1.1599599999999999,1.16121
2025-08-22 00:00:00,1.16121,1.16163,1.15885,1.15891
2025-08-22 04:00:00,1.15892,1.1598600000000001,1.15822,1.15943
2025-08-22 08:00:00,1.15941,1.16059,1.1590799999999999,1.16039
2025-08-22 12:00:00,1.16041,1.17318,1.15972,1.1712
2025-08-22 16:00:00,1.17118,1.17421,1.17115,1.17195
2025-08-22 20:00:00,1.17194,1.17264,1.17176,1.17206
2025-08-24 20:00:00,1.17199,1.17245,1.17071,1.17078
2025-08-25 00:00:00,1.17076,1.1708,1.16933,1.17062
2025-08-25 04:00:00,1.17062,1.17203,1.1694,1.16973
2025-08-25 08:00:00,1.16972,1.17104,1.1685,1.17025
2025-08-25 12:00:00,1.17025,1.17086,1.16651,1.1669
2025-08-25 16:00:00,1.1669,1.16693,1.16023,1.1609
2025-08-25 20:00:00,1.1609,1.1625,1.16088,1.1614200000000001
2025-08-26 00:00:00,1.16143,1.16595,1.16097,1.16255
2025-08-26 04:00:00,1.16253,1.16439,1.16016,1.1621299999999999
2025-08-26 08:00:00,1.16216,1.1660300000000001,1.16054,1.16533
2025-08-26 12:00:00,1.16533,1.1665,1.1637,1.16554
2025-08-26 16:00:00,1.16556,1.16612,1.16331,1.16399
2025-08-26 20:00:00,1.16398,1.16473,1.16332,1.16369
2025-08-27 00:00:00,1.16368,1.16415,1.16212,1.16246
2025-08-27 04:00:00,1.16246,1.16251,1.15956,1.16033
2025-08-27 08:00:00,1.16032,1.16034,1.15738,1.15858
2025-08-27 12:00:00,1.15858,1.16117,1.15817,1.16102
2025-08-27 16:00:00,1.16102,1.16425,1.16102,1.16332
2025-08-27 20:00:00,1.16332,1.16474,1.1631,1.1647
2025-08-28 00:00:00,1.1647,1.16544,1.16408,1.16426
2025-08-28 04:00:00,1.16427,1.16493,1.16332,1.16434
2025-08-28 08:00:00,1.16432,1.16746,1.16284,1.1666
2025-08-28 12:00:00,1.16662,1.16865,1.16583,1.16718
2025-08-28 16:00:00,1.16715,1.16972,1.16712,1.1682299999999999
2025-08-28 20:00:00,1.1682299999999999,1.16831,1.16724,1.16781
2025-08-29 00:00:00,1.16782,1.16819,1.16557,1.16621
2025-08-29 04:00:00,1.16621,1.16767,1.1658,1.16755
2025-08-29 08:00:00,1.16754,1.16899,1.16606,1.16626
2025-08-29 12:00:00,1.16625,1.17086,1.16507,1.16938
2025-08-29 16:00:00,1.1694,1.1706699999999999,1.16927,1.16976
2025-08-29 20:00:00,1.1697899999999999,1.17003,1.16807,1.16851
2025-08-31 20:00:00,1.16915,1.16931,1.16852,1.16897
2025-09-01 00:00:00,1.16895,1.1714,1.16875,1.17079
2025-09-01 04:00:00,1.17077,1.17329,1.17042,1.17248
2025-09-01 08:00:00,1.17245,1.17359,1.17127,1.17139
2025-09-01 12:00:00,1.17137,1.17175,1.16989,1.16994
2025-09-01 16:00:00,1.16995,1.17133,1.16962,1.1712500000000001
2025-09-01 20:00:00,1.17122,1.17177,1.17052,1.17143
2025-09-02 00:00:00,1.17145,1.17154,1.1692,1.16949
2025-09-02 04:00:00,1.16949,1.17061,1.16427,1.16455
2025-09-02 08:00:00,1.16456,1.16554,1.16232,1.16462
2025-09-02 12:00:00,1.16465,1.16821,1.16124,1.16523
2025-09-02 16:00:00,1.16523,1.16546,1.16291,1.16408
2025-09-02 20:00:00,1.16409,1.16438,1.16322,1.1632500000000001
2025-09-03 00:00:00,1.1632500000000001,1.16361,1.16225,1.1623
2025-09-03 04:00:00,1.16232,1.16426,1.16077,1.16354
2025-09-03 08:00:00,1.16356,1.16646,1.16351,1.16513
2025-09-03 12:00:00,1.1651,1.16819,1.16379,1.16748
2025-09-03 16:00:00,1.16748,1.16772,1.16554,1.16581
2025-09-03 20:00:00,1.16578,1.16642,1.16551,1.16605
2025-09-04 00:00:00,1.16607,1.1669,1.16497,1.16529
2025-09-04 04:00:00,1.16529,1.1661,1.16436,1.16504
2025-09-04 08:00:00,1.16501,1.16594,1.16388,1.1642299999999999
2025-09-04 12:00:00,1.16426,1.16583,1.16294,1.16472
2025-09-04 16:00:00,1.1647,1.16516,1.1633499999999999,1.16503
2025-09-04 20:00:00,1.16502,1.16573,1.16446,1.16562
2025-09-05 00:00:00,1.16562,1.1674,1.16521,1.16708
2025-09-05 04:00:00,1.16708,1.16785,1.16647,1.16773
2025-09-05 08:00:00,1.1677,1.1696,1.16747,1.16867
2025-09-05 12:00:00,1.16868,1.1758899999999999,1.16854,1.1758
2025-09-05 16:00:00,1.17578,1.17593,1.17127,1.17177
2025-09-05 20:00:00,1.17179,1.17217,1.17143,1.17182
2025-09-07 20:00:00,1.17114,1.1718899999999999,1.17034,1.17119
2025-09-08 00:00:00,1.17121,1.1717,1.17044,1.17092
2025-09-08 04:00:00,1.17092,1.1733500000000001,1.17057,1.17322
2025-09-08 08:00:00,1.17324,1.17424,1.17195,1.17287
2025-09-08 12:00:00,1.17285,1.17558,1.17222,1.17499
2025-09-08 16:00:00,1.17498,1.17652,1.17346,1.17622
2025-09-08 20:00:00,1.17619,1.17724,1.17557,1.17682
2025-09-09 00:00:00,1.17682,1.17776,1.17631,1.17637
2025-09-09 04:00:00,1.17637,1.17798,1.17473,1.17524
2025-09-09 08:00:00,1.17523,1.17719,1.17409,1.17416
2025-09-09 12:00:00,1.1742,1.1762299999999999,1.1715200000000001,1.17217
2025-09-09 16:00:00,1.17219,1.17295,1.17034,1.17063
2025-09-09 20:00:00,1.17063,1.17134,1.1696900000000001,1.17021
2025-09-10 00:00:00,1.1702,1.17098,1.1689,1.17075
2025-09-10 04:00:00,1.17075,1.17181,1.16822,1.17023
2025-09-10 08:00:00,1.17024,1.17165,1.16905,1.17043
2025-09-10 12:00:00,1.17045,1.17302,1.16907,1.17142
2025-09-10 16:00:00,1.17145,1.17159,1.1693,1.16999
2025-09-10 20:00:00,1.16997,1.17065,1.16902,1.17023
2025-09-11 00:00:00,1.17022,1.17022,1.16926,1.16955
2025-09-11 04:00:00,1.16955,1.16992,1.16835,1.16924
2025-09-11 08:00:00,1.16925,1.16949,1.1677,1.16836
2025-09-11 12:00:00,1.16837,1.17458,1.16602,1.17311
2025-09-11 16:00:00,1.17314,1.17393,1.17273,1.17362
2025-09-11 20:00:00,1.17362,1.17402,1.173,1.17329
2025-09-12 00:00:00,1.17327,1.17341,1.17222,1.17249
2025-09-12 04:00:00,1.17248,1.17474,1.17204,1.17401
2025-09-12 08:00:00,1.17401,1.1740599999999999,1.1712,1.17209
2025-09-12 12:00:00,1.17209,1.17278,1.17008,1.17137
2025-09-12 16:00:00,1.17137,1.17414,1.17096,1.17364
2025-09-12 20:00:00,1.17361,1.17364,1.1728399999999999,1.17341
2025-09-14 20:00:00,1.17314,1.1734499999999999,1.1724700000000001,1.17254
2025-09-15 00:00:00,1.17252,1.17339,1.17215,1.17307
2025-09-15 04:00:00,1.1730800000000001,1.17439,1.17158,1.17334
2025-09-15 08:00:00,1.17333,1.17628,1.17296,1.17605
2025-09-15 12:00:00,1.17607,1.17729,1.17506,1.17709
2025-09-15 16:00:00,1.17709,1.17743,1.17559,1.17655
2025-09-15 20:00:00,1.17652,1.17696,1.17554,1.17625
2025-09-16 00:00:00,1.17625,1.17865,1.17571,1.17799
2025-09-16 04:00:00,1.17799,1.18014,1.17733,1.17938
2025-09-16 08:00:00,1.17937,1.18211,1.17899,1.18137
2025-09-16 12:00:00,1.18138,1.18527,1.17901,1.1846700000000001
2025-09-16 16:00:00,1.18466,1.18783,1.18459,1.18602
2025-09-16 20:00:00,1.1859899999999999,1.18726,1.18525,1.18706
2025-09-17 00:00:00,1.18706,1.18728,1.18509,1.18516
2025-09-17 04:00:00,1.18516,1.18597,1.1837900000000001,1.18401
2025-09-17 08:00:00,1.18401,1.18508,1.18325,1.1839
2025-09-17 12:00:00,1.1839,1.18589,1.18338,1.18442
2025-09-17 16:00:00,1.18444,1.19185,1.18189,1.18243
2025-09-17 20:00:00,1.18243,1.18285,1.18076,1.18249
2025-09-18 00:00:00,1.18249,1.1828400000000001,1.18072,1.1812
2025-09-18 04:00:00,1.1812,1.18385,1.17801,1.18313
2025-09-18 08:00:00,1.18311,1.18478,1.18193,1.18252
2025-09-18 12:00:00,1.1825,1.18259,1.17497,1.17791
2025-09-18 16:00:00,1.17789,1.17935,1.17717,1.17845
2025-09-18 20:00:00,1.17847,1.17903,1.17809,1.17885
2025-09-19 00:00:00,1.17886,1.17921,1.17717,1.17815
2025-09-19 04:00:00,1.17817,1.17893,1.17571,1.17697
2025-09-19 08:00:00,1.17697,1.17708,1.17347,1.17366
2025-09-19 12:00:00,1.17366,1.1767400000000001,1.17285,1.17516
2025-09-19 16:00:00,1.17514,1.17549,1.17407,1.17473
2025-09-19 20:00:00,1.17474,1.17475,1.17403,1.17449
2025-09-21 20:00:00,1.17383,1.17487,1.17355,1.17363
2025-09-22 00:00:00,1.1736,1.17405,1.17256,1.17321
2025-09-22 04:00:00,1.17321,1.1754,1.17261,1.17483
2025-09-22 08:00:00,1.17481,1.17854,1.1746699999999999,1.17776
2025-09-22 12:00:00,1.17777,1.17877,1.17624,1.17721
2025-09-22 16:00:00,1.17722,1.18018,1.1771,1.17993
2025-09-22 20:00:00,1.17994,1.18037,1.17887,1.18002
2025-09-23 00:00:00,1.18002,1.18198,1.17963,1.18054
2025-09-23 04:00:00,1.18054,1.18076,1.17791,1.17906
2025-09-23 08:00:00,1.17905,1.18119,1.17835,1.17915
2025-09-23 12:00:00,1.17915,1.18051,1.17837,1.1797900000000001
2025-09-23 16:00:00,1.1798,1.18179,1.17913,1.18158
2025-09-23 20:00:00,1.1816,1.18186,1.1807699999999999,1.18152
2025-09-24 00:00:00,1.18151,1.1816200000000001,1.17945,1.17971
2025-09-24 04:00:00,1.17971,1.18048,1.17837,1.17885
2025-09-24 08:00:00,1.17883,1.17883,1.1746,1.17488
2025-09-24 12:00:00,1.17487,1.17577,1.17277,1.17414
2025-09-24 16:00:00,1.17414,1.17434,1.17297,1.17376
2025-09-24 20:00:00,1.17374,1.17459,1.17346,1.17418
2025-09-25 00:00:00,1.17416,1.17533,1.17401,1.17522
2025-09-25 04:00:00,1.17521,1.17531,1.17309,1.17332
2025-09-25 08:00:00,1.17332,1.17537,1.17302,1.17398
2025-09-25 12:00:00,1.17398,1.17451,1.16665,1.1672
2025-09-25 16:00:00,1.16722,1.16829,1.16452,1.16604
2025-09-25 20:00:00,1.16602,1.16687,1.16539,1.16616
2025-09-26 00:00:00,1.16616,1.16792,1.16575,1.16779
2025-09-26 04:00:00,1.16777,1.16837,1.1668,1.16726
2025-09-26 08:00:00,1.16728,1.1687400000000001,1.16614,1.16673
2025-09-26 12:00:00,1.16673,1.17042,1.16663,1.16907
2025-09-26 16:00:00,1.1690800000000001,1.17054,1.16862,1.17053
2025-09-26 20:00:00,1.17051,1.1707,1.16986,1.16998
2025-09-28 20:00:00,1.17012,1.17094,1.16986,1.17045
2025-09-29 00:00:00,1.17045,1.17289,1.1703999999999999,1.17246
2025-09-29 04:00:00,1.17248,1.17329,1.17173,1.17265
2025-09-29 08:00:00,1.17267,1.17306,1.17075,1.17287
2025-09-29 12:00:00,1.17287,1.17543,1.17181,1.17286
2025-09-29 16:00:00,1.17288,1.17328,1.17197,1.17273
2025-09-29 20:00:00,1.17271,1.1732,1.17231,1.17303
2025-09-30 00:00:00,1.17301,1.17312,1.17119,1.17234
2025-09-30 04:00:00,1.17235,1.17479,1.17181,1.17414
2025-09-30 08:00:00,1.17416,1.17614,1.17363,1.17422
2025-09-30 12:00:00,1.17421,1.17519,1.1716199999999999,1.17338
2025-09-30 16:00:00,1.1734,1.17612,1.17334,1.17392
2025-09-30 20:00:00,1.17394,1.17423,1.17291,1.17347
2025-10-01 00:00:00,1.17344,1.17402,1.17293,1.17373
2025-10-01 04:00:00,1.17375,1.17782,1.17375,1.17497
2025-10-01 08:00:00,1.17497,1.17653,1.17155,1.17339
2025-10-01 12:00:00,1.17339,1.17683,1.17209,1.17227
2025-10-01 16:00:00,1.17224,1.17415,1.17149,1.17303
2025-10-01 20:00:00,1.17304,1.1737,1.17258,1.17324
2025-10-02 00:00:00,1.17323,1.17417,1.17235,1.1734499999999999
2025-10-02 04:00:00,1.1734499999999999,1.17563,1.1729,1.17498
2025-10-02 08:00:00,1.17498,1.1758,1.17445,1.17502
2025-10-02 12:00:00,1.175,1.17582,1.16828,1.16963
2025-10-02 16:00:00,1.16961,1.17263,1.16946,1.17184
2025-10-02 20:00:00,1.17184,1.17256,1.17121,1.17241
2025-10-03 00:00:00,1.17241,1.17289,1.1716,1.1726
2025-10-03 04:00:00,1.17259,1.17338,1.17146,1.17317
2025-10-03 08:00:00,1.17319,1.17444,1.17307,1.17337
2025-10-03 12:00:00,1.17338,1.17591,1.17264,1.17458
2025-10-03 16:00:00,1.1746,1.1748,1.17265,1.17404
2025-10-03 20:00:00,1.17404,1.1743999999999999,1.17382,1.17408
2025-10-05 20:00:00,1.17239,1.17285,1.1706,1.17115
2025-10-06 00:00:00,1.17117,1.17305,1.17094,1.1724
2025-10-06 04:00:00,1.1724,1.17272,1.16619,1.16625
2025-10-06 08:00:00,1.16623,1.16795,1.16515,1.16751
2025-10-06 12:00:00,1.16749,1.17207,1.1672500000000001,1.1706
2025-10-06 16:00:00,1.17063,1.17167,1.17027,1.17104
2025-10-06 20:00:00,1.17102,1.17143,1.17063,1.1709100000000001
2025-10-07 00:00:00,1.17092,1.17109,1.16962,1.17028
2025-10-07 04:00:00,1.17027,1.1707,1.16699,1.1676199999999999
2025-10-07 08:00:00,1.16759,1.1682299999999999,1.16535,1.16621
2025-10-07 12:00:00,1.16621,1.1679599999999999,1.16533,1.16726
2025-10-07 16:00:00,1.16728,1.16807,1.16471,1.16501
2025-10-07 20:00:00,1.16499,1.16608,1.16486,1.16525
2025-10-08 00:00:00,1.16525,1.16528,1.16167,1.16235
2025-10-08 04:00:00,1.16235,1.16338,1.16067,1.16306
2025-10-08 08:00:00,1.16305,1.1636,1.16054,1.1626
2025-10-08 12:00:00,1.16261,1.16444,1.16024,1.16056
2025-10-08 16:00:00,1.16058,1.16279,1.1598,1.16276
2025-10-08 20:00:00,1.16275,1.16346,1.16218,1.16288
2025-10-09 00:00:00,1.16286,1.16473,1.16277,1.16444
2025-10-09 04:00:00,1.16445,1.16479,1.1606,1.1610800000000001
2025-10-09 08:00:00,1.16105,1.16271,1.16028,1.1611799999999999
2025-10-09 12:00:00,1.1612,1.16229,1.15468,1.15583
2025-10-09 16:00:00,1.15585,1.15661,1.15417,1.1559300000000001
2025-10-09 20:00:00,1.15591,1.15668,1.15567,1.15651
2025-10-10 00:00:00,1.15649,1.15738,1.15604,1.15726
2025-10-10 04:00:00,1.15726,1.15796,1.15606,1.1577600000000001
2025-10-10 08:00:00,1.15777,1.15891,1.15601,1.15608
2025-10-10 12:00:00,1.15606,1.16303,1.15587,1.16123
2025-10-10 16:00:00,1.16121,1.16254,1.15966,1.16123
2025-10-10 20:00:00,1.16123,1.16286,1.16036,1.16217
2025-10-12 20:00:00,1.16077,1.16133,1.15917,1.16013
2025-10-13 00:00:00,1.16012,1.16273,1.1599599999999999,1.16202
2025-10-13 04:00:00,1.16202,1.16295,1.15971,1.1599599999999999
2025-10-13 08:00:00,1.15997,1.16045,1.15651,1.1568
2025-10-13 12:00:00,1.1568100000000001,1.15771,1.1557,1.15734
2025-10-13 16:00:00,1.15735,1.15789,1.15655,1.1566
2025-10-13 20:00:00,1.1566,1.15735,1.15632,1.1565400000000001
2025-10-14 00:00:00,1.1565400000000001,1.15816,1.15547,1.15783
2025-10-14 04:00:00,1.15782,1.15932,1.15421,1.15492
2025-10-14 08:00:00,1.15492,1.15628,1.15453,1.15518
2025-10-14 12:00:00,1.15519,1.16078,1.15476,1.16067
2025-10-14 16:00:00,1.16069,1.16147,1.16008,1.16054
2025-10-14 20:00:00,1.16053,1.16094,1.15993,1.16029
2025-10-15 00:00:00,1.16029,1.16256,1.16014,1.1622
2025-10-15 04:00:00,1.16222,1.16441,1.16165,1.16353
2025-10-15 08:00:00,1.16352,1.1645,1.16192,1.16198
2025-10-15 12:00:00,1.16199,1.16469,1.16103,1.16365
2025-10-15 16:00:00,1.16367,1.16444,1.16267,1.16439
2025-10-15 20:00:00,1.16439,1.16517,1.16402,1.16455
2025-10-16 00:00:00,1.16454,1.16749,1.16426,1.16617
2025-10-16 04:00:00,1.16617,1.16675,1.16426,1.16521
2025-10-16 08:00:00,1.16519,1.16635,1.16461,1.16537
2025-10-16 12:00:00,1.16535,1.16778,1.16485,1.16642
2025-10-16 16:00:00,1.1663999999999999,1.16938,1.16639,1.16885
2025-10-16 20:00:00,1.16883,1.16994,1.16843,1.16988
2025-10-17 00:00:00,1.16988,1.17121,1.16946,1.17088
2025-10-17 04:00:00,1.17089,1.1728,1.1693,1.17111
2025-10-17 08:00:00,1.17113,1.17158,1.168,1.16846
2025-10-17 12:00:00,1.16848,1.16861,1.16563,1.1673
2025-10-17 16:00:00,1.16728,1.1679,1.16636,1.16702
2025-10-17 20:00:00,1.16702,1.16702,1.16485,1.16505
2025-10-19 20:00:00,1.16626,1.16638,1.16513,1.16576
2025-10-20 00:00:00,1.16578,1.16703,1.16563,1.16681
2025-10-20 04:00:00,1.1668,1.16751,1.16531,1.16621
2025-10-20 08:00:00,1.16622,1.16673,1.16443,1.1656
2025-10-20 12:00:00,1.16561,1.16641,1.16458,1.16548
2025-10-20 16:00:00,1.16551,1.1658,1.16379,1.16407
2025-10-20 20:00:00,1.16406,1.16451,1.16385,1.16438
2025-10-21 00:00:00,1.16437,1.16549,1.16324,1.16342
2025-10-21 04:00:00,1.16342,1.16376,1.16183,1.16252
2025-10-21 08:00:00,1.1625,1.16273,1.16062,1.16128
2025-10-21 12:00:00,1.16127,1.1617899999999999,1.15972,1.16149
2025-10-21 16:00:00,1.16151,1.16241,1.1599599999999999,1.16005
2025-10-21 20:00:00,1.16007,1.16033,1.15967,1.1599
2025-10-22 00:00:00,1.15992,1.16105,1.15992,1.16067
2025-10-22 04:00:00,1.16067,1.1615199999999999,1.15991,1.16004
2025-10-22 08:00:00,1.16003,1.16015,1.15818,1.15824
2025-10-22 12:00:00,1.15824,1.16164,1.15765,1.1610800000000001
2025-10-22 16:00:00,1.1611,1.16221,1.16045,1.16055
2025-10-22 20:00:00,1.16055,1.1614200000000001,1.16054,1.16069
2025-10-23 00:00:00,1.16069,1.16072,1.15918,1.15927
2025-10-23 04:00:00,1.15926,1.16037,1.15901,1.1599599999999999
2025-10-23 08:00:00,1.1599599999999999,1.16059,1.15851,1.15868
2025-10-23 12:00:00,1.1587,1.16195,1.15861,1.16111
2025-10-23 16:00:00,1.16113,1.16197,1.16041,1.16159
2025-10-23 20:00:00,1.16159,1.1621,1.16133,1.16167
2025-10-24 00:00:00,1.16166,1.16212,1.16068,1.16087
2025-10-24 04:00:00,1.16087,1.16275,1.16004,1.16181
2025-10-24 08:00:00,1.16182,1.16234,1.16049,1.16146
2025-10-24 12:00:00,1.16147,1.16537,1.16084,1.16251
2025-10-24 16:00:00,1.16249,1.16328,1.16209,1.16312
2025-10-24 20:00:00,1.1631,1.16356,1.16206,1.16258
2025-10-26 20:00:00,1.16327,1.16351,1.16253,1.16307
2025-10-27 00:00:00,1.16305,1.16472,1.16268,1.1627399999999999
2025-10-27 04:00:00,1.1627399999999999,1.1632,1.16194,1.16195
2025-10-27 08:00:00,1.16194,1.16472,1.16174,1.16455
2025-10-27 12:00:00,1.16455,1.16512,1.16313,1.1635
2025-10-27 16:00:00,1.16348,1.1651799999999999,1.16321,1.16472
2025-10-27 20:00:00,1.16472,1.16547,1.16417,1.16507
2025-10-28 00:00:00,1.16507,1.16635,1.16462,1.16596
2025-10-28 04:00:00,1.16596,1.16675,1.16506,1.1655
2025-10-28 08:00:00,1.16549,1.16647,1.16443,1.16587
2025-10-28 12:00:00,1.16588,1.1667,1.16252,1.16584
2025-10-28 16:00:00,1.16585,1.16684,1.16515,1.16521
2025-10-28 20:00:00,1.16521,1.1657,1.16482,1.16568
2025-10-29 00:00:00,1.16567,1.16605,1.16366,1.16369
2025-10-29 04:00:00,1.16369,1.16374,1.16246,1.16324
2025-10-29 08:00:00,1.16323,1.16485,1.16184,1.16392
2025-10-29 12:00:00,1.16394,1.16643,1.16271,1.16632
2025-10-29 16:00:00,1.16632,1.16655,1.15772,1.15991
2025-10-29 20:00:00,1.1599,1.1607,1.15905,1.16025
2025-10-30 00:00:00,1.16025,1.16195,1.15966,1.1615
2025-10-30 04:00:00,1.16149,1.16372,1.16093,1.16182
2025-10-30 08:00:00,1.16182,1.16279,1.15958,1.15976
2025-10-30 12:00:00,1.15976,1.15994,1.15468,1.15633
2025-10-30 16:00:00,1.15635,1.15714,1.1559,1.15639
2025-10-30 20:00:00,1.15641,1.1573,1.15626,1.15714
2025-10-31 00:00:00,1.15714,1.15771,1.15646,1.1567
2025-10-31 04:00:00,1.15669,1.1573,1.15545,1.15644
2025-10-31 08:00:00,1.15644,1.15764,1.15578,1.15663
2025-10-31 12:00:00,1.15662,1.15662,1.15218,1.15404
2025-10-31 16:00:00,1.15402,1.1543,1.15211,1.15252
2025-10-31 20:00:00,1.15255,1.1538,1.15251,1.15364
2025-11-02 20:00:00,1.15287,1.15381,1.15251,1.15273
2025-11-03 00:00:00,1.15272,1.1534,1.15214,1.15333
2025-11-03 04:00:00,1.15334,1.15409,1.1531500000000001,1.15394
2025-11-03 08:00:00,1.15396,1.15398,1.15075,1.15152
2025-11-03 12:00:00,1.15153,1.15248,1.15048,1.15247
2025-11-03 16:00:00,1.15244,1.15374,1.15162,1.15194
2025-11-03 20:00:00,1.15194,1.15228,1.1515900000000001,1.15182
2025-11-04 00:00:00,1.15181,1.15181,1.14978,1.1513200000000001
2025-11-04 04:00:00,1.1513200000000001,1.15333,1.1507,1.15267
2025-11-04 08:00:00,1.15266,1.15284,1.1489099999999999,1.14897
2025-11-04 12:00:00,1.14899,1.14965,1.14726,1.14912
2025-11-04 16:00:00,1.14912,1.14963,1.14783,1.14788
2025-11-04 20:00:00,1.14789,1.14855,1.14749,1.14848
2025-11-05 00:00:00,1.14847,1.1497600000000001,1.1479300000000001,1.14885
2025-11-05 04:00:00,1.14886,1.1494,1.1482999999999999,1.1486399999999999
2025-11-05 08:00:00,1.14866,1.1495199999999999,1.14757,1.14879
2025-11-05 12:00:00,1.1488,1.14932,1.1468099999999999,1.1479
2025-11-05 16:00:00,1.1479,1.14873,1.14697,1.14856
2025-11-05 20:00:00,1.14858,1.14965,1.1485,1.14955
2025-11-06 00:00:00,1.14955,1.15085,1.14927,1.15065
2025-11-06 04:00:00,1.15066,1.15133,1.15033,1.15079
2025-11-06 08:00:00,1.1508,1.15235,1.15056,1.152
2025-11-06 12:00:00,1.15199,1.15438,1.15138,1.15394
2025-11-06 16:00:00,1.15392,1.15519,1.15296,1.15443
2025-11-06 20:00:00,1.15442,1.15513,1.15418,1.15484
2025-11-07 00:00:00,1.15486,1.15489,1.15346,1.1537600000000001
2025-11-07 04:00:00,1.15375,1.15383,1.15294,1.15323
2025-11-07 08:00:00,1.15321,1.15608,1.1529,1.15576
2025-11-07 12:00:00,1.15576,1.15909,1.15536,1.1571500000000001
2025-11-07 16:00:00,1.1571500000000001,1.15834,1.15552,1.15594
2025-11-07 20:00:00,1.15591,1.15662,1.15573,1.15642
2025-11-09 20:00:00,1.15555,1.15598,1.15414,1.15431
2025-11-10 00:00:00,1.1543,1.15604,1.15427,1.15543
2025-11-10 04:00:00,1.15544,1.15717,1.15511,1.15674
2025-11-10 08:00:00,1.15672,1.15827,1.15536,1.1562999999999999
2025-11-10 12:00:00,1.1562999999999999,1.15775,1.15448,1.15452
2025-11-10 16:00:00,1.1545,1.15644,1.15409,1.15605
2025-11-10 20:00:00,1.15603,1.15642,1.15543,1.15564
2025-11-11 00:00:00,1.15566,1.15594,1.15468,1.1555900000000001
2025-11-11 04:00:00,1.15558,1.15649,1.15493,1.15599
2025-11-11 08:00:00,1.156,1.1577600000000001,1.1553,1.1571500000000001
2025-11-11 12:00:00,1.1571500000000001,1.16056,1.1568100000000001,1.15947
2025-11-11 16:00:00,1.15947,1.15994,1.15831,1.15841
2025-11-11 20:00:00,1.15841,1.15886,1.15795,1.15866
2025-11-12 00:00:00,1.1586400000000001,1.15866,1.1574200000000001,1.15771
2025-11-12 04:00:00,1.15771,1.1588,1.15699,1.15836
2025-11-12 08:00:00,1.1583700000000001,1.15873,1.15647,1.15777
2025-11-12 12:00:00,1.15775,1.15954,1.15625,1.1593499999999999
2025-11-12 16:00:00,1.1593499999999999,1.15974,1.15838,1.15862
2025-11-12 20:00:00,1.15859,1.15942,1.15846,1.15913
2025-11-13 00:00:00,1.15915,1.1592500000000001,1.15787,1.15894
2025-11-13 04:00:00,1.15893,1.1612,1.158,1.1610800000000001
2025-11-13 08:00:00,1.16109,1.16344,1.16043,1.1606
2025-11-13 12:00:00,1.1606,1.16427,1.16053,1.16387
2025-11-13 16:00:00,1.16387,1.1656,1.16348,1.16353
2025-11-13 20:00:00,1.16353,1.16393,1.16231,1.16297
2025-11-14 00:00:00,1.16295,1.16445,1.16265,1.16382
2025-11-14 04:00:00,1.16382,1.16483,1.16315,1.16328
2025-11-14 08:00:00,1.16329,1.16367,1.16083,1.16192
2025-11-14 12:00:00,1.16194,1.16532,1.16058,1.16128
2025-11-14 16:00:00,1.16128,1.16223,1.16074,1.16175
2025-11-14 20:00:00,1.16175,1.16232,1.16157,1.16202
2025-11-16 20:00:00,1.16184,1.16243,1.16113,1.16144
2025-11-17 00:00:00,1.16145,1.16145,1.15962,1.15981
2025-11-17 04:00:00,1.15981,1.16145,1.15948,1.16129
2025-11-17 08:00:00,1.16131,1.16148,1.15944,1.1601
2025-11-17 12:00:00,1.16009,1.16043,1.15815,1.15971
2025-11-17 16:00:00,1.1597,1.16015,1.15829,1.15835
2025-11-17 20:00:00,1.1583700000000001,1.15938,1.15821,1.15897
2025-11-18 00:00:00,1.15897,1.15956,1.15843,1.1592
2025-11-18 04:00:00,1.15919,1.16034,1.15884,1.15907
2025-11-18 08:00:00,1.15906,1.1606,1.15792,1.15842
2025-11-18 12:00:00,1.15844,1.16076,1.15814,1.15817
2025-11-18 16:00:00,1.15819,1.15867,1.15711,1.15851
2025-11-18 20:00:00,1.1585,1.15865,1.15757,1.15799
2025-11-19 00:00:00,1.15799,1.15845,1.15722,1.15835
2025-11-19 04:00:00,1.15834,1.1596899999999999,1.1577,1.15812
2025-11-19 08:00:00,1.15814,1.15888,1.1565400000000001,1.15859
2025-11-19 12:00:00,1.15859,1.15905,1.154,1.15464
2025-11-19 16:00:00,1.15462,1.15473,1.15173,1.15209
2025-11-19 20:00:00,1.15208,1.15416,1.15197,1.15391
2025-11-20 00:00:00,1.15391,1.15391,1.15096,1.15139
2025-11-20 04:00:00,1.15138,1.15229,1.15126,1.15192
2025-11-20 08:00:00,1.15191,1.1529099999999999,1.15113,1.1514
2025-11-20 12:00:00,1.15139,1.15499,1.15008,1.15271
2025-11-20 16:00:00,1.15271,1.15408,1.15243,1.15377
2025-11-20 20:00:00,1.15379,1.15383,1.15231,1.15332
2025-11-21 00:00:00,1.15332,1.15385,1.1528100000000001,1.15359
2025-11-21 04:00:00,1.1536,1.1547399999999999,1.15343,1.15412
2025-11-21 08:00:00,1.15411,1.15522,1.15041,1.15057
2025-11-21 12:00:00,1.15055,1.15267,1.14963,1.15027
2025-11-21 16:00:00,1.15026,1.15173,1.14907,1.15127
2025-11-21 20:00:00,1.15128,1.15205,1.15087,1.15139
2025-11-23 20:00:00,1.15122,1.15145,1.15051,1.1507
2025-11-24 00:00:00,1.1507,1.15187,1.15016,1.15157
2025-11-24 04:00:00,1.15156,1.15278,1.1510799999999999,1.15114
2025-11-24 08:00:00,1.15116,1.15466,1.15094,1.15448
2025-11-24 12:00:00,1.15448,1.155,1.15166,1.15288
2025-11-24 16:00:00,1.15287,1.15306,1.15113,1.15273
2025-11-24 20:00:00,1.15276,1.1528,1.15182,1.15201
2025-11-25 00:00:00,1.15201,1.15299,1.15168,1.15176
2025-11-25 04:00:00,1.15176,1.15299,1.15113,1.15225
2025-11-25 08:00:00,1.15226,1.15406,1.15204,1.15266
2025-11-25 12:00:00,1.15265,1.1583700000000001,1.15249,1.15621
2025-11-25 16:00:00,1.15623,1.15855,1.15501,1.15834
2025-11-25 20:00:00,1.15833,1.15841,1.15579,1.15643
2025-11-26 00:00:00,1.15644,1.15913,1.15631,1.15901
2025-11-26 04:00:00,1.15902,1.15955,1.15748,1.15791
2025-11-26 08:00:00,1.15792,1.15806,1.15655,1.15739
2025-11-26 12:00:00,1.15736,1.15945,1.15466,1.1589
2025-11-26 16:00:00,1.15892,1.16005,1.15848,1.15932
2025-11-26 20:00:00,1.15931,1.16017,1.15917,1.16016
2025-11-27 00:00:00,1.16016,1.16129,1.1599599999999999,1.16017
2025-11-27 04:00:00,1.16017,1.16059,1.15854,1.15911
2025-11-27 08:00:00,1.15914,1.15953,1.15762,1.15859
2025-11-27 12:00:00,1.15861,1.15992,1.15817,1.15938
2025-11-27 16:00:00,1.1594,1.16011,1.15909,1.15949
2025-11-27 20:00:00,1.15949,1.16011,1.1592500000000001,1.15992
2025-11-28 00:00:00,1.15992,1.16016,1.15805,1.15869
2025-11-28 04:00:00,1.15871,1.15929,1.15751,1.15792
2025-11-28 08:00:00,1.15795,1.15816,1.15544,1.15672
2025-11-28 12:00:00,1.15671,1.16062,1.15607,1.1605699999999999
2025-11-28 16:00:00,1.16059,1.16059,1.15919,1.16003
2025-11-28 20:00:00,1.16003,1.16028,1.15943,1.15946
2025-11-30 20:00:00,1.15907,1.16076,1.15893,1.16004
2025-12-01 00:00:00,1.16006,1.16153,1.15892,1.15967
2025-12-01 04:00:00,1.15967,1.16124,1.15902,1.16067
2025-12-01 08:00:00,1.16065,1.16318,1.16039,1.1627399999999999
2025-12-01 12:00:00,1.16276,1.1651799999999999,1.16224,1.16283
2025-12-01 16:00:00,1.16283,1.16338,1.16069,1.16084
2025-12-01 20:00:00,1.16082,1.16106,1.16055,1.16065
2025-12-02 00:00:00,1.16067,1.16125,1.16035,1.16119
2025-12-02 04:00:00,1.16119,1.1616,1.16046,1.16125
2025-12-02 08:00:00,1.16124,1.1616,1.1598,1.16112
2025-12-02 12:00:00,1.16112,1.16228,1.15929,1.16055
2025-12-02 16:00:00,1.1605699999999999,1.16246,1.1591,1.16202
2025-12-02 20:00:00,1.16204,1.16287,1.16178,1.16278
2025-12-03 00:00:00,1.16278,1.1638600000000001,1.1627399999999999,1.16373
2025-12-03 04:00:00,1.16372,1.16524,1.16356,1.16409
2025-12-03 08:00:00,1.16409,1.16656,1.16356,1.1665
2025-12-03 12:00:00,1.1665,1.16749,1.1654200000000001,1.16593
2025-12-03 16:00:00,1.16593,1.16775,1.16573,1.16722
2025-12-03 20:00:00,1.1672,1.16727,1.16633,1.16659
2025-12-04 00:00:00,1.16659,1.16671,1.1653,1.16556
2025-12-04 04:00:00,1.16556,1.16649,1.16528,1.16649
2025-12-04 08:00:00,1.1665,1.16815,1.1663000000000001,1.16799
2025-12-04 12:00:00,1.16799,1.16805,1.16519,1.16728
2025-12-04 16:00:00,1.16729,1.16731,1.16499,1.16524
2025-12-04 20:00:00,1.16521,1.16521,1.16405,1.16431
2025-12-05 00:00:00,1.16432,1.16539,1.16431,1.16487
2025-12-05 04:00:00,1.16487,1.16714,1.1648399999999999,1.16628
2025-12-05 08:00:00,1.16629,1.16639,1.16412,1.16461
2025-12-05 12:00:00,1.16462,1.16598,1.16431,1.16479
2025-12-05 16:00:00,1.1648,1.16488,1.16278,1.16425
2025-12-05 20:00:00,1.1642299999999999,1.16466,1.16394,1.16427
2025-12-07 20:00:00,1.16383,1.16461,1.16343,1.16399
2025-12-08 00:00:00,1.16401,1.1655,1.16391,1.16498
2025-12-08 04:00:00,1.16498,1.16716,1.16493,1.16577
2025-12-08 08:00:00,1.1657899999999999,1.16621,1.16464,1.16502
2025-12-08 12:00:00,1.165,1.1657,1.16166,1.16248
2025-12-08 16:00:00,1.16249,1.16417,1.1616,1.16389
2025-12-08 20:00:00,1.16391,1.16415,1.1633499999999999,1.16404
2025-12-09 00:00:00,1.16404,1.16486,1.16358,1.16451
2025-12-09 04:00:00,1.16451,1.16499,1.16379,1.16395
2025-12-09 08:00:00,1.16397,1.1657,1.16334,1.16432
2025-12-09 12:00:00,1.16432,1.16441,1.16148,1.16285
2025-12-09 16:00:00,1.16286,1.16409,1.16166,1.16281
2025-12-09 20:00:00,1.16282,1.16318,1.16233,1.16278
2025-12-10 00:00:00,1.16278,1.16287,1.16212,1.1626
2025-12-10 04:00:00,1.16262,1.16491,1.16247,1.16476
2025-12-10 08:00:00,1.16477,1.16573,1.16273,1.16346
2025-12-10 12:00:00,1.16348,1.16509,1.16272,1.16415
2025-12-10 16:00:00,1.16412,1.16808,1.16369,1.16778
2025-12-10 20:00:00,1.16776,1.17023,1.16733,1.17011
2025-12-11 00:00:00,1.17011,1.17071,1.16899,1.16905
2025-12-11 04:00:00,1.16905,1.17007,1.16819,1.16933
2025-12-11 08:00:00,1.16933,1.17175,1.1687,1.1712500000000001
2025-12-11 12:00:00,1.17124,1.17568,1.17095,1.17557
2025-12-11 16:00:00,1.17557,1.17626,1.17401,1.17408
2025-12-11 20:00:00,1.17408,1.17454,1.17354,1.17404
2025-12-12 00:00:00,1.1740599999999999,1.17459,1.1731,1.17339
2025-12-12 04:00:00,1.17339,1.1743000000000001,1.1731,1.17376
2025-12-12 08:00:00,1.17377,1.1742,1.1722,1.17265
2025-12-12 12:00:00,1.17265,1.17446,1.17192,1.17378
2025-12-12 16:00:00,1.17377,1.17494,1.1726,1.174
2025-12-12 20:00:00,1.17399,1.17462,1.17367,1.1739600000000001
2025-12-14 20:00:00,1.17378,1.17402,1.17322,1.17365
2025-12-15 00:00:00,1.17368,1.17445,1.17281,1.1734
2025-12-15 04:00:00,1.1734,1.17377,1.17275,1.17281
2025-12-15 08:00:00,1.1728,1.17498,1.17259,1.17484
2025-12-15 12:00:00,1.17484,1.17685,1.17437,1.17625
2025-12-15 16:00:00,1.17626,1.17642,1.17381,1.17483
2025-12-15 20:00:00,1.17482,1.17554,1.17471,1.1753
2025-12-16 00:00:00,1.1753,1.17588,1.17463,1.17515
2025-12-16 04:00:00,1.17515,1.1754,1.1743999999999999,1.1751800000000001
2025-12-16 08:00:00,1.17519,1.17636,1.17463,1.17627
2025-12-16 12:00:00,1.17629,1.18038,1.17567,1.17698
2025-12-16 16:00:00,1.177,1.17775,1.17342,1.17573
2025-12-16 20:00:00,1.17571,1.17625,1.17442,1.17489
2025-12-17 00:00:00,1.1749,1.17519,1.17366,1.17387
2025-12-17 04:00:00,1.17387,1.17393,1.17029,1.17126
2025-12-17 08:00:00,1.17126,1.17269,1.17056,1.1709
2025-12-17 12:00:00,1.1709,1.17577,1.1708,1.17526
2025-12-17 16:00:00,1.17524,1.1756,1.17412,1.17446
2025-12-17 20:00:00,1.17445,1.1746,1.1737,1.17414
2025-12-18 00:00:00,1.17414,1.17455,1.17348,1.17389
2025-12-18 04:00:00,1.17389,1.17493,1.17333,1.17334
2025-12-18 08:00:00,1.17332,1.17368,1.17169,1.17201
2025-12-18 12:00:00,1.172,1.17625,1.17118,1.17269
2025-12-18 16:00:00,1.17268,1.17456,1.17147,1.17246
2025-12-18 20:00:00,1.17245,1.17273,1.17177,1.17244
2025-12-19 00:00:00,1.17243,1.17283,1.1718,1.17209
2025-12-19 04:00:00,1.17209,1.1722299999999999,1.1703000000000001,1.17076
2025-12-19 08:00:00,1.17075,1.17175,1.17059,1.17109
2025-12-19 12:00:00,1.17107,1.17374,1.17018,1.17092
2025-12-19 16:00:00,1.17095,1.17268,1.17081,1.17232
2025-12-19 20:00:00,1.17231,1.17252,1.17055,1.17087
2025-12-21 20:00:00,1.17073,1.17149,1.17059,1.17097
2025-12-22 00:00:00,1.17095,1.1719,1.17092,1.1717
2025-12-22 04:00:00,1.1717,1.17307,1.17127,1.17285
2025-12-22 08:00:00,1.17283,1.1738,1.17228,1.17331
2025-12-22 12:00:00,1.17331,1.17691,1.17328,1.17634
2025-12-22 16:00:00,1.17634,1.17642,1.1748,1.17549
2025-12-22 20:00:00,1.1755,1.17652,1.17517,1.17632
2025-12-23 00:00:00,1.17632,1.17802,1.17624,1.1776
2025-12-23 04:00:00,1.1776,1.17811,1.17683,1.17784
2025-12-23 08:00:00,1.17782,1.18,1.1775,1.1795200000000001
2025-12-23 12:00:00,1.17953,1.1801599999999999,1.17636,1.17738
2025-12-23 16:00:00,1.17737,1.1791,1.17687,1.17896
2025-12-23 20:00:00,1.17895,1.17966,1.17866,1.17942
2025-12-24 00:00:00,1.17942,1.18076,1.1786699999999999,1.17872
2025-12-24 04:00:00,1.17872,1.18036,1.17856,1.17888
2025-12-24 08:00:00,1.1789100000000001,1.18006,1.17794,1.17924
2025-12-24 12:00:00,1.17925,1.17929,1.1775,1.17779
2025-12-24 16:00:00,1.17778,1.17828,1.17709,1.17765
2025-12-24 20:00:00,1.17765,1.17774,1.1773500000000001,1.17748
2025-12-25 20:00:00,1.17781,1.17847,1.17757,1.17832
2025-12-26 00:00:00,1.1783299999999999,1.17931,1.17764,1.17839
2025-12-26 04:00:00,1.17839,1.17877,1.17696,1.17725
2025-12-26 08:00:00,1.17726,1.1782,1.17662,1.1777
2025-12-26 12:00:00,1.1777,1.17963,1.17713,1.17769
2025-12-26 16:00:00,1.17769,1.17794,1.17609,1.17761
2025-12-26 20:00:00,1.17763,1.17812,1.17655,1.1771099999999999
2025-12-28 20:00:00,1.17723,1.17774,1.17676,1.17724
2025-12-29 00:00:00,1.17725,1.17861,1.17708,1.17732
2025-12-29 04:00:00,1.17732,1.17787,1.17534,1.17765
2025-12-29 08:00:00,1.17763,1.17887,1.17575,1.17656
2025-12-29 12:00:00,1.17654,1.17884,1.17553,1.17675
2025-12-29 16:00:00,1.17672,1.17678,1.17489,1.17668
2025-12-29 20:00:00,1.17667,1.1774499999999999,1.1764000000000001,1.17721
2025-12-30 00:00:00,1.17721,1.17761,1.17694,1.17723
2025-12-30 04:00:00,1.17723,1.17794,1.17659,1.1770100000000001
2025-12-30 08:00:00,1.17702,1.17775,1.17637,1.17665
2025-12-30 12:00:00,1.17665,1.17677,1.17449,1.17593
2025-12-30 16:00:00,1.17592,1.17662,1.17449,1.17465
2025-12-30 20:00:00,1.17465,1.17499,1.1743000000000001,1.17453
2025-12-31 00:00:00,1.17453,1.17487,1.17386,1.17424
2025-12-31 04:00:00,1.17424,1.17424,1.17294,1.17367
2025-12-31 08:00:00,1.17367,1.17474,1.17197,1.1746699999999999
2025-12-31 12:00:00,1.17468,1.1758899999999999,1.172,1.17436
2025-12-31 16:00:00,1.17438,1.17484,1.17283,1.17399
2025-12-31 20:00:00,1.17398,1.1752,1.17389,1.17455
2026-01-01 20:00:00,1.1743999999999999,1.17504,1.1743999999999999,1.17504
2026-01-02 00:00:00,1.17504,1.17646,1.17495,1.17639
2026-01-02 04:00:00,1.1764000000000001,1.17645,1.17319,1.17344
2026-01-02 08:00:00,1.1734499999999999,1.17379,1.17129,1.17215
2026-01-02 12:00:00,1.1721300000000001,1.17517,1.17155,1.17503
2026-01-02 16:00:00,1.1750099999999999,1.17541,1.17139,1.17227
2026-01-02 20:00:00,1.17229,1.17234,1.17148,1.17196
2026-01-04 20:00:00,1.17224,1.17239,1.16985,1.17048
2026-01-05 00:00:00,1.1705,1.17107,1.16719,1.16747
2026-01-05 04:00:00,1.16748,1.1691799999999999,1.16728,1.16861
2026-01-05 08:00:00,1.16859,1.16944,1.16733,1.16814
2026-01-05 12:00:00,1.16812,1.17041,1.16587,1.17041
2026-01-05 16:00:00,1.17042,1.17285,1.17036,1.17267
2026-01-05 20:00:00,1.17264,1.1728399999999999,1.1712500000000001,1.17142
2026-01-06 00:00:00,1.17142,1.17378,1.17104,1.17342
2026-01-06 04:00:00,1.17344,1.17425,1.17257,1.17289
2026-01-06 08:00:00,1.17287,1.17386,1.17046,1.17059
2026-01-06 12:00:00,1.17058,1.17172,1.16836,1.16949
2026-01-06 16:00:00,1.16948,1.17018,1.16835,1.16893
2026-01-06 20:00:00,1.16892,1.16928,1.16839,1.16869
2026-01-07 00:00:00,1.1687,1.17023,1.16848,1.16981
2026-01-07 04:00:00,1.16981,1.17018,1.16784,1.1682299999999999
2026-01-07 08:00:00,1.16822,1.1693500000000001,1.16726,1.16889
2026-01-07 12:00:00,1.16889,1.16983,1.16794,1.16896
2026-01-07 16:00:00,1.16896,1.16944,1.16783,1.16822
2026-01-07 20:00:00,1.16824,1.16836,1.16727,1.16766
2026-01-08 00:00:00,1.16766,1.16824,1.16723,1.1679599999999999
2026-01-08 04:00:00,1.1679599999999999,1.16827,1.16745,1.16775
2026-01-08 08:00:00,1.16777,1.16816,1.16684,1.16773
2026-01-08 12:00:00,1.16773,1.16775,1.16558,1.16662
2026-01-08 16:00:00,1.16663,1.1667399999999999,1.16424,1.16497
2026-01-08 20:00:00,1.16497,1.16621,1.16494,1.16575
2026-01-09 00:00:00,1.16577,1.16587,1.1645699999999999,1.16559
2026-01-09 04:00:00,1.1656,1.16565,1.1639599999999999,1.16502
2026-01-09 08:00:00,1.16505,1.16525,1.16366,1.1645699999999999
2026-01-09 12:00:00,1.16458,1.1660300000000001,1.16178,1.16402
2026-01-09 16:00:00,1.16403,1.16429,1.16273,1.16344
2026-01-09 20:00:00,1.16344,1.16375,1.16291,1.16328
2026-01-11 20:00:00,1.16318,1.16346,1.16228,1.16236
2026-01-12 00:00:00,1.16234,1.16709,1.1621299999999999,1.1655
2026-01-12 04:00:00,1.16548,1.16873,1.16527,1.16844
2026-01-12 08:00:00,1.16842,1.16954,1.16753,1.16782
2026-01-12 12:00:00,1.1678,1.16982,1.16724,1.16807
2026-01-12 16:00:00,1.16807,1.16818,1.16648,1.16717
2026-01-12 20:00:00,1.16718,1.16727,1.16625,1.16672
2026-01-13 00:00:00,1.16672,1.16672,1.16561,1.16584
2026-01-13 04:00:00,1.16584,1.16671,1.16535,1.16636
2026-01-13 08:00:00,1.16634,1.16742,1.16581,1.16683
2026-01-13 12:00:00,1.16683,1.16771,1.16439,1.1651799999999999
2026-01-13 16:00:00,1.1651799999999999,1.16541,1.16341,1.16489
2026-01-13 20:00:00,1.1649,1.16496,1.164,1.16418
2026-01-14 00:00:00,1.16418,1.16485,1.16357,1.16466
2026-01-14 04:00:00,1.16467,1.16515,1.16411,1.16456
2026-01-14 08:00:00,1.1645699999999999,1.16576,1.16405,1.16468
2026-01-14 12:00:00,1.16468,1.16604,1.16445,1.16592
2026-01-14 16:00:00,1.16593,1.1661299999999999,1.16348,1.16361
2026-01-14 20:00:00,1.1635900000000001,1.16469,1.1635900000000001,1.16446
2026-01-15 00:00:00,1.1644700000000001,1.16453,1.16327,1.1638600000000001
2026-01-15 04:00:00,1.16387,1.1639,1.16257,1.16285
2026-01-15 08:00:00,1.16283,1.16405,1.16266,1.16306
2026-01-15 12:00:00,1.16304,1.16347,1.15928,1.16021
2026-01-15 16:00:00,1.16021,1.1616900000000001,1.1598,1.16134
2026-01-15 20:00:00,1.16134,1.16151,1.16025,1.16089
2026-01-16 00:00:00,1.16086,1.16138,1.16021,1.16117
2026-01-16 04:00:00,1.16117,1.16143,1.16039,1.1611799999999999
2026-01-16 08:00:00,1.1612,1.16229,1.16076,1.16188
2026-01-16 12:00:00,1.16188,1.16271,1.15841,1.15934
2026-01-16 16:00:00,1.1593499999999999,1.16055,1.15891,1.1596
2026-01-16 20:00:00,1.15962,1.16019,1.15952,1.15983
2026-01-18 20:00:00,1.1577,1.16268,1.15748,1.16239
2026-01-19 00:00:00,1.16238,1.16376,1.16044,1.16242
2026-01-19 04:00:00,1.16242,1.1641,1.16227,1.16258
2026-01-19 08:00:00,1.16259,1.16294,1.1610800000000001,1.16276
2026-01-19 12:00:00,1.16276,1.16431,1.16247,1.16394
2026-01-19 16:00:00,1.16394,1.16485,1.16372,1.16428
2026-01-19 20:00:00,1.16428,1.16463,1.16381,1.1639
2026-01-20 00:00:00,1.16392,1.16584,1.16323,1.1656
2026-01-20 04:00:00,1.1656,1.16934,1.16556,1.16885
2026-01-20 08:00:00,1.16887,1.17387,1.16867,1.17344
2026-01-20 12:00:00,1.17342,1.17692,1.1715,1.17268
2026-01-20 16:00:00,1.17267,1.17422,1.17111,1.17118
2026-01-20 20:00:00,1.17118,1.1728399999999999,1.17105,1.17269
2026-01-21 00:00:00,1.17267,1.17339,1.17099,1.17184
2026-01-21 04:00:00,1.17184,1.17252,1.17096,1.17165
2026-01-21 08:00:00,1.17167,1.172,1.17009,1.17138
2026-01-21 12:00:00,1.17139,1.17428,1.17003,1.17016
2026-01-21 16:00:00,1.17016,1.17111,1.16768,1.1691
2026-01-21 20:00:00,1.16912,1.16916,1.16694,1.16727
2026-01-22 00:00:00,1.16726,1.16932,1.16724,1.16887
2026-01-22 04:00:00,1.16886,1.1696900000000001,1.16839,1.16903
2026-01-22 08:00:00,1.16902,1.17037,1.16837,1.17017
2026-01-22 12:00:00,1.17016,1.17336,1.16997,1.17336
2026-01-22 16:00:00,1.17336,1.1750099999999999,1.17263,1.17436
2026-01-22 20:00:00,1.17436,1.1759,1.17415,1.17535
2026-01-23 00:00:00,1.17535,1.17536,1.17432,1.17435
2026-01-23 04:00:00,1.17435,1.17536,1.17348,1.17358
2026-01-23 08:00:00,1.17357,1.17448,1.17279,1.17371
2026-01-23 12:00:00,1.17372,1.17609,1.17315,1.17575
2026-01-23 16:00:00,1.17575,1.18147,1.17461,1.18113
2026-01-23 20:00:00,1.18113,1.18332,1.18094,1.18275
2026-01-25 20:00:00,1.18601,1.18973,1.18468,1.18597
2026-01-26 00:00:00,1.186,1.18761,1.18442,1.18621
2026-01-26 04:00:00,1.18622,1.18695,1.18364,1.18385
2026-01-26 08:00:00,1.18387,1.1867,1.1837900000000001,1.18556
2026-01-26 12:00:00,1.18554,1.18967,1.18346,1.18948
2026-01-26 16:00:00,1.18949,1.19066,1.18702,1.18787
2026-01-26 20:00:00,1.18789,1.18859,1.1871,1.18733
2026-01-27 00:00:00,1.18733,1.1899,1.18722,1.18794
2026-01-27 04:00:00,1.18795,1.18822,1.18608,1.18636
2026-01-27 08:00:00,1.18638,1.18967,1.18499,1.18949
2026-01-27 12:00:00,1.18948,1.19721,1.18937,1.19506
2026-01-27 16:00:00,1.19504,1.19898,1.19493,1.19767
2026-01-27 20:00:00,1.19766,1.20829,1.19715,1.20227
2026-01-28 00:00:00,1.2022599999999999,1.20234,1.19869,1.19964
2026-01-28 04:00:00,1.19964,1.20254,1.19745,1.19912
2026-01-28 08:00:00,1.19914,1.20046,1.19615,1.19679
2026-01-28 12:00:00,1.19678,1.19831,1.19228,1.19432
2026-01-28 16:00:00,1.1943,1.19522,1.18957,1.19402
2026-01-28 20:00:00,1.1939899999999999,1.19797,1.1929,1.19793
2026-01-29 00:00:00,1.19806,1.19866,1.19529,1.1985999999999999
2026-01-29 04:00:00,1.19861,1.19962,1.1967,1.19737
2026-01-29 08:00:00,1.1973799999999999,1.19853,1.19376,1.19467
2026-01-29 12:00:00,1.19467,1.19721,1.19057,1.19291
2026-01-29 16:00:00,1.19288,1.19646,1.19269,1.1951
2026-01-29 20:00:00,1.19508,1.19743,1.19454,1.19672
2026-01-30 00:00:00,1.19671,1.19729,1.18942,1.19196
2026-01-30 04:00:00,1.19197,1.19424,1.19136,1.19373
2026-01-30 08:00:00,1.19374,1.19504,1.1898,1.1948699999999999
2026-01-30 12:00:00,1.19485,1.19544,1.18826,1.18949
2026-01-30 16:00:00,1.18951,1.18973,1.18543,1.18689
2026-01-30 20:00:00,1.18691,1.18691,1.18495,1.18495
2026-02-01 20:00:00,1.18448,1.18561,1.18392,1.18455
2026-02-02 00:00:00,1.18458,1.1874500000000001,1.18458,1.18639
2026-02-02 04:00:00,1.1864,1.18722,1.18407,1.18533
2026-02-02 08:00:00,1.18534,1.18711,1.18432,1.18643
2026-02-02 12:00:00,1.18641,1.18696,1.17898,1.17919
2026-02-02 16:00:00,1.1792,1.18122,1.17754,1.17883
2026-02-02 20:00:00,1.17883,1.17985,1.178,1.17983
2026-02-03 00:00:00,1.17984,1.18145,1.17977,1.18091
2026-02-03 04:00:00,1.18091,1.1824,1.18048,1.1815
2026-02-03 08:00:00,1.18149,1.18191,1.17823,1.1786699999999999
2026-02-03 12:00:00,1.1787,1.18133,1.17797,1.18126
2026-02-03 16:00:00,1.18126,1.18286,1.18055,1.1813
2026-02-03 20:00:00,1.18132,1.18249,1.18091,1.18154
2026-02-04 00:00:00,1.18152,1.18315,1.18084,1.18266
2026-02-04 04:00:00,1.18266,1.1836,1.18237,1.18317
2026-02-04 08:00:00,1.18315,1.18377,1.18044,1.1810100000000001
2026-02-04 12:00:00,1.18099,1.18266,1.1793,1.1796
2026-02-04 16:00:00,1.17962,1.18145,1.17901,1.18087
2026-02-04 20:00:00,1.18084,1.18094,1.18001,1.1801
2026-02-05 00:00:00,1.18012,1.18078,1.17825,1.1789
2026-02-05 04:00:00,1.1789100000000001,1.18032,1.1784,1.17983
2026-02-05 08:00:00,1.17985,1.18086,1.17799,1.17933
2026-02-05 12:00:00,1.17933,1.18214,1.17816,1.1791
2026-02-05 16:00:00,1.17908,1.18039,1.17848,1.17939
2026-02-05 20:00:00,1.17939,1.17944,1.1774499999999999,1.1776200000000001
2026-02-06 00:00:00,1.1776200000000001,1.17912,1.17655,1.17873
2026-02-06 04:00:00,1.17875,1.18014,1.17868,1.17912
2026-02-06 08:00:00,1.17912,1.17994,1.17853,1.17899
2026-02-06 12:00:00,1.17899,1.18259,1.1788,1.1819
2026-02-06 16:00:00,1.18191,1.18225,1.18095,1.18188
2026-02-06 20:00:00,1.18188,1.18235,1.18132,1.1815
2026-02-08 20:00:00,1.18116,1.18275,1.18092,1.18264
2026-02-09 00:00:00,1.18264,1.18333,1.18158,1.18185
2026-02-09 04:00:00,1.18187,1.18595,1.18185,1.18553
2026-02-09 08:00:00,1.18554,1.18717,1.18512,1.18691
2026-02-09 12:00:00,1.1869,1.19263,1.1869,1.19118
2026-02-09 16:00:00,1.19117,1.19218,1.18927,1.19198
2026-02-09 20:00:00,1.19197,1.19209,1.1901,1.19034
2026-02-10 00:00:00,1.19034,1.19166,1.18964,1.19112
2026-02-10 04:00:00,1.19113,1.19129,1.1899,1.19082
2026-02-10 08:00:00,1.1908,1.19196,1.18993,1.19037
2026-02-10 12:00:00,1.19039,1.19284,1.18881,1.19135
2026-02-10 16:00:00,1.19136,1.19146,1.18864,1.19019
2026-02-10 20:00:00,1.19017,1.1903,1.18863,1.18876
2026-02-11 00:00:00,1.18876,1.19133,1.18858,1.1911100000000001
2026-02-11 04:00:00,1.19109,1.19254,1.19065,1.19176
2026-02-11 08:00:00,1.19175,1.19269,1.19045,1.19079
2026-02-11 12:00:00,1.1908,1.19088,1.18327,1.18589
2026-02-11 16:00:00,1.18588,1.18931,1.18529,1.18794
2026-02-11 20:00:00,1.18794,1.1880600000000001,1.1868400000000001,1.18744
2026-02-12 00:00:00,1.18744,1.18842,1.18649,1.18691
2026-02-12 04:00:00,1.1869,1.18748,1.18521,1.18727
2026-02-12 08:00:00,1.18729,1.18876,1.18708,1.1884000000000001
2026-02-12 12:00:00,1.18841,1.18882,1.18667,1.18854
2026-02-12 16:00:00,1.18855,1.18897,1.18558,1.18696
2026-02-12 20:00:00,1.18693,1.18723,1.18632,1.1869
2026-02-13 00:00:00,1.18689,1.18731,1.18624,1.18664
2026-02-13 04:00:00,1.18664,1.18675,1.1846700000000001,1.18583
2026-02-13 08:00:00,1.18581,1.18661,1.18525,1.18581
2026-02-13 12:00:00,1.18583,1.18844,1.18473,1.18479
2026-02-13 16:00:00,1.1848,1.18824,1.1848,1.18661
2026-02-13 20:00:00,1.18662,1.18762,1.18641,1.1868400000000001
2026-02-15 20:00:00,1.18696,1.18716,1.18624,1.18664
2026-02-16 00:00:00,1.18664,1.18687,1.18587,1.18667
2026-02-16 04:00:00,1.18669,1.18698,1.186,1.18624
2026-02-16 08:00:00,1.18626,1.18701,1.18564,1.1861
2026-02-16 12:00:00,1.18611,1.18632,1.18489,1.1853799999999999
2026-02-16 16:00:00,1.1853799999999999,1.18561,1.18458,1.1853799999999999
2026-02-16 20:00:00,1.1853799999999999,1.18547,1.18464,1.18499
2026-02-17 00:00:00,1.185,1.18518,1.18378,1.18415
2026-02-17 04:00:00,1.18413,1.18454,1.18285,1.18323
2026-02-17 08:00:00,1.18326,1.18494,1.18237,1.18306
2026-02-17 12:00:00,1.18306,1.18354,1.18046,1.18104
2026-02-17 16:00:00,1.18104,1.1853,1.18104,1.18476
2026-02-17 20:00:00,1.18474,1.18571,1.18465,1.18503
2026-02-18 00:00:00,1.18503,1.18532,1.18408,1.1841
2026-02-18 04:00:00,1.1841,1.18462,1.18326,1.18346
2026-02-18 08:00:00,1.18346,1.18405,1.18279,1.18343
2026-02-18 12:00:00,1.18343,1.18482,1.18119,1.18222
2026-02-18 16:00:00,1.18222,1.18258,1.1783299999999999,1.1787
2026-02-18 20:00:00,1.1787,1.17899,1.17801,1.17883
2026-02-19 00:00:00,1.17883,1.1795200000000001,1.17848,1.17903
2026-02-19 04:00:00,1.17905,1.18031,1.17844,1.18002
2026-02-19 08:00:00,1.18002,1.18072,1.1776200000000001,1.1780599999999999
2026-02-19 12:00:00,1.17805,1.1780599999999999,1.17417,1.17629
2026-02-19 16:00:00,1.17628,1.17738,1.17556,1.17634
2026-02-19 20:00:00,1.17634,1.17778,1.17629,1.1768
2026-02-20 00:00:00,1.17683,1.1772,1.1753,1.17567
2026-02-20 04:00:00,1.17566,1.17624,1.17492,1.17511
2026-02-20 08:00:00,1.1751,1.17687,1.17432,1.17668
2026-02-20 12:00:00,1.17668,1.1807,1.17551,1.17878
2026-02-20 16:00:00,1.17879,1.17986,1.17652,1.17803
2026-02-20 20:00:00,1.17803,1.17911,1.17771,1.17805
2026-02-22 20:00:00,1.17822,1.18343,1.17811,1.1832799999999999
2026-02-23 00:00:00,1.18326,1.18342,1.1816200000000001,1.18227
2026-02-23 04:00:00,1.18228,1.18335,1.18148,1.18229
2026-02-23 08:00:00,1.18228,1.18247,1.17804,1.1785700000000001
2026-02-23 12:00:00,1.1785700000000001,1.18096,1.17741,1.17943
2026-02-23 16:00:00,1.17941,1.18084,1.17877,1.17912
2026-02-23 20:00:00,1.17913,1.1795,1.17823,1.17925
2026-02-24 00:00:00,1.17925,1.17959,1.17712,1.17749
2026-02-24 04:00:00,1.17749,1.17822,1.17676,1.17788
2026-02-24 08:00:00,1.17788,1.17927,1.17731,1.17802
2026-02-24 12:00:00,1.17802,1.1783299999999999,1.17655,1.17725
2026-02-24 16:00:00,1.17726,1.17899,1.17715,1.17786
2026-02-24 20:00:00,1.17786,1.1783,1.1770100000000001,1.17738
2026-02-25 00:00:00,1.17739,1.1794,1.17728,1.1789
2026-02-25 04:00:00,1.1789,1.1807699999999999,1.17873,1.17968
2026-02-25 08:00:00,1.17968,1.17996,1.17707,1.17748
2026-02-25 12:00:00,1.17746,1.1802,1.17723,1.18008
2026-02-25 16:00:00,1.18007,1.1814,1.17982,1.1804999999999999
2026-02-25 20:00:00,1.18049,1.18161,1.1803,1.18147
2026-02-26 00:00:00,1.18147,1.18285,1.18113,1.18168
2026-02-26 04:00:00,1.18168,1.18224,1.18084,1.18152
2026-02-26 08:00:00,1.18155,1.18157,1.17929,1.18001
2026-02-26 12:00:00,1.18003,1.18163,1.1780599999999999,1.17985
2026-02-26 16:00:00,1.17982,1.1799,1.17734,1.17962
2026-02-26 20:00:00,1.17963,1.18032,1.17945,1.18026
2026-02-27 00:00:00,1.18026,1.18055,1.17886,1.18033
2026-02-27 04:00:00,1.18031,1.1819,1.17968,1.18146
2026-02-27 08:00:00,1.18149,1.18212,1.17926,1.17997
2026-02-27 12:00:00,1.17997,1.18168,1.17902,1.18067
2026-02-27 16:00:00,1.18067,1.18266,1.18052,1.18188
2026-02-27 20:00:00,1.18188,1.18255,1.18109,1.18139
2026-03-01 20:00:00,1.1763,1.17869,1.1754,1.17591
2026-03-02 00:00:00,1.17591,1.1795499999999999,1.17554,1.17883
2026-03-02 04:00:00,1.17883,1.179,1.17028,1.17159
2026-03-02 08:00:00,1.17156,1.17469,1.16976,1.17329
2026-03-02 12:00:00,1.17329,1.17337,1.1679599999999999,1.16799
2026-03-02 16:00:00,1.16797,1.1713,1.16715,1.17107
2026-03-02 20:00:00,1.17109,1.17127,1.16783,1.1694499999999999
2026-03-03 00:00:00,1.1694499999999999,1.17064,1.16855,1.16898
2026-03-03 04:00:00,1.16901,1.16933,1.16424,1.16432
2026-03-03 08:00:00,1.16434,1.1646,1.15816,1.15971
2026-03-03 12:00:00,1.1596899999999999,1.16148,1.15297,1.15725
2026-03-03 16:00:00,1.15728,1.16254,1.15688,1.16123
2026-03-03 20:00:00,1.1612,1.16241,1.1608,1.16102
2026-03-04 00:00:00,1.16104,1.16107,1.15744,1.16082
2026-03-04 04:00:00,1.16082,1.16278,1.15867,1.16154
2026-03-04 08:00:00,1.16154,1.16544,1.15916,1.16349
2026-03-04 12:00:00,1.16351,1.16517,1.16165,1.16399
2026-03-04 16:00:00,1.16399,1.16459,1.16231,1.16392
2026-03-04 20:00:00,1.16393,1.16434,1.1627399999999999,1.16345
2026-03-05 00:00:00,1.16345,1.16472,1.16096,1.16128
2026-03-05 04:00:00,1.16127,1.16157,1.15875,1.16045
2026-03-05 08:00:00,1.16044,1.16441,1.1581,1.16111
2026-03-05 12:00:00,1.16112,1.16245,1.15685,1.15828
2026-03-05 16:00:00,1.15826,1.15916,1.15584,1.15727
2026-03-05 20:00:00,1.15728,1.161,1.15698,1.1606
2026-03-06 00:00:00,1.16061,1.16206,1.16049,1.16196
2026-03-06 04:00:00,1.16196,1.16207,1.16015,1.16141
2026-03-06 08:00:00,1.16143,1.16143,1.15608,1.15622
2026-03-06 12:00:00,1.15625,1.1593499999999999,1.15455,1.15791
2026-03-06 16:00:00,1.15792,1.16211,1.15786,1.16011
2026-03-06 20:00:00,1.16013,1.1618,1.15952,1.16164
2026-03-08 20:00:00,1.15536,1.15537,1.15209,1.1524
2026-03-09 00:00:00,1.15238,1.15309,1.15067,1.15164
2026-03-09 04:00:00,1.15165,1.15711,1.15155,1.15632
2026-03-09 08:00:00,1.15633,1.15729,1.15147,1.15608
2026-03-09 12:00:00,1.15609,1.15934,1.1547,1.15912
2026-03-09 16:00:00,1.15911,1.16334,1.1575,1.16088
2026-03-09 20:00:00,1.16085,1.16452,1.16083,1.16161
2026-03-10 00:00:00,1.16162,1.16351,1.16076,1.16093
2026-03-10 04:00:00,1.16095,1.1663000000000001,1.16066,1.16601
2026-03-10 08:00:00,1.16599,1.16617,1.162,1.16381
2026-03-10 12:00:00,1.16384,1.16548,1.16211,1.16474
2026-03-10 16:00:00,1.1647,1.16669,1.16059,1.1614
2026-03-10 20:00:00,1.16141,1.1615,1.16024,1.16112
2026-03-11 00:00:00,1.16112,1.16313,1.16053,1.163
2026-03-11 04:00:00,1.163,1.16451,1.1613,1.16166
2026-03-11 08:00:00,1.1616900000000001,1.1621,1.1589800000000001,1.15942
2026-03-11 12:00:00,1.1594,1.16124,1.15652,1.15659
2026-03-11 16:00:00,1.15659,1.15762,1.15604,1.1573
2026-03-11 20:00:00,1.15729,1.15737,1.15396,1.15426
2026-03-12 00:00:00,1.15424,1.15551,1.15319,1.15381
2026-03-12 04:00:00,1.15381,1.15524,1.15314,1.1550799999999999
2026-03-12 08:00:00,1.1551,1.15658,1.15428,1.1556
2026-03-12 12:00:00,1.1555900000000001,1.15571,1.15104,1.15217
2026-03-12 16:00:00,1.15216,1.15322,1.15103,1.15146
2026-03-12 20:00:00,1.15145,1.15229,1.15078,1.15204
2026-03-13 00:00:00,1.1520299999999999,1.15292,1.15045,1.15087
2026-03-13 04:00:00,1.15085,1.15091,1.14537,1.14575
2026-03-13 08:00:00,1.14573,1.14716,1.14324,1.1468099999999999
2026-03-13 12:00:00,1.14679,1.14896,1.1434199999999999,1.1442700000000001
2026-03-13 16:00:00,1.14425,1.14501,1.14196,1.1421999999999999
2026-03-13 20:00:00,1.14219,1.14224,1.14106,1.1414900000000001
2026-03-15 20:00:00,1.1417,1.14383,1.14169,1.14349
2026-03-16 00:00:00,1.14348,1.14561,1.14348,1.14501
2026-03-16 04:00:00,1.14502,1.14513,1.14139,1.14256
2026-03-16 08:00:00,1.14258,1.14867,1.14256,1.14789
2026-03-16 12:00:00,1.14791,1.15018,1.14719,1.1486399999999999
2026-03-16 16:00:00,1.14866,1.15245,1.14772,1.15078
2026-03-16 20:00:00,1.15075,1.15103,1.14943,1.14981
2026-03-17 00:00:00,1.14981,1.15024,1.14863,1.1491500000000001
2026-03-17 04:00:00,1.1491500000000001,1.14999,1.14656,1.14945
2026-03-17 08:00:00,1.14947,1.15244,1.14874,1.15073
2026-03-17 12:00:00,1.15073,1.15434,1.1504,1.15245
2026-03-17 16:00:00,1.15246,1.1547,1.15177,1.15353
2026-03-17 20:00:00,1.15355,1.15444,1.15333,1.15384
2026-03-18 00:00:00,1.15385,1.15434,1.15317,1.1536
2026-03-18 04:00:00,1.15359,1.15488,1.15232,1.15262
2026-03-18 08:00:00,1.1526,1.15549,1.15175,1.15461
2026-03-18 12:00:00,1.15463,1.15478,1.14903,1.15128
2026-03-18 16:00:00,1.15126,1.15249,1.14682,1.14691
2026-03-18 20:00:00,1.1469,1.14702,1.14466,1.14632
2026-03-19 00:00:00,1.14629,1.1491,1.14618,1.14745
2026-03-19 04:00:00,1.14743,1.14763,1.14505,1.14523
2026-03-19 08:00:00,1.14521,1.14876,1.14423,1.1479300000000001
2026-03-19 12:00:00,1.1479300000000001,1.15385,1.14623,1.1514
2026-03-19 16:00:00,1.15137,1.16163,1.15115,1.15844
2026-03-19 20:00:00,1.15845,1.15946,1.1574200000000001,1.15762
2026-03-20 00:00:00,1.15762,1.15798,1.15561,1.15564
2026-03-20 04:00:00,1.15564,1.1575,1.15522,1.15725
2026-03-20 08:00:00,1.15727,1.1580300000000001,1.15347,1.15712
2026-03-20 12:00:00,1.1571500000000001,1.15795,1.15244,1.15417
2026-03-20 16:00:00,1.15416,1.15716,1.15409,1.15581
2026-03-20 20:00:00,1.15579,1.15714,1.15571,1.1569099999999999
2026-03-22 20:00:00,1.1534200000000001,1.15643,1.15341,1.15617
2026-03-23 00:00:00,1.15619,1.1564,1.15383,1.15468
2026-03-23 04:00:00,1.1547,1.1552,1.152,1.15271
2026-03-23 08:00:00,1.15273,1.16198,1.1484,1.15561
2026-03-23 12:00:00,1.1555900000000001,1.16395,1.1546,1.15858
2026-03-23 16:00:00,1.15856,1.16371,1.15762,1.1613
2026-03-23 20:00:00,1.16128,1.16174,1.16056,1.16078
2026-03-24 00:00:00,1.16079,1.16085,1.1578,1.15827
2026-03-24 04:00:00,1.15827,1.16173,1.15753,1.16083
2026-03-24 08:00:00,1.1608100000000001,1.1609099999999999,1.15783,1.15887
2026-03-24 12:00:00,1.15889,1.16066,1.1567,1.15774
2026-03-24 16:00:00,1.15772,1.15923,1.15568,1.15851
2026-03-24 20:00:00,1.15849,1.16279,1.15826,1.16132
2026-03-25 00:00:00,1.16134,1.16303,1.16005,1.16036
2026-03-25 04:00:00,1.16033,1.1605,1.15867,1.15974
2026-03-25 08:00:00,1.15973,1.16162,1.15902,1.16051
2026-03-25 12:00:00,1.16053,1.16131,1.15625,1.15695
2026-03-25 16:00:00,1.15695,1.15834,1.15549,1.15629
2026-03-25 20:00:00,1.1562999999999999,1.15632,1.15552,1.15612
2026-03-26 00:00:00,1.15612,1.1569099999999999,1.15536,1.15684
2026-03-26 04:00:00,1.15682,1.15719,1.15502,1.15531
2026-03-26 08:00:00,1.1553200000000001,1.15647,1.1522999999999999,1.15239
2026-03-26 12:00:00,1.15242,1.15546,1.15221,1.15409
2026-03-26 16:00:00,1.15409,1.1543,1.15212,1.15215
2026-03-26 20:00:00,1.15214,1.15586,1.15192,1.1534200000000001
2026-03-27 00:00:00,1.1534200000000001,1.15423,1.1524,1.15389
2026-03-27 04:00:00,1.15388,1.15459,1.15164,1.15186
2026-03-27 08:00:00,1.15183,1.15258,1.15042,1.15074
2026-03-27 12:00:00,1.15072,1.15473,1.15016,1.15191
2026-03-27 16:00:00,1.15191,1.15288,1.15058,1.15167
2026-03-27 20:00:00,1.15167,1.15206,1.15077,1.1508099999999999
2026-03-29 20:00:00,1.15013,1.15022,1.14869,1.14913
2026-03-30 00:00:00,1.1491500000000001,1.15182,1.14892,1.15152
2026-03-30 04:00:00,1.15154,1.15207,1.14935,1.14977
2026-03-30 08:00:00,1.14975,1.14999,1.14834,1.14844
2026-03-30 12:00:00,1.14846,1.14885,1.14429,1.14535
2026-03-30 16:00:00,1.14533,1.1466,1.14468,1.14594
2026-03-30 20:00:00,1.14592,1.14654,1.1452,1.14563
2026-03-31 00:00:00,1.14566,1.14904,1.14468,1.14692
2026-03-31 04:00:00,1.14693,1.14739,1.14602,1.14719
2026-03-31 08:00:00,1.1472,1.14907,1.1457,1.14907
2026-03-31 12:00:00,1.14909,1.15402,1.14868,1.1516899999999999
2026-03-31 16:00:00,1.1517,1.15597,1.15137,1.15584
2026-03-31 20:00:00,1.15587,1.15743,1.15501,1.15736
2026-04-01 00:00:00,1.15735,1.15784,1.15546,1.15605
2026-04-01 04:00:00,1.15604,1.15984,1.15591,1.15816
2026-04-01 08:00:00,1.15815,1.16103,1.15771,1.1607
2026-04-01 12:00:00,1.16072,1.16269,1.15936,1.16133
2026-04-01 16:00:00,1.16131,1.16233,1.15758,1.15836
2026-04-01 20:00:00,1.15834,1.15942,1.15825,1.15894
2026-04-02 00:00:00,1.15892,1.16052,1.15374,1.15395
2026-04-02 04:00:00,1.15396,1.15416,1.15149,1.15321
2026-04-02 08:00:00,1.15324,1.15354,1.15086,1.1516899999999999
2026-04-02 12:00:00,1.1517,1.15634,1.15164,1.15448
2026-04-02 16:00:00,1.1544699999999999,1.1549,1.15327,1.1534200000000001
2026-04-02 20:00:00,1.15344,1.15404,1.15319,1.15351
2026-04-03 00:00:00,1.15351,1.15398,1.15257,1.15308
2026-04-03 04:00:00,1.15308,1.15388,1.15212,1.15344
2026-04-03 08:00:00,1.1534200000000001,1.15419,1.15322,1.15418
2026-04-03 12:00:00,1.1542,1.15458,1.15178,1.15219
2026-04-03 16:00:00,1.15217,1.15222,1.15131,1.15139
2026-04-03 20:00:00,1.15138,1.15303,1.15107,1.1514
2026-04-05 20:00:00,1.15196,1.15212,1.15048,1.15095
2026-04-06 00:00:00,1.15095,1.15283,1.1506,1.15185
2026-04-06 04:00:00,1.15185,1.15685,1.15182,1.15642
2026-04-06 08:00:00,1.15644,1.15685,1.15372,1.15453
2026-04-06 12:00:00,1.15455,1.15714,1.1535199999999999,1.1544
2026-04-06 16:00:00,1.15439,1.15521,1.15336,1.15425
2026-04-06 20:00:00,1.15426,1.15475,1.15384,1.15405
2026-04-07 00:00:00,1.15405,1.15435,1.15238,1.1534
2026-04-07 04:00:00,1.15341,1.15457,1.15298,1.15422
2026-04-07 08:00:00,1.15422,1.1575199999999999,1.15416,1.15597
2026-04-07 12:00:00,1.15599,1.15833,1.15533,1.15709
2026-04-07 16:00:00,1.15708,1.16014,1.15661,1.1595
2026-04-07 20:00:00,1.15948,1.16904,1.15875,1.16858
2026-04-08 00:00:00,1.1686,1.16967,1.16655,1.1670099999999999
2026-04-08 04:00:00,1.16703,1.17084,1.16703,1.16952
2026-04-08 08:00:00,1.16953,1.17099,1.16686,1.16996
2026-04-08 12:00:00,1.16999,1.17214,1.1684,1.16861
2026-04-08 16:00:00,1.16858,1.16883,1.16432,1.16673
2026-04-08 20:00:00,1.16676,1.1669100000000001,1.16572,1.16587
2026-04-09 00:00:00,1.16587,1.1667,1.165,1.16619
2026-04-09 04:00:00,1.16619,1.16706,1.1654,1.16626
2026-04-09 08:00:00,1.16626,1.16891,1.16593,1.16879
2026-04-09 12:00:00,1.16879,1.1706699999999999,1.16736,1.17049
2026-04-09 16:00:00,1.17049,1.17232,1.1697,1.17004
2026-04-09 20:00:00,1.17003,1.17023,1.16899,1.16913
2026-04-10 00:00:00,1.16913,1.16964,1.16853,1.16953
2026-04-10 04:00:00,1.16953,1.16963,1.1678600000000001,1.1679599999999999
2026-04-10 08:00:00,1.16795,1.17184,1.16771,1.17137
2026-04-10 12:00:00,1.17136,1.17394,1.1709100000000001,1.1722299999999999
2026-04-10 16:00:00,1.17222,1.1735,1.17134,1.17271
2026-04-10 20:00:00,1.1727,1.17305,1.17215,1.1724999999999999
2026-04-12 20:00:00,1.16637,1.1679,1.16632,1.16747
2026-04-13 00:00:00,1.16749,1.16899,1.16706,1.16875
2026-04-13 04:00:00,1.16876,1.16997,1.16775,1.1696900000000001
2026-04-13 08:00:00,1.1696900000000001,1.16995,1.16806,1.16815
2026-04-13 12:00:00,1.16817,1.17203,1.16802,1.17092
2026-04-13 16:00:00,1.1709100000000001,1.17652,1.17066,1.176
2026-04-13 20:00:00,1.176,1.17664,1.17525,1.17662
2026-04-14 00:00:00,1.17663,1.17679,1.1756,1.17664
2026-04-14 04:00:00,1.17663,1.17964,1.17578,1.17798
2026-04-14 08:00:00,1.17797,1.1806,1.17747,1.17992
2026-04-14 12:00:00,1.17993,1.18109,1.17872,1.17898
2026-04-14 16:00:00,1.17898,1.1799,1.17877,1.17915
2026-04-14 20:00:00,1.17917,1.1801599999999999,1.1787,1.1797900000000001
2026-04-15 00:00:00,1.17977,1.17982,1.17786,1.17866
2026-04-15 04:00:00,1.17866,1.1798899999999999,1.17824,1.17854
2026-04-15 08:00:00,1.17852,1.17949,1.17718,1.17825
2026-04-15 12:00:00,1.17825,1.1807699999999999,1.17769,1.17976
2026-04-15 16:00:00,1.17974,1.18044,1.17922,1.17997
2026-04-15 20:00:00,1.17997,1.18076,1.1795,1.18062
2026-04-16 00:00:00,1.18064,1.18236,1.17964,1.18126
2026-04-16 04:00:00,1.18125,1.18128,1.17905,1.17914
2026-04-16 08:00:00,1.17912,1.17936,1.17723,1.17837
2026-04-16 12:00:00,1.17838,1.17845,1.17665,1.17816
2026-04-16 16:00:00,1.17818,1.17868,1.17678,1.17807
2026-04-16 20:00:00,1.17808,1.17869,1.17768,1.1780599999999999
2026-04-17 00:00:00,1.17805,1.17848,1.17729,1.17828
2026-04-17 04:00:00,1.17828,1.17842,1.17716,1.17819
2026-04-17 08:00:00,1.17821,1.17992,1.17803,1.17931
2026-04-17 12:00:00,1.17932,1.18487,1.1793,1.18005
2026-04-17 16:00:00,1.18003,1.18044,1.17665,1.17689
2026-04-17 20:00:00,1.17688,1.17715,1.17601,1.17637
2026-04-19 20:00:00,1.17391,1.17452,1.17282,1.17386
2026-04-20 00:00:00,1.17388,1.17621,1.17366,1.17598
2026-04-20 04:00:00,1.17597,1.17716,1.17469,1.17588
2026-04-20 08:00:00,1.17586,1.1775,1.1755,1.17666
2026-04-20 12:00:00,1.17666,1.17892,1.17555,1.1783299999999999
2026-04-20 16:00:00,1.17837,1.179,1.17783,1.1785700000000001
2026-04-20 20:00:00,1.17855,1.17907,1.17828,1.17836
2026-04-21 00:00:00,1.17837,1.1786,1.1773,1.17751
2026-04-21 04:00:00,1.17751,1.17818,1.17632,1.1764000000000001
2026-04-21 08:00:00,1.17639,1.17682,1.17557,1.17668
2026-04-21 12:00:00,1.1767,1.17756,1.17409,1.17509
2026-04-21 16:00:00,1.17511,1.17633,1.17187,1.17254
2026-04-21 20:00:00,1.17254,1.17531,1.1723,1.17438
2026-04-22 00:00:00,1.17436,1.1751,1.17372,1.17381
2026-04-22 04:00:00,1.17381,1.17621,1.17379,1.1755
2026-04-22 08:00:00,1.1755,1.17587,1.17318,1.17343
2026-04-22 12:00:00,1.17342,1.17429,1.17122,1.17131
2026-04-22 16:00:00,1.17133,1.17167,1.17046,1.17055
2026-04-22 20:00:00,1.17054,1.17088,1.17021,1.17053
2026-04-23 00:00:00,1.17055,1.17132,1.1692,1.16953
2026-04-23 04:00:00,1.16954,1.17115,1.1694499999999999,1.17018
2026-04-23 08:00:00,1.17019,1.17049,1.16788,1.16905
2026-04-23 12:00:00,1.16903,1.17161,1.1683,1.17033
2026-04-23 16:00:00,1.17031,1.17053,1.16687,1.16862
2026-04-23 20:00:00,1.16862,1.16865,1.1674,1.16833
2026-04-24 00:00:00,1.16835,1.16891,1.1672500000000001,1.16776
2026-04-24 04:00:00,1.16776,1.1693500000000001,1.16757,1.16906
2026-04-24 08:00:00,1.16903,1.17182,1.16837,1.17139
2026-04-24 12:00:00,1.17141,1.17199,1.16982,1.17171
2026-04-24 16:00:00,1.17173,1.1721,1.17108,1.17181
2026-04-24 20:00:00,1.17179,1.17225,1.17153,1.17178
2026-04-26 20:00:00,1.16965,1.17095,1.16958,1.17052
2026-04-27 00:00:00,1.17054,1.17322,1.17054,1.17292
2026-04-27 04:00:00,1.17289,1.17449,1.17164,1.17435
2026-04-27 08:00:00,1.17433,1.17507,1.17375,1.17411
2026-04-27 12:00:00,1.17412,1.17545,1.1729,1.17305
2026-04-27 16:00:00,1.17303,1.17336,1.17185,1.17202
2026-04-27 20:00:00,1.17204,1.17231,1.17175,1.17228
2026-04-28 00:00:00,1.17228,1.17266,1.17076,1.1713
2026-04-28 04:00:00,1.1713,1.17161,1.16856,1.16962
2026-04-28 08:00:00,1.16964,1.17073,1.16818,1.16827
2026-04-28 12:00:00,1.1683,1.17154,1.1677,1.17131
2026-04-28 16:00:00,1.17131,1.17175,1.17052,1.17095
2026-04-28 20:00:00,1.17095,1.17179,1.17089,1.17174
2026-04-29 00:00:00,1.17175,1.17202,1.17046,1.17055
2026-04-29 04:00:00,1.17057,1.17078,1.16962,1.17053
2026-04-29 08:00:00,1.1705,1.17095,1.16933,1.17009
2026-04-29 12:00:00,1.17007,1.17077,1.1682,1.16941
2026-04-29 16:00:00,1.16942,1.16983,1.16609,1.16759
2026-04-29 20:00:00,1.16757,1.16861,1.16705,1.1684
2026-04-30 00:00:00,1.16843,1.16891,1.16622,1.16656
2026-04-30 04:00:00,1.16656,1.16835,1.16547,1.16793
2026-04-30 08:00:00,1.16794,1.17192,1.16729,1.17046
2026-04-30 12:00:00,1.17044,1.17355,1.16814,1.17279
2026-04-30 16:00:00,1.17283,1.17415,1.17217,1.17332
2026-04-30 20:00:00,1.1733,1.17361,1.17277,1.1728399999999999
2026-05-01 00:00:00,1.17286,1.17361,1.1724,1.1730800000000001
2026-05-01 04:00:00,1.1730800000000001,1.17446,1.1718600000000001,1.17342
2026-05-01 08:00:00,1.1734499999999999,1.17582,1.17303,1.17509
2026-05-01 12:00:00,1.17511,1.17851,1.17437,1.17548
2026-05-01 16:00:00,1.17546,1.17569,1.17173,1.17193
2026-05-01 20:00:00,1.17193,1.17221,1.17144,1.172
2026-05-03 20:00:00,1.17428,1.17462,1.1724700000000001,1.17256
2026-05-04 00:00:00,1.17254,1.17385,1.17197,1.1737
2026-05-04 04:00:00,1.17372,1.17379,1.17148,1.17174
2026-05-04 08:00:00,1.17172,1.17233,1.16885,1.1693
2026-05-04 12:00:00,1.16932,1.17175,1.16916,1.16973
2026-05-04 16:00:00,1.16971,1.17018,1.16807,1.1695
2026-05-04 20:00:00,1.16948,1.16948,1.16866,1.16912
2026-05-05 00:00:00,1.16912,1.16936,1.16794,1.16837
2026-05-05 04:00:00,1.16835,1.16962,1.1676199999999999,1.16888
2026-05-05 08:00:00,1.16886,1.16975,1.16807,1.16888
2026-05-05 12:00:00,1.16887,1.17133,1.16848,1.17064
2026-05-05 16:00:00,1.17062,1.17086,1.16937,1.16951
2026-05-05 20:00:00,1.16949,1.17251,1.16901,1.17146
2026-05-06 00:00:00,1.17148,1.17256,1.1711,1.17174
2026-05-06 04:00:00,1.17174,1.17426,1.17159,1.17372
2026-05-06 08:00:00,1.17371,1.17964,1.17326,1.17698
2026-05-06 12:00:00,1.177,1.177,1.17445,1.17525
2026-05-06 16:00:00,1.17524,1.17551,1.17417,1.17474
2026-05-06 20:00:00,1.17474,1.1751800000000001,1.17444,1.17477
2026-05-07 00:00:00,1.17477,1.1763,1.17461,1.17485
2026-05-07 04:00:00,1.17485,1.17682,1.17444,1.17665
2026-05-07 08:00:00,1.17667,1.17779,1.1762,1.17694
2026-05-07 12:00:00,1.17696,1.17776,1.17627,1.17635
2026-05-07 16:00:00,1.17632,1.17656,1.17332,1.17334
2026-05-07 20:00:00,1.17336,1.17444,1.17198,1.17302
2026-05-08 00:00:00,1.17304,1.17343,1.17242,1.1728
2026-05-08 04:00:00,1.1728,1.17477,1.17265,1.17428
2026-05-08 08:00:00,1.17426,1.17731,1.17418,1.17649
2026-05-08 12:00:00,1.17651,1.1786699999999999,1.17556,1.17725
2026-05-08 16:00:00,1.17723,1.17829,1.17702,1.17798
2026-05-08 20:00:00,1.17799,1.17876,1.17784,1.17848
2026-05-10 20:00:00,1.17485,1.17696,1.17468,1.17668
2026-05-11 00:00:00,1.17668,1.17715,1.17557,1.17564
2026-05-11 04:00:00,1.17565,1.17743,1.17483,1.17714
2026-05-11 08:00:00,1.17716,1.17817,1.17631,1.17679
2026-05-11 12:00:00,1.17681,1.17875,1.1764000000000001,1.1779600000000001
2026-05-11 16:00:00,1.17798,1.178,1.17706,1.17769
2026-05-11 20:00:00,1.1777,1.17874,1.17734,1.1778
2026-05-12 00:00:00,1.17778,1.17778,1.17544,1.17561
2026-05-12 04:00:00,1.17561,1.17676,1.17432,1.17476
2026-05-12 08:00:00,1.17477,1.17512,1.17346,1.17434
2026-05-12 12:00:00,1.17435,1.17497,1.1721300000000001,1.17321
2026-05-12 16:00:00,1.17323,1.17464,1.1727,1.17401
2026-05-12 20:00:00,1.17402,1.1741,1.17318,1.17349
2026-05-13 00:00:00,1.17349,1.17413,1.17316,1.17342
2026-05-13 04:00:00,1.17342,1.17367,1.17068,1.1707
2026-05-13 08:00:00,1.17068,1.17168,1.16951,1.17116
2026-05-13 12:00:00,1.17116,1.17158,1.1696900000000001,1.17108
2026-05-13 16:00:00,1.17106,1.17175,1.17036,1.1709100000000001
2026-05-13 20:00:00,1.1709,1.17184,1.17084,1.17153
2026-05-14 00:00:00,1.17153,1.17183,1.17092,1.17118
2026-05-14 04:00:00,1.17118,1.1721,1.17055,1.17073
2026-05-14 08:00:00,1.17073,1.17135,1.16991,1.16994
2026-05-14 12:00:00,1.16992,1.17053,1.16713,1.16773
2026-05-14 16:00:00,1.16771,1.16812,1.16681,1.16706
2026-05-14 20:00:00,1.16706,1.16718,1.16611,1.16616
2026-05-15 00:00:00,1.16618,1.1663000000000001,1.16453,1.1651799999999999
2026-05-15 04:00:00,1.16517,1.16524,1.16315,1.16361
2026-05-15 08:00:00,1.16364,1.1655,1.1617,1.16314
2026-05-15 12:00:00,1.16312,1.16375,1.16184,1.1626
2026-05-15 16:00:00,1.16261,1.16352,1.16164,1.16211
2026-05-15 20:00:00,1.16208,1.16254,1.16189,1.16246
2026-05-17 20:00:00,1.16167,1.16241,1.16115,1.16134
2026-05-18 00:00:00,1.16136,1.16221,1.16078,1.16214
2026-05-18 04:00:00,1.16214,1.16401,1.16165,1.16317
2026-05-18 08:00:00,1.16315,1.16492,1.16261,1.16414
2026-05-18 12:00:00,1.16415,1.16568,1.16329,1.1648
2026-05-18 16:00:00,1.16482,1.16562,1.16284,1.16507
2026-05-18 20:00:00,1.16506,1.16612,1.1648,1.16545
2026-05-19 00:00:00,1.16545,1.16557,1.16402,1.16409
2026-05-19 04:00:00,1.16411,1.16452,1.16296,1.16344
2026-05-19 08:00:00,1.16346,1.16358,1.1610800000000001,1.16163
2026-05-19 12:00:00,1.16163,1.16236,1.15917,1.16016
2026-05-19 16:00:00,1.16016,1.16144,1.15955,1.1606
2026-05-19 20:00:00,1.16061,1.16125,1.16017,1.16064
2026-05-20 00:00:00,1.16062,1.16101,1.15933,1.16019
2026-05-20 04:00:00,1.16019,1.16065,1.15912,1.15929
2026-05-20 08:00:00,1.15928,1.1605,1.15828,1.16006
2026-05-20 12:00:00,1.16005,1.16449,1.15822,1.1619
2026-05-20 16:00:00,1.1619,1.16354,1.16158,1.16276
2026-05-20 20:00:00,1.1627399999999999,1.16282,1.16216,1.16245
2026-05-21 00:00:00,1.16245,1.16348,1.16153,1.16186
2026-05-21 04:00:00,1.16186,1.16266,1.15937,1.1607
2026-05-21 08:00:00,1.16068,1.16353,1.15956,1.15987
2026-05-21 12:00:00,1.15987,1.16086,1.15758,1.15881
2026-05-21 16:00:00,1.15883,1.16297,1.15842,1.16208
2026-05-21 20:00:00,1.1621,1.16224,1.16133,1.16173
2026-05-22 00:00:00,1.16173,1.16174,1.16083,1.16116
2026-05-22 04:00:00,1.16116,1.16167,1.1601,1.1608100000000001
2026-05-22 08:00:00,1.1608,1.16154,1.15929,1.1596
2026-05-22 12:00:00,1.1596,1.1617899999999999,1.15879,1.16024
2026-05-22 16:00:00,1.16025,1.16188,1.15991,1.16055
2026-05-22 20:00:00,1.1605699999999999,1.16064,1.15978,1.1602000000000001
2026-05-24 20:00:00,1.1622,1.1645699999999999,1.1622,1.16414
2026-05-25 00:00:00,1.16412,1.16486,1.16351,1.1637
2026-05-25 04:00:00,1.1637,1.16449,1.16291,1.1637
2026-05-25 08:00:00,1.16372,1.16505,1.16326,1.16437
2026-05-25 12:00:00,1.16439,1.16524,1.1638,1.1642000000000001
2026-05-25 16:00:00,1.16418,1.16437,1.16363,1.16419
2026-05-25 20:00:00,1.16421,1.16433,1.16339,1.16356
2026-05-26 00:00:00,1.16358,1.16395,1.1630099999999999,1.16355
2026-05-26 04:00:00,1.16354,1.16399,1.16237,1.16368
2026-05-26 08:00:00,1.1637,1.16451,1.16322,1.16345
2026-05-26 12:00:00,1.16343,1.16363,1.1616,1.16187
2026-05-26 16:00:00,1.1619,1.16323,1.1619,1.16316
2026-05-26 20:00:00,1.16313,1.16395,1.16253,1.16361
2026-05-27 00:00:00,1.16361,1.16421,1.16323,1.16383
2026-05-27 04:00:00,1.16381,1.1649,1.16369,1.16404
2026-05-27 08:00:00,1.16406,1.16483,1.16326,1.16374
2026-05-27 12:00:00,1.16375,1.16612,1.16222,1.1629800000000001
2026-05-27 16:00:00,1.163,1.16327,1.16219,1.16287
2026-05-27 20:00:00,1.16284,1.16303,1.16157,1.16171
2026-05-28 00:00:00,1.16171,1.16232,1.15866,1.15866
2026-05-28 04:00:00,1.15866,1.16173,1.15858,1.16112
2026-05-28 08:00:00,1.16115,1.16225,1.16031,1.16168
2026-05-28 12:00:00,1.16168,1.16575,1.1615199999999999,1.16477
2026-05-28 16:00:00,1.16477,1.1661,1.16452,1.16476
2026-05-28 20:00:00,1.16473,1.16528,1.16446,1.16521
2026-05-29 00:00:00,1.16521,1.16562,1.16355,1.16369
2026-05-29 04:00:00,1.16367,1.1654,1.1634,1.16418
2026-05-29 08:00:00,1.16416,1.16479,1.16247,1.16472
2026-05-29 12:00:00,1.16473,1.16854,1.16402,1.16776
2026-05-29 16:00:00,1.16776,1.16788,1.1660300000000001,1.16645
2026-05-29 20:00:00,1.16647,1.16647,1.16584,1.166
2026-05-31 20:00:00,1.16535,1.16602,1.16482,1.16483
2026-06-01 00:00:00,1.16483,1.16533,1.16413,1.16434
2026-06-01 04:00:00,1.16434,1.16644,1.16431,1.16563
2026-06-01 08:00:00,1.16565,1.1660300000000001,1.16412,1.16459
2026-06-01 12:00:00,1.16459,1.16502,1.16063,1.16226
2026-06-01 16:00:00,1.16228,1.16375,1.16161,1.16314
2026-06-01 20:00:00,1.16312,1.1635900000000001,1.16287,1.16349
2026-06-02 00:00:00,1.16349,1.16366,1.16282,1.16337
2026-06-02 04:00:00,1.16337,1.1651799999999999,1.16336,1.16483
2026-06-02 08:00:00,1.16485,1.16525,1.1638,1.16489
2026-06-02 12:00:00,1.16492,1.16553,1.16351,1.16401
2026-06-02 16:00:00,1.16401,1.16409,1.16131,1.1632
2026-06-02 20:00:00,1.16319,1.16345,1.16193,1.1621
2026-06-03 00:00:00,1.16209,1.16331,1.162,1.16272
2026-06-03 04:00:00,1.16272,1.16278,1.1612,1.16159
2026-06-03 08:00:00,1.16156,1.16224,1.1604700000000001,1.16174
2026-06-03 12:00:00,1.16177,1.16182,1.15945,1.16043
2026-06-03 16:00:00,1.16045,1.16046,1.15948,1.15977
2026-06-03 20:00:00,1.15979,1.16117,1.15943,1.16086
2026-06-04 00:00:00,1.16088,1.16123,1.16022,1.16056
2026-06-04 04:00:00,1.16055,1.16145,1.15983,1.16037
2026-06-04 08:00:00,1.16036,1.16449,1.16031,1.16414
2026-06-04 12:00:00,1.16412,1.16448,1.1622,1.16278
2026-06-04 16:00:00,1.16278,1.16295,1.16102,1.16123
2026-06-04 20:00:00,1.16124,1.16138,1.16074,1.1612
2026-06-05 00:00:00,1.1611799999999999,1.16163,1.16095,1.16145
2026-06-05 04:00:00,1.16145,1.16367,1.16125,1.16317
2026-06-05 08:00:00,1.16316,1.16439,1.16316,1.1641
2026-06-05 12:00:00,1.16412,1.16427,1.15313,1.15323
2026-06-05 16:00:00,1.15324,1.15327,1.15181,1.1525
2026-06-05 20:00:00,1.1525,1.15256,1.15166,1.15221
2026-06-07 20:00:00,1.15119,1.15226,1.15068,1.15215
2026-06-08 00:00:00,1.15215,1.15343,1.15115,1.15318
2026-06-08 04:00:00,1.15318,1.15394,1.15133,1.15162
2026-06-08 08:00:00,1.15163,1.15434,1.14993,1.1536
2026-06-08 12:00:00,1.1536,1.15543,1.1531500000000001,1.1543700000000001
2026-06-08 16:00:00,1.15436,1.15458,1.15273,1.15305
2026-06-08 20:00:00,1.15305,1.15364,1.15276,1.15279
2026-06-09 00:00:00,1.15276,1.154,1.15267,1.15377
2026-06-09 04:00:00,1.15377,1.15531,1.15367,1.15388
2026-06-09 08:00:00,1.15387,1.15739,1.15361,1.15721
2026-06-09 12:00:00,1.15723,1.15775,1.15454,1.15549
2026-06-09 16:00:00,1.15545,1.1557,1.15282,1.15411
2026-06-09 20:00:00,1.15411,1.15452,1.15322,1.15344
2026-06-10 00:00:00,1.1534200000000001,1.15518,1.1533,1.1549800000000001
2026-06-10 04:00:00,1.1549800000000001,1.15583,1.1544,1.15534
2026-06-10 08:00:00,1.15533,1.15594,1.1535199999999999,1.15362
2026-06-10 12:00:00,1.15364,1.15728,1.1534200000000001,1.1549
2026-06-10 16:00:00,1.1549,1.15591,1.15407,1.15411
2026-06-10 20:00:00,1.15409,1.15412,1.15253,1.15348
2026-06-11 00:00:00,1.1535,1.15556,1.1535,1.15449
2026-06-11 04:00:00,1.15449,1.15552,1.15399,1.15446
2026-06-11 08:00:00,1.15445,1.1545,1.15227,1.1538
2026-06-11 12:00:00,1.15379,1.1543,1.15136,1.1514199999999999
2026-06-11 16:00:00,1.15144,1.15894,1.15026,1.15783
2026-06-11 20:00:00,1.15782,1.15861,1.15727,1.15751
2026-06-12 00:00:00,1.15753,1.15761,1.15613,1.15716
2026-06-12 04:00:00,1.1571799999999999,1.15749,1.15567,1.15663
2026-06-12 08:00:00,1.15665,1.15893,1.15649,1.15711
2026-06-12 12:00:00,1.15711,1.15832,1.15598,1.15727
2026-06-12 16:00:00,1.15725,1.15782,1.15683,1.15712
2026-06-12 20:00:00,1.1571,1.1571500000000001,1.15649,1.15668
2026-06-14 20:00:00,1.1572,1.16171,1.15711,1.16026
2026-06-15 00:00:00,1.16024,1.16113,1.15938,1.16038
2026-06-15 04:00:00,1.16038,1.16217,1.16005,1.16059
2026-06-15 08:00:00,1.1605699999999999,1.16141,1.15968,1.16088
2026-06-15 12:00:00,1.16085,1.16201,1.15963,1.1598
2026-06-15 16:00:00,1.15981,1.1604700000000001,1.15842,1.1585
2026-06-15 20:00:00,1.15848,1.15934,1.15834,1.1590799999999999
2026-06-16 00:00:00,1.15906,1.15947,1.15824,1.1586
2026-06-16 04:00:00,1.15861,1.15953,1.15744,1.15953
2026-06-16 08:00:00,1.15954,1.16125,1.15927,1.15988
2026-06-16 12:00:00,1.15988,1.16184,1.15875,1.16136
2026-06-16 16:00:00,1.16138,1.16196,1.16056,1.1608
2026-06-16 20:00:00,1.16079,1.16145,1.16051,1.16095
2026-06-17 00:00:00,1.16095,1.16163,1.1608,1.16099
2026-06-17 04:00:00,1.16099,1.16147,1.16035,1.1608100000000001
2026-06-17 08:00:00,1.16082,1.16082,1.15851,1.15911
2026-06-17 12:00:00,1.15913,1.16025,1.15804,1.15923
2026-06-17 16:00:00,1.1592500000000001,1.1596,1.14776,1.14937
2026-06-17 20:00:00,1.14939,1.15082,1.14865,1.15063
2026-06-18 00:00:00,1.15065,1.15239,1.15065,1.15229
2026-06-18 04:00:00,1.1522999999999999,1.1528100000000001,1.15062,1.15124
2026-06-18 08:00:00,1.15124,1.15137,1.14539,1.1457
2026-06-18 12:00:00,1.1457,1.1487,1.14529,1.1469
2026-06-18 16:00:00,1.14691,1.14731,1.14509,1.14571
2026-06-18 20:00:00,1.14572,1.1463,1.14536,1.14581
2026-06-19 00:00:00,1.14581,1.14652,1.14415,1.14419
2026-06-19 04:00:00,1.14422,1.14487,1.14173,1.14458
2026-06-19 08:00:00,1.14458,1.14675,1.14458,1.14607
2026-06-19 12:00:00,1.14609,1.1476,1.14565,1.1464699999999999
2026-06-19 16:00:00,1.1464699999999999,1.1480299999999999,1.14616,1.14755
2026-06-19 20:00:00,1.14757,1.1477,1.14654,1.14685
2026-06-21 20:00:00,1.14606,1.1467100000000001,1.14544,1.14619
2026-06-22 00:00:00,1.14621,1.1473200000000001,1.1454,1.14561
2026-06-22 04:00:00,1.14561,1.14631,1.14438,1.14456
2026-06-22 08:00:00,1.14455,1.14633,1.14412,1.14483
2026-06-22 12:00:00,1.14483,1.14616,1.14252,1.14316
2026-06-22 16:00:00,1.14318,1.14331,1.14187,1.14245
2026-06-22 20:00:00,1.14247,1.14291,1.14241,1.14267
2026-06-23 00:00:00,1.14266,1.14314,1.14181,1.14293
2026-06-23 04:00:00,1.14294,1.14385,1.14093,1.14113
2026-06-23 08:00:00,1.14115,1.1417,1.1384,1.13853
2026-06-23 12:00:00,1.1385399999999999,1.13997,1.13752,1.13824
2026-06-23 16:00:00,1.13825,1.13835,1.13757,1.13786
2026-06-23 20:00:00,1.13786,1.13832,1.13774,1.13788
2026-06-24 00:00:00,1.13788,1.13819,1.13611,1.13669
2026-06-24 04:00:00,1.13668,1.13748,1.13509,1.13513
2026-06-24 08:00:00,1.13513,1.13554,1.13366,1.134
2026-06-24 12:00:00,1.13399,1.13617,1.13242,1.13475
2026-06-24 16:00:00,1.13475,1.13675,1.13465,1.13531
2026-06-24 20:00:00,1.1353,1.1360000000000001,1.1352,1.13535
2026-06-25 00:00:00,1.13535,1.13707,1.13473,1.13696
2026-06-25 04:00:00,1.13696,1.13705,1.1344400000000001,1.13587
2026-06-25 08:00:00,1.13589,1.13737,1.13329,1.13373
2026-06-25 12:00:00,1.13375,1.13877,1.1336,1.13839
2026-06-25 16:00:00,1.13841,1.1386,1.1368,1.13721
2026-06-25 20:00:00,1.1372200000000001,1.13741,1.13599,1.13612
2026-06-26 00:00:00,1.13612,1.13713,1.1353900000000001,1.13712
2026-06-26 04:00:00,1.13713,1.13885,1.13682,1.13863
2026-06-26 08:00:00,1.13861,1.14117,1.13827,1.13979
2026-06-26 12:00:00,1.13978,1.14336,1.13918,1.14025
2026-06-26 16:00:00,1.1402700000000001,1.1403,1.13806,1.13864
2026-06-26 20:00:00,1.13867,1.13916,1.13809,1.13849
2026-06-28 20:00:00,1.13809,1.13873,1.13799,1.13851
2026-06-29 00:00:00,1.13851,1.13929,1.13829,1.1383
2026-06-29 04:00:00,1.13829,1.14146,1.13806,1.14021
2026-06-29 08:00:00,1.14024,1.14112,1.13924,1.14084
2026-06-29 12:00:00,1.14084,1.14247,1.14002,1.14232
2026-06-29 16:00:00,1.14234,1.14303,1.1421000000000001,1.14252
2026-06-29 20:00:00,1.14253,1.14272,1.14188,1.14188
2026-06-30 00:00:00,1.14188,1.14202,1.13967,1.13982
2026-06-30 04:00:00,1.13983,1.1409,1.13821,1.13983
2026-06-30 08:00:00,1.13981,1.14025,1.13831,1.13928
2026-06-30 12:00:00,1.13927,1.14362,1.13883,1.14168
2026-06-30 16:00:00,1.14168,1.14267,1.14118,1.14262
2026-06-30 20:00:00,1.14259,1.14269,1.1412200000000001,1.14128
2026-07-01 00:00:00,1.14128,1.14139,1.14013,1.14039
2026-07-01 04:00:00,1.1404,1.14104,1.13928,1.14019
2026-07-01 08:00:00,1.14017,1.14035,1.1384400000000001,1.13853
2026-07-01 12:00:00,1.1385399999999999,1.14117,1.13614,1.13836
2026-07-01 16:00:00,1.13837,1.13937,1.13751,1.13786
2026-07-01 20:00:00,1.1378300000000001,1.13794,1.13736,1.13772
2026-07-02 00:00:00,1.13772,1.1388099999999999,1.13746,1.1381999999999999
2026-07-02 04:00:00,1.1381999999999999,1.1408800000000001,1.13813,1.14074
2026-07-02 08:00:00,1.14073,1.14207,1.14002,1.1403699999999999
2026-07-02 12:00:00,1.14035,1.14723,1.13952,1.1447
2026-07-02 16:00:00,1.14472,1.14479,1.1426,1.1430500000000001
2026-07-02 20:00:00,1.14303,1.14353,1.14217,1.14222
2026-07-03 00:00:00,1.1421999999999999,1.14444,1.14203,1.14407
2026-07-03 04:00:00,1.14408,1.14619,1.14387,1.14541
2026-07-03 08:00:00,1.14544,1.14574,1.14401,1.14502
2026-07-03 12:00:00,1.14504,1.1452499999999999,1.14345,1.14369
2026-07-03 16:00:00,1.14368,1.14419,1.14351,1.14361
2026-07-03 20:00:00,1.14361,1.14374,1.1433200000000001,1.14356
2026-07-05 20:00:00,1.14347,1.14381,1.14326,1.14365
2026-07-06 00:00:00,1.14364,1.14407,1.14272,1.1431499999999999
2026-07-06 04:00:00,1.14313,1.14338,1.14165,1.14262
2026-07-06 08:00:00,1.14262,1.14269,1.14094,1.14148
2026-07-06 12:00:00,1.1415,1.14257,1.14081,1.14251
2026-07-06 16:00:00,1.14252,1.14445,1.14247,1.14406
2026-07-06 20:00:00,1.14404,1.14476,1.14377,1.14411
2026-07-07 00:00:00,1.1441,1.14471,1.14357,1.14364
2026-07-07 04:00:00,1.1436600000000001,1.14388,1.1424400000000001,1.14248
2026-07-07 08:00:00,1.14249,1.14388,1.1423,1.14322
2026-07-07 12:00:00,1.14321,1.14419,1.14217,1.14224
2026-07-07 16:00:00,1.14226,1.14295,1.14078,1.14163
2026-07-07 20:00:00,1.1416,1.14169,1.13973,1.1401
2026-07-08 00:00:00,1.14012,1.1416,1.13981,1.1414
2026-07-08 04:00:00,1.14139,1.14313,1.14107,1.14255
2026-07-08 08:00:00,1.14254,1.14274,1.13929,1.13982
2026-07-08 12:00:00,1.13981,1.14134,1.13908,1.1395
2026-07-08 16:00:00,1.13952,1.14299,1.1394199999999999,1.1427100000000001
2026-07-08 20:00:00,1.1427100000000001,1.14275,1.14117,1.14209
2026-07-09 00:00:00,1.14211,1.143,1.14197,1.14266
2026-07-09 04:00:00,1.14266,1.14491,1.14229,1.14354
2026-07-09 08:00:00,1.14352,1.14378,1.14207,1.1429
2026-07-09 12:00:00,1.14293,1.14455,1.14222,1.14384
2026-07-09 16:00:00,1.14382,1.1441,1.14252,1.14274
2026-07-09 20:00:00,1.14274,1.14335,1.1427,1.14329
2026-07-10 00:00:00,1.14329,1.14603,1.14299,1.14492
2026-07-10 04:00:00,1.1449,1.1449,1.14353,1.1437
2026-07-10 08:00:00,1.14369,1.14418,1.14262,1.1430500000000001
2026-07-10 12:00:00,1.14307,1.14415,1.14114,1.14371
2026-07-10 16:00:00,1.14373,1.14409,1.14114,1.14155
2026-07-10 20:00:00,1.14153,1.14178,1.14113,1.14143
2026-07-12 20:00:00,1.13997,1.14045,1.13876,1.1403699999999999
2026-07-13 00:00:00,1.14039,1.1405,1.13839,1.13984
2026-07-13 04:00:00,1.13983,1.14257,1.13955,1.14241
2026-07-13 08:00:00,1.14243,1.1445400000000001,1.14236,1.1427100000000001
2026-07-13 12:00:00,1.1427,1.14329,1.1396,1.14012
2026-07-13 16:00:00,1.14013,1.14023,1.13815,1.13831
2026-07-13 20:00:00,1.13832,1.13853,1.13768,1.13831
2026-07-14 00:00:00,1.13833,1.13962,1.13778,1.13931
2026-07-14 04:00:00,1.13931,1.13972,1.13837,1.13952
2026-07-14 08:00:00,1.13955,1.14089,1.13896,1.1406100000000001
2026-07-14 12:00:00,1.1406100000000001,1.14622,1.14035,1.14268
2026-07-14 16:00:00,1.1427100000000001,1.1434,1.14157,1.14198
2026-07-14 20:00:00,1.142,1.14246,1.14167,1.14241
2026-07-15 00:00:00,1.14242,1.14419,1.14235,1.14375
2026-07-15 04:00:00,1.14378,1.14436,1.14195,1.14231
2026-07-15 08:00:00,1.14233,1.1427100000000001,1.14096,1.14114
2026-07-15 12:00:00,1.14116,1.14411,1.14058,1.1435
2026-07-15 16:00:00,1.14348,1.14821,1.143,1.14636
2026-07-15 20:00:00,1.14634,1.14705,1.14606,1.14693
2026-07-16 00:00:00,1.14693,1.14743,1.14599,1.14661
2026-07-16 04:00:00,1.14661,1.1476,1.1461999999999999,1.14689
2026-07-16 08:00:00,1.14687,1.14714,1.14561,1.1468099999999999
2026-07-16 12:00:00,1.1468099999999999,1.14702,1.14361,1.14465
2026-07-16 16:00:00,1.14465,1.14467,1.14306,1.144
2026-07-16 20:00:00,1.14398,1.14461,1.14381,1.14448
2026-07-17 00:00:00,1.14449,1.14476,1.14354,1.14387
2026-07-17 04:00:00,1.14389,1.14519,1.14343,1.14445
2026-07-17 08:00:00,1.14448,1.14474,1.14241,1.14298
2026-07-17 12:00:00,1.143,1.1444,1.14242,1.14396
2026-07-17 16:00:00,1.14397,1.14411,1.14329,1.14404
2026-07-17 20:00:00,1.14406,1.1442,1.1436,1.14373
2026-07-19 20:00:00,1.14253,1.1431,1.14234,1.1427
2026-07-20 00:00:00,1.1427100000000001,1.14424,1.1426,1.14414
2026-07-20 04:00:00,1.14414,1.14493,1.14337,1.14438
2026-07-20 08:00:00,1.14439,1.14452,1.14272,1.14291
2026-07-20 12:00:00,1.14292,1.14299,1.14021,1.14111
2026-07-20 16:00:00,1.1411,1.14185,1.14069,1.14152
2026-07-20 20:00:00,1.14152,1.14165,1.14078,1.14154
2026-07-21 00:00:00,1.14154,1.14179,1.14086,1.1412200000000001
2026-07-21 04:00:00,1.1412,1.14273,1.14118,1.14224
2026-07-21 08:00:00,1.14224,1.14284,1.14162,1.14187
2026-07-21 12:00:00,1.14187,1.14201,1.14022,1.14069
2026-07-21 16:00:00,1.14071,1.14104,1.13982,1.14012
2026-07-21 20:00:00,1.14013,1.14028,1.13949,1.14019
2026-07-22 00:00:00,1.14021,1.14096,1.13984,1.14069
2026-07-22 04:00:00,1.14069,1.14178,1.14028,1.14089
2026-07-22 08:00:00,1.1408800000000001,1.14131,1.14001,1.1406399999999999
2026-07-22 12:00:00,1.14066,1.14212,1.14035,1.14132
2026-07-22 16:00:00,1.14132,1.14138,1.14058,1.14108
2026-07-22 20:00:00,1.14108,1.14123,1.14046,1.14108
2026-07-23 00:00:00,1.1411,1.14304,1.14101,1.14286
2026-07-23 04:00:00,1.14286,1.14354,1.14195,1.14241
2026-07-23 08:00:00,1.14242,1.14248,1.13831,1.13941
2026-07-23 12:00:00,1.1394,1.13957,1.13635,1.13705
