time,open,high,low,close
2024-06-23 20:00:00,2321.11,2322.193,2317.688,2319.185
2024-06-24 00:00:00,2319.175,2326.642,2317.852,2325.395
2024-06-24 04:00:00,2325.405,2331.786,2321.35,2330.705
2024-06-24 08:00:00,2330.722,2332.775,2320.809,2326.19
2024-06-24 12:00:00,2326.236,2333.831,2323.284,2327.626
2024-06-24 16:00:00,2327.581,2334.63,2326.813,2331.64
2024-06-24 20:00:00,2331.607,2334.39,2330.226,2330.877
2024-06-25 00:00:00,2330.871,2330.924,2323.164,2324.146
2024-06-25 04:00:00,2324.188,2330.079,2322.679,2324.788
2024-06-25 08:00:00,2324.745,2337.091,2322.814,2330.126
2024-06-25 12:00:00,2330.162,2330.458,2315.562,2324.68
2024-06-25 16:00:00,2324.751,2324.987,2315.436,2319.776
2024-06-25 20:00:00,2319.725,2321.423,2317.858,2320.027
2024-06-26 00:00:00,2319.979,2323.897,2310.563,2317.247
2024-06-26 04:00:00,2317.289,2318.13,2309.671,2316.088
2024-06-26 08:00:00,2316.044,2318.422,2304.374,2312.993
2024-06-26 12:00:00,2313.049,2317.804,2293.559,2299.919
2024-06-26 16:00:00,2299.959,2302.981,2296.872,2298.625
2024-06-26 20:00:00,2298.681,2299.222,2296.764,2298.402
2024-06-27 00:00:00,2298.412,2300.1,2296.806,2298.932
2024-06-27 04:00:00,2298.935,2303.386,2296.429,2302.26
2024-06-27 08:00:00,2302.213,2317.891,2301.964,2317.02
2024-06-27 12:00:00,2316.975,2330.936,2316.028,2327.436
2024-06-27 16:00:00,2327.401,2328.283,2322.391,2325.951
2024-06-27 20:00:00,2325.917,2328.523,2325.38,2327.72
2024-06-28 00:00:00,2327.665,2328.265,2319.01,2321.714
2024-06-28 04:00:00,2321.788,2328.85,2319.712,2327.144
2024-06-28 08:00:00,2327.153,2337.146,2326.43,2333.909
2024-06-28 12:00:00,2333.959,2339.809,2322.837,2328.592
2024-06-28 16:00:00,2328.642,2332.713,2322.926,2324.973
2024-06-28 20:00:00,2325.021,2326.827,2322.839,2326.638
2024-06-30 20:00:00,2322.849,2326.157,2322.84,2324.93
2024-07-01 00:00:00,2324.952,2328.502,2322.102,2324.746
2024-07-01 04:00:00,2324.729,2328.974,2318.438,2323.685
2024-07-01 08:00:00,2323.651,2338.25,2321.838,2338.133
2024-07-01 12:00:00,2338.163,2338.483,2319.205,2327.713
2024-07-01 16:00:00,2327.707,2331.876,2326.612,2330.9
2024-07-01 20:00:00,2330.973,2332.549,2330.856,2332.222
2024-07-02 00:00:00,2332.216,2334.299,2325.708,2326.033
2024-07-02 04:00:00,2326.036,2331.786,2323.261,2330.679
2024-07-02 08:00:00,2330.735,2332.452,2319.902,2320.699
2024-07-02 12:00:00,2320.727,2336.763,2319.004,2324.711
2024-07-02 16:00:00,2324.678,2331.313,2320.921,2330.76
2024-07-02 20:00:00,2330.725,2331.446,2328.616,2330.18
2024-07-03 00:00:00,2330.177,2332.505,2326.782,2331.648
2024-07-03 04:00:00,2331.699,2347.201,2331.699,2345.307
2024-07-03 08:00:00,2345.317,2349.485,2342.115,2345.398
2024-07-03 12:00:00,2345.442,2364.926,2344.871,2363.04
2024-07-03 16:00:00,2363.001,2363.151,2353.615,2354.28
2024-07-03 20:00:00,2354.302,2359.581,2354.223,2358.699
2024-07-04 00:00:00,2358.721,2362.537,2356.443,2358.103
2024-07-04 04:00:00,2358.102,2359.602,2350.342,2357.453
2024-07-04 08:00:00,2357.513,2359.99,2355.449,2358.391
2024-07-04 12:00:00,2358.463,2361.872,2355.459,2357.395
2024-07-04 16:00:00,2357.411,2359.098,2356.903,2357.23
2024-07-04 20:00:00,2357.034,2357.704,2354.211,2356.721
2024-07-05 00:00:00,2356.753,2363.107,2356.024,2361.713
2024-07-05 04:00:00,2361.716,2367.446,2361.302,2365.224
2024-07-05 08:00:00,2365.261,2368.002,2361.77,2365.755
2024-07-05 12:00:00,2365.736,2388.347,2344.509,2384.639
2024-07-05 16:00:00,2384.685,2392.941,2383.902,2388.783
2024-07-05 20:00:00,2388.73,2391.626,2388.191,2391.567
2024-07-07 20:00:00,2389.583,2390.178,2384.766,2386.122
2024-07-08 00:00:00,2386.067,2391.09,2380.696,2382.875
2024-07-08 04:00:00,2382.933,2386.769,2376.599,2377.83
2024-07-08 08:00:00,2377.824,2378.825,2368.26,2375.284
2024-07-08 12:00:00,2375.236,2379.503,2350.975,2355.459
2024-07-08 16:00:00,2355.409,2359.839,2350.997,2359.173
2024-07-08 20:00:00,2359.211,2362.0,2357.986,2361.711
2024-07-09 00:00:00,2361.74,2367.949,2360.454,2367.625
2024-07-09 04:00:00,2367.619,2368.777,2358.255,2358.933
2024-07-09 08:00:00,2358.98,2365.636,2357.485,2360.583
2024-07-09 12:00:00,2360.632,2371.583,2349.345,2361.993
2024-07-09 16:00:00,2361.976,2365.585,2356.511,2363.497
2024-07-09 20:00:00,2363.538,2366.044,2363.28,2364.965
2024-07-10 00:00:00,2364.944,2370.292,2363.302,2368.144
2024-07-10 04:00:00,2368.167,2374.928,2366.566,2372.604
2024-07-10 08:00:00,2372.569,2378.36,2371.435,2378.356
2024-07-10 12:00:00,2378.386,2386.67,2373.88,2378.76
2024-07-10 16:00:00,2378.792,2381.331,2369.836,2371.766
2024-07-10 20:00:00,2371.756,2372.911,2370.863,2372.852
2024-07-11 00:00:00,2372.834,2380.222,2371.403,2378.744
2024-07-11 04:00:00,2378.775,2383.197,2378.464,2379.887
2024-07-11 08:00:00,2379.924,2384.526,2379.001,2380.795
2024-07-11 12:00:00,2380.751,2424.538,2378.109,2417.353
2024-07-11 16:00:00,2417.303,2419.246,2410.004,2414.078
2024-07-11 20:00:00,2414.137,2416.01,2411.098,2415.851
2024-07-12 00:00:00,2415.855,2416.252,2406.649,2408.778
2024-07-12 04:00:00,2408.779,2410.07,2400.286,2404.174
2024-07-12 08:00:00,2404.1,2408.311,2398.285,2401.711
2024-07-12 12:00:00,2401.766,2413.684,2391.364,2411.715
2024-07-12 16:00:00,2411.752,2418.233,2411.695,2412.823
2024-07-12 20:00:00,2412.771,2412.771,2411.262,2411.399
2024-07-14 20:00:00,2411.336,2412.245,2405.666,2408.653
2024-07-15 00:00:00,2408.657,2411.97,2404.889,2411.556
2024-07-15 04:00:00,2411.594,2413.973,2401.306,2407.881
2024-07-15 08:00:00,2407.897,2420.325,2406.876,2418.231
2024-07-15 12:00:00,2418.237,2437.45,2411.497,2433.281
2024-07-15 16:00:00,2433.259,2439.771,2419.723,2421.089
2024-07-15 20:00:00,2421.146,2422.729,2420.587,2422.494
2024-07-16 00:00:00,2422.483,2431.435,2419.914,2428.578
2024-07-16 04:00:00,2428.582,2439.339,2425.023,2436.968
2024-07-16 08:00:00,2436.951,2443.418,2433.604,2439.521
2024-07-16 12:00:00,2439.494,2465.283,2429.334,2463.131
2024-07-16 16:00:00,2463.221,2468.7,2457.833,2468.483
2024-07-16 20:00:00,2468.537,2469.967,2466.245,2468.278
2024-07-17 00:00:00,2468.268,2482.365,2463.91,2471.702
2024-07-17 04:00:00,2471.677,2474.324,2461.787,2474.104
2024-07-17 08:00:00,2474.066,2478.844,2466.656,2470.029
2024-07-17 12:00:00,2470.059,2483.739,2458.014,2463.374
2024-07-17 16:00:00,2463.422,2465.106,2451.407,2457.986
2024-07-17 20:00:00,2458.023,2461.849,2457.212,2461.296
2024-07-18 00:00:00,2461.334,2468.874,2457.29,2468.011
2024-07-18 04:00:00,2468.0,2474.966,2464.551,2471.93
2024-07-18 08:00:00,2471.959,2473.694,2461.488,2464.461
2024-07-18 12:00:00,2464.503,2469.919,2457.522,2461.291
2024-07-18 16:00:00,2461.323,2462.032,2440.226,2442.916
2024-07-18 20:00:00,2442.965,2445.563,2441.223,2441.25
2024-07-19 00:00:00,2441.292,2441.343,2420.417,2428.7
2024-07-19 04:00:00,2428.697,2429.321,2412.803,2418.127
2024-07-19 08:00:00,2418.139,2421.641,2408.411,2410.053
2024-07-19 12:00:00,2410.059,2410.228,2393.756,2405.378
2024-07-19 16:00:00,2405.445,2405.968,2395.64,2398.742
2024-07-19 20:00:00,2398.773,2400.55,2397.783,2400.45
2024-07-21 20:00:00,2403.682,2411.931,2402.487,2411.528
2024-07-22 00:00:00,2411.496,2412.157,2403.233,2406.732
2024-07-22 04:00:00,2406.69,2407.353,2398.881,2402.507
2024-07-22 08:00:00,2402.501,2408.421,2397.953,2398.056
2024-07-22 12:00:00,2398.043,2400.171,2383.797,2386.312
2024-07-22 16:00:00,2386.304,2400.06,2386.085,2399.0
2024-07-22 20:00:00,2398.954,2399.486,2394.705,2395.783
2024-07-23 00:00:00,2395.75,2403.981,2395.465,2398.36
2024-07-23 04:00:00,2398.305,2399.643,2388.225,2397.787
2024-07-23 08:00:00,2397.823,2412.001,2396.276,2407.614
2024-07-23 12:00:00,2407.574,2409.281,2399.515,2405.437
2024-07-23 16:00:00,2405.489,2408.977,2402.626,2407.545
2024-07-23 20:00:00,2407.504,2410.013,2405.305,2408.513
2024-07-24 00:00:00,2408.558,2418.363,2404.866,2416.406
2024-07-24 04:00:00,2416.421,2419.206,2411.621,2414.574
2024-07-24 08:00:00,2414.532,2417.782,2409.753,2417.432
2024-07-24 12:00:00,2417.469,2431.954,2413.605,2424.757
2024-07-24 16:00:00,2424.793,2424.918,2398.28,2398.358
2024-07-24 20:00:00,2398.468,2401.193,2393.033,2398.669
2024-07-25 00:00:00,2398.72,2399.985,2366.774,2374.755
2024-07-25 04:00:00,2374.704,2378.733,2365.752,2374.02
2024-07-25 08:00:00,2374.073,2382.529,2367.984,2368.56
2024-07-25 12:00:00,2368.562,2377.31,2357.919,2363.151
2024-07-25 16:00:00,2363.123,2365.522,2353.086,2362.579
2024-07-25 20:00:00,2362.608,2365.455,2359.346,2363.801
2024-07-26 00:00:00,2363.849,2379.403,2355.842,2371.779
2024-07-26 04:00:00,2371.821,2375.252,2365.214,2371.462
2024-07-26 08:00:00,2371.503,2375.803,2369.344,2373.278
2024-07-26 12:00:00,2373.274,2390.799,2371.028,2385.137
2024-07-26 16:00:00,2385.184,2390.391,2381.125,2386.312
2024-07-26 20:00:00,2386.351,2388.853,2385.432,2387.114
2024-07-28 20:00:00,2387.944,2403.155,2387.857,2397.006
2024-07-29 00:00:00,2397.045,2402.485,2388.614,2394.526
2024-07-29 04:00:00,2394.505,2396.263,2389.426,2391.569
2024-07-29 08:00:00,2391.558,2395.368,2386.809,2387.729
2024-07-29 12:00:00,2387.732,2396.786,2369.523,2376.803
2024-07-29 16:00:00,2376.832,2385.418,2374.5,2383.092
2024-07-29 20:00:00,2383.048,2384.948,2380.889,2381.143
2024-07-30 00:00:00,2381.186,2385.963,2376.471,2385.741
2024-07-30 04:00:00,2385.73,2391.971,2385.637,2390.225
2024-07-30 08:00:00,2390.264,2392.44,2386.872,2387.115
2024-07-30 12:00:00,2387.109,2397.727,2383.32,2385.26
2024-07-30 16:00:00,2385.303,2411.07,2384.953,2407.008
2024-07-30 20:00:00,2406.975,2412.799,2406.947,2409.807
2024-07-31 00:00:00,2409.81,2419.165,2403.876,2416.442
2024-07-31 04:00:00,2416.473,2425.51,2414.385,2417.175
2024-07-31 08:00:00,2417.137,2423.262,2415.436,2419.576
2024-07-31 12:00:00,2419.629,2428.991,2417.27,2423.098
2024-07-31 16:00:00,2423.139,2450.853,2421.537,2449.804
2024-07-31 20:00:00,2449.758,2450.968,2444.095,2445.743
2024-08-01 00:00:00,2445.725,2458.378,2437.256,2442.777
2024-08-01 04:00:00,2442.769,2448.807,2439.871,2440.325
2024-08-01 08:00:00,2440.282,2442.888,2430.192,2440.741
2024-08-01 12:00:00,2440.722,2462.291,2440.282,2445.213
2024-08-01 16:00:00,2445.265,2448.761,2434.881,2443.053
2024-08-01 20:00:00,2443.021,2447.553,2441.722,2445.844
2024-08-02 00:00:00,2445.886,2459.412,2434.872,2454.432
2024-08-02 04:00:00,2454.422,2468.48,2454.191,2461.538
2024-08-02 08:00:00,2461.586,2465.371,2457.531,2459.259
2024-08-02 12:00:00,2459.216,2477.722,2410.794,2433.162
2024-08-02 16:00:00,2433.068,2439.293,2422.932,2437.618
2024-08-02 20:00:00,2437.645,2442.472,2435.539,2441.892
2024-08-04 20:00:00,2441.007,2446.342,2437.915,2440.952
2024-08-05 00:00:00,2440.984,2452.51,2413.767,2450.957
2024-08-05 04:00:00,2451.022,2458.836,2422.064,2431.98
2024-08-05 08:00:00,2432.021,2434.431,2383.268,2386.736
2024-08-05 12:00:00,2386.772,2412.236,2364.267,2402.838
2024-08-05 16:00:00,2402.768,2413.06,2398.986,2407.68
2024-08-05 20:00:00,2407.645,2412.562,2404.34,2404.837
2024-08-06 00:00:00,2404.865,2418.307,2404.515,2408.982
2024-08-06 04:00:00,2409.013,2412.618,2394.792,2409.835
2024-08-06 08:00:00,2409.935,2416.344,2408.073,2410.955
2024-08-06 12:00:00,2410.996,2412.21,2381.404,2387.536
2024-08-06 16:00:00,2387.571,2396.014,2385.548,2387.732
2024-08-06 20:00:00,2387.759,2390.487,2382.755,2383.778
2024-08-07 00:00:00,2383.724,2388.44,2378.941,2385.948
2024-08-07 04:00:00,2385.985,2397.582,2385.687,2389.31
2024-08-07 08:00:00,2389.359,2402.36,2388.262,2401.178
2024-08-07 12:00:00,2401.164,2407.09,2391.932,2394.452
2024-08-07 16:00:00,2394.45,2399.748,2383.773,2385.719
2024-08-07 20:00:00,2385.67,2387.382,2380.884,2384.791
2024-08-08 00:00:00,2384.835,2394.698,2383.263,2394.316
2024-08-08 04:00:00,2394.255,2400.64,2392.427,2396.736
2024-08-08 08:00:00,2396.786,2413.632,2392.869,2412.192
2024-08-08 12:00:00,2412.152,2424.365,2402.295,2418.686
2024-08-08 16:00:00,2418.645,2426.361,2415.797,2423.532
2024-08-08 20:00:00,2423.554,2427.818,2422.829,2424.589
2024-08-09 00:00:00,2424.519,2429.0,2419.222,2421.089
2024-08-09 04:00:00,2421.046,2427.054,2416.829,2423.128
2024-08-09 08:00:00,2423.183,2432.64,2422.189,2426.761
2024-08-09 12:00:00,2426.734,2435.956,2420.955,2431.47
2024-08-09 16:00:00,2431.514,2437.011,2427.157,2429.079
2024-08-09 20:00:00,2429.118,2431.172,2429.118,2430.805
2024-08-11 20:00:00,2428.36,2433.234,2427.247,2427.927
2024-08-12 00:00:00,2427.928,2430.288,2423.825,2428.572
2024-08-12 04:00:00,2428.515,2442.819,2428.205,2441.573
2024-08-12 08:00:00,2441.614,2445.058,2439.576,2441.498
2024-08-12 12:00:00,2441.506,2460.686,2441.409,2459.735
2024-08-12 16:00:00,2459.78,2472.194,2458.93,2470.473
2024-08-12 20:00:00,2470.446,2476.033,2470.151,2475.536
2024-08-13 00:00:00,2475.58,2476.963,2460.792,2463.449
2024-08-13 04:00:00,2463.513,2466.152,2458.493,2464.26
2024-08-13 08:00:00,2464.302,2466.607,2458.834,2465.797
2024-08-13 12:00:00,2465.757,2475.657,2458.908,2468.642
2024-08-13 16:00:00,2468.6,2471.086,2462.235,2466.912
2024-08-13 20:00:00,2466.922,2467.835,2462.942,2464.06
2024-08-14 00:00:00,2464.104,2472.493,2455.271,2460.792
2024-08-14 04:00:00,2460.815,2471.893,2459.269,2470.85
2024-08-14 08:00:00,2470.822,2478.789,2468.677,2474.696
2024-08-14 12:00:00,2474.735,2480.064,2442.009,2444.024
2024-08-14 16:00:00,2444.023,2448.449,2437.995,2447.224
2024-08-14 20:00:00,2447.125,2449.482,2446.433,2449.408
2024-08-15 00:00:00,2449.396,2454.357,2448.211,2453.68
2024-08-15 04:00:00,2453.702,2458.787,2450.28,2455.71
2024-08-15 08:00:00,2455.701,2464.166,2453.527,2463.525
2024-08-15 12:00:00,2463.581,2470.095,2432.094,2458.394
2024-08-15 16:00:00,2458.438,2461.621,2453.4,2455.566
2024-08-15 20:00:00,2455.52,2458.252,2454.397,2457.303
2024-08-16 00:00:00,2457.309,2460.028,2450.714,2452.397
2024-08-16 04:00:00,2452.436,2464.489,2451.07,2461.97
2024-08-16 08:00:00,2462.047,2472.3,2459.102,2472.113
2024-08-16 12:00:00,2472.074,2500.52,2471.251,2491.691
2024-08-16 16:00:00,2491.775,2509.027,2491.651,2507.862
2024-08-16 20:00:00,2507.916,2509.783,2505.539,2507.82
2024-08-18 20:00:00,2506.304,2506.778,2502.271,2506.45
2024-08-19 00:00:00,2506.439,2506.771,2494.912,2503.214
2024-08-19 04:00:00,2503.172,2505.181,2498.807,2502.992
2024-08-19 08:00:00,2502.945,2507.178,2486.483,2494.41
2024-08-19 12:00:00,2494.415,2505.931,2485.615,2503.934
2024-08-19 16:00:00,2503.898,2507.482,2500.661,2505.403
2024-08-19 20:00:00,2505.443,2505.625,2502.044,2503.544
2024-08-20 00:00:00,2503.554,2508.289,2498.632,2501.727
2024-08-20 04:00:00,2501.789,2515.223,2497.256,2514.878
2024-08-20 08:00:00,2514.905,2527.171,2514.293,2526.224
2024-08-20 12:00:00,2526.267,2531.668,2505.752,2508.518
2024-08-20 16:00:00,2508.549,2515.521,2500.829,2514.951
2024-08-20 20:00:00,2514.994,2516.937,2512.753,2512.964
2024-08-21 00:00:00,2512.976,2519.942,2510.759,2517.386
2024-08-21 04:00:00,2517.433,2519.587,2508.091,2509.751
2024-08-21 08:00:00,2509.723,2513.321,2504.418,2511.823
2024-08-21 12:00:00,2511.781,2513.733,2493.672,2508.287
2024-08-21 16:00:00,2508.227,2519.167,2503.116,2511.559
2024-08-21 20:00:00,2511.513,2514.424,2509.745,2512.684
2024-08-22 00:00:00,2512.732,2514.701,2499.852,2502.329
2024-08-22 04:00:00,2502.344,2510.58,2499.184,2507.102
2024-08-22 08:00:00,2507.104,2509.122,2498.019,2499.506
2024-08-22 12:00:00,2499.539,2504.136,2470.801,2481.794
2024-08-22 16:00:00,2481.842,2485.965,2478.527,2482.983
2024-08-22 20:00:00,2483.021,2487.598,2482.369,2487.564
2024-08-23 00:00:00,2487.574,2493.753,2486.435,2493.165
2024-08-23 04:00:00,2493.153,2495.768,2490.567,2493.384
2024-08-23 08:00:00,2493.338,2502.496,2492.991,2501.571
2024-08-23 12:00:00,2501.557,2518.35,2494.453,2509.845
2024-08-23 16:00:00,2509.884,2513.242,2501.675,2510.772
2024-08-23 20:00:00,2510.745,2512.463,2509.532,2512.357
2024-08-25 20:00:00,2512.067,2516.683,2511.076,2515.903
2024-08-26 00:00:00,2515.89,2517.001,2509.33,2509.769
2024-08-26 04:00:00,2509.739,2521.82,2508.646,2521.408
2024-08-26 08:00:00,2521.412,2526.906,2520.702,2526.533
2024-08-26 12:00:00,2526.467,2527.009,2510.633,2515.787
2024-08-26 16:00:00,2515.831,2523.391,2513.518,2518.169
2024-08-26 20:00:00,2518.204,2519.095,2515.406,2515.512
2024-08-27 00:00:00,2515.477,2516.709,2505.816,2508.973
2024-08-27 04:00:00,2509.008,2517.561,2504.528,2504.988
2024-08-27 08:00:00,2504.885,2513.745,2503.528,2511.479
2024-08-27 12:00:00,2511.444,2520.316,2503.462,2512.134
2024-08-27 16:00:00,2512.107,2525.938,2509.815,2525.097
2024-08-27 20:00:00,2525.062,2529.062,2523.78,2525.269
2024-08-28 00:00:00,2525.223,2525.825,2513.168,2515.885
2024-08-28 04:00:00,2515.824,2516.138,2503.219,2509.984
2024-08-28 08:00:00,2509.942,2511.432,2500.69,2501.485
2024-08-28 12:00:00,2501.445,2510.703,2493.498,2506.141
2024-08-28 16:00:00,2506.182,2509.609,2496.385,2507.607
2024-08-28 20:00:00,2507.643,2508.703,2502.76,2508.11
2024-08-29 00:00:00,2508.08,2516.771,2507.967,2516.543
2024-08-29 04:00:00,2516.591,2521.164,2513.806,2519.091
2024-08-29 08:00:00,2519.125,2524.446,2515.079,2519.883
2024-08-29 12:00:00,2519.874,2525.67,2503.558,2522.507
2024-08-29 16:00:00,2522.557,2528.669,2517.418,2521.174
2024-08-29 20:00:00,2521.211,2522.313,2518.892,2519.613
2024-08-30 00:00:00,2519.6,2520.108,2512.292,2513.555
2024-08-30 04:00:00,2513.533,2524.066,2512.166,2519.369
2024-08-30 08:00:00,2519.356,2526.914,2514.987,2519.523
2024-08-30 12:00:00,2519.485,2524.76,2500.233,2502.501
2024-08-30 16:00:00,2502.465,2506.045,2494.086,2502.343
2024-08-30 20:00:00,2502.304,2503.578,2501.833,2503.342
2024-09-01 20:00:00,2502.485,2504.755,2501.942,2502.98
2024-09-02 00:00:00,2502.983,2504.98,2489.977,2496.228
2024-09-02 04:00:00,2496.208,2501.457,2495.19,2498.204
2024-09-02 08:00:00,2498.189,2507.334,2497.082,2499.814
2024-09-02 12:00:00,2499.774,2503.206,2497.672,2501.485
2024-09-02 16:00:00,2501.49,2501.902,2498.616,2500.085
2024-09-02 20:00:00,2499.525,2499.708,2496.476,2497.242
2024-09-03 00:00:00,2497.247,2497.701,2489.686,2494.717
2024-09-03 04:00:00,2494.789,2502.051,2492.733,2500.843
2024-09-03 08:00:00,2500.809,2506.249,2484.651,2489.665
2024-09-03 12:00:00,2489.626,2502.213,2473.282,2488.353
2024-09-03 16:00:00,2488.33,2494.398,2483.879,2492.015
2024-09-03 20:00:00,2491.965,2494.764,2491.318,2493.223
2024-09-04 00:00:00,2493.2,2496.95,2491.281,2495.016
2024-09-04 04:00:00,2495.058,2496.733,2481.921,2482.177
2024-09-04 08:00:00,2482.172,2491.267,2471.868,2489.177
2024-09-04 12:00:00,2489.14,2500.3,2482.056,2493.984
2024-09-04 16:00:00,2493.958,2498.023,2491.432,2493.402
2024-09-04 20:00:00,2493.381,2496.951,2492.832,2495.829
2024-09-05 00:00:00,2495.827,2499.335,2494.48,2494.868
2024-09-05 04:00:00,2494.835,2507.623,2493.759,2506.37
2024-09-05 08:00:00,2506.408,2518.375,2505.917,2515.199
2024-09-05 12:00:00,2515.246,2523.574,2503.797,2507.154
2024-09-05 16:00:00,2507.179,2516.854,2506.073,2514.814
2024-09-05 20:00:00,2514.857,2518.007,2514.802,2517.282
2024-09-06 00:00:00,2517.277,2518.474,2513.044,2518.232
2024-09-06 04:00:00,2518.257,2521.865,2516.278,2516.553
2024-09-06 08:00:00,2516.516,2520.364,2514.669,2516.271
2024-09-06 12:00:00,2516.302,2529.204,2500.403,2505.371
2024-09-06 16:00:00,2505.314,2505.882,2485.007,2495.978
2024-09-06 20:00:00,2495.939,2497.837,2494.735,2497.524
2024-09-08 20:00:00,2497.037,2498.277,2495.492,2496.869
2024-09-09 00:00:00,2496.871,2500.508,2494.711,2499.284
2024-09-09 04:00:00,2499.25,2499.52,2485.503,2494.3
2024-09-09 08:00:00,2494.338,2499.137,2489.965,2497.242
2024-09-09 12:00:00,2497.296,2505.292,2493.231,2499.09
2024-09-09 16:00:00,2499.121,2506.55,2499.121,2505.96
2024-09-09 20:00:00,2505.921,2507.701,2505.221,2506.813
2024-09-10 00:00:00,2506.815,2507.461,2501.37,2502.532
2024-09-10 04:00:00,2502.5,2507.773,2500.736,2502.792
2024-09-10 08:00:00,2502.754,2509.669,2500.052,2504.607
2024-09-10 12:00:00,2504.575,2518.415,2500.872,2512.77
2024-09-10 16:00:00,2512.797,2517.515,2510.693,2517.212
2024-09-10 20:00:00,2517.214,2518.868,2515.75,2518.678
2024-09-11 00:00:00,2518.638,2522.577,2514.94,2519.406
2024-09-11 04:00:00,2519.426,2529.06,2518.535,2521.471
2024-09-11 08:00:00,2521.437,2527.221,2519.76,2522.267
2024-09-11 12:00:00,2522.227,2523.884,2500.844,2514.743
2024-09-11 16:00:00,2514.712,2520.033,2509.762,2512.93
2024-09-11 20:00:00,2512.904,2513.891,2511.27,2511.901
2024-09-12 00:00:00,2511.824,2516.098,2510.973,2515.844
2024-09-12 04:00:00,2515.88,2522.26,2514.441,2515.932
2024-09-12 08:00:00,2515.906,2521.014,2512.966,2519.485
2024-09-12 12:00:00,2519.523,2555.229,2518.862,2553.254
2024-09-12 16:00:00,2553.23,2559.069,2544.854,2557.905
2024-09-12 20:00:00,2557.87,2560.091,2556.742,2558.422
2024-09-13 00:00:00,2558.419,2570.082,2556.78,2567.853
2024-09-13 04:00:00,2567.858,2571.135,2563.068,2569.848
2024-09-13 08:00:00,2569.858,2573.019,2563.648,2567.288
2024-09-13 12:00:00,2567.323,2583.48,2566.033,2582.14
2024-09-13 16:00:00,2582.175,2586.12,2578.593,2582.646
2024-09-13 20:00:00,2582.612,2582.909,2577.704,2579.067
2024-09-15 20:00:00,2578.456,2580.454,2577.543,2579.163
2024-09-16 00:00:00,2579.17,2589.001,2578.887,2586.294
2024-09-16 04:00:00,2586.335,2589.651,2579.452,2582.142
2024-09-16 08:00:00,2582.131,2588.526,2575.285,2582.999
2024-09-16 12:00:00,2582.966,2589.298,2576.069,2579.879
2024-09-16 16:00:00,2579.912,2584.172,2579.524,2582.486
2024-09-16 20:00:00,2582.55,2583.855,2581.809,2583.659
2024-09-17 00:00:00,2583.654,2586.338,2576.771,2577.184
2024-09-17 04:00:00,2577.178,2586.956,2574.534,2583.8
2024-09-17 08:00:00,2583.761,2584.155,2569.707,2579.824
2024-09-17 12:00:00,2579.834,2582.237,2561.739,2565.668
2024-09-17 16:00:00,2565.692,2571.657,2560.661,2568.64
2024-09-17 20:00:00,2568.666,2574.367,2568.29,2574.05
2024-09-18 00:00:00,2574.019,2576.474,2570.001,2575.899
2024-09-18 04:00:00,2575.923,2576.478,2565.709,2571.566
2024-09-18 08:00:00,2571.643,2580.74,2567.934,2577.407
2024-09-18 12:00:00,2577.441,2578.907,2567.947,2569.701
2024-09-18 16:00:00,2569.731,2600.138,2546.828,2549.026
2024-09-18 20:00:00,2548.981,2561.582,2548.3,2559.239
2024-09-19 00:00:00,2559.239,2566.708,2550.894,2563.959
2024-09-19 04:00:00,2564.002,2584.633,2559.564,2584.344
2024-09-19 08:00:00,2584.361,2594.963,2581.329,2589.435
2024-09-19 12:00:00,2589.399,2591.203,2569.753,2589.022
2024-09-19 16:00:00,2589.062,2592.612,2585.932,2588.309
2024-09-19 20:00:00,2588.355,2589.803,2585.876,2587.282
2024-09-20 00:00:00,2587.253,2593.705,2584.714,2591.389
2024-09-20 04:00:00,2591.397,2609.797,2591.258,2607.158
2024-09-20 08:00:00,2607.123,2615.5,2602.435,2613.736
2024-09-20 12:00:00,2613.697,2623.035,2602.493,2622.725
2024-09-20 16:00:00,2622.762,2625.754,2617.834,2621.087
2024-09-20 20:00:00,2621.129,2622.509,2619.1,2622.098
2024-09-22 20:00:00,2620.944,2622.125,2619.652,2620.234
2024-09-23 00:00:00,2620.202,2631.128,2616.029,2628.553
2024-09-23 04:00:00,2628.558,2631.395,2613.799,2615.15
2024-09-23 08:00:00,2615.113,2625.786,2614.564,2624.063
2024-09-23 12:00:00,2624.056,2634.881,2619.96,2629.242
2024-09-23 16:00:00,2629.201,2630.892,2625.665,2626.24
2024-09-23 20:00:00,2626.294,2628.501,2625.821,2626.3
2024-09-24 00:00:00,2626.295,2636.146,2623.772,2634.099
2024-09-24 04:00:00,2634.09,2640.092,2622.524,2628.996
2024-09-24 08:00:00,2629.005,2636.312,2623.339,2626.367
2024-09-24 12:00:00,2626.411,2648.504,2623.463,2643.143
2024-09-24 16:00:00,2643.153,2664.366,2642.382,2662.622
2024-09-24 20:00:00,2662.588,2663.747,2656.417,2658.204
2024-09-25 00:00:00,2658.163,2670.629,2655.438,2661.475
2024-09-25 04:00:00,2661.498,2661.716,2651.321,2657.016
2024-09-25 08:00:00,2657.026,2658.581,2652.698,2657.431
2024-09-25 12:00:00,2657.38,2667.434,2654.161,2657.628
2024-09-25 16:00:00,2657.604,2663.062,2649.566,2659.754
2024-09-25 20:00:00,2659.802,2660.305,2656.203,2656.296
2024-09-26 00:00:00,2656.359,2662.537,2655.281,2662.516
2024-09-26 04:00:00,2662.545,2666.924,2657.93,2664.684
2024-09-26 08:00:00,2664.65,2685.611,2664.581,2682.764
2024-09-26 12:00:00,2682.797,2684.211,2654.717,2671.348
2024-09-26 16:00:00,2671.39,2677.911,2662.946,2673.675
2024-09-26 20:00:00,2673.715,2674.068,2670.805,2672.61
2024-09-27 00:00:00,2672.667,2673.944,2666.19,2673.629
2024-09-27 04:00:00,2673.648,2673.944,2660.89,2664.72
2024-09-27 08:00:00,2664.685,2669.234,2658.284,2666.159
2024-09-27 12:00:00,2666.125,2674.266,2644.705,2649.709
2024-09-27 16:00:00,2649.752,2656.361,2642.994,2651.992
2024-09-27 20:00:00,2651.952,2660.009,2651.126,2657.983
2024-09-29 20:00:00,2661.714,2665.106,2659.762,2663.543
2024-09-30 00:00:00,2663.58,2666.049,2647.264,2653.617
2024-09-30 04:00:00,2653.573,2660.619,2650.63,2650.993
2024-09-30 08:00:00,2650.95,2656.591,2634.445,2641.542
2024-09-30 12:00:00,2641.523,2644.199,2628.686,2633.868
2024-09-30 16:00:00,2633.874,2641.893,2624.679,2630.963
2024-09-30 20:00:00,2631.001,2636.254,2630.717,2635.634
2024-10-01 00:00:00,2635.659,2640.008,2633.911,2637.938
2024-10-01 04:00:00,2637.955,2647.449,2637.412,2645.559
2024-10-01 08:00:00,2645.593,2652.056,2642.437,2650.229
2024-10-01 12:00:00,2650.274,2671.853,2647.946,2663.338
2024-10-01 16:00:00,2663.303,2673.197,2657.515,2658.691
2024-10-01 20:00:00,2658.73,2663.978,2657.812,2660.361
2024-10-02 00:00:00,2660.39,2662.017,2655.079,2655.376
2024-10-02 04:00:00,2655.351,2656.576,2644.495,2655.413
2024-10-02 08:00:00,2655.482,2655.841,2647.941,2649.577
2024-10-02 12:00:00,2649.619,2663.323,2641.038,2649.89
2024-10-02 16:00:00,2649.918,2658.986,2647.102,2658.64
2024-10-02 20:00:00,2658.622,2661.236,2658.265,2660.333
2024-10-03 00:00:00,2660.299,2662.968,2653.273,2656.001
2024-10-03 04:00:00,2655.966,2657.432,2643.491,2645.187
2024-10-03 08:00:00,2645.222,2649.055,2640.961,2648.018
2024-10-03 12:00:00,2647.984,2654.651,2637.964,2648.798
2024-10-03 16:00:00,2648.842,2662.144,2648.49,2657.974
2024-10-03 20:00:00,2658.009,2658.009,2654.319,2655.804
2024-10-04 00:00:00,2655.8,2663.591,2655.444,2661.137
2024-10-04 04:00:00,2661.128,2667.864,2658.703,2661.08
2024-10-04 08:00:00,2661.05,2662.567,2656.783,2661.342
2024-10-04 12:00:00,2661.307,2670.167,2632.03,2653.201
2024-10-04 16:00:00,2653.227,2653.859,2641.813,2651.624
2024-10-04 20:00:00,2651.657,2653.995,2649.848,2653.489
2024-10-06 20:00:00,2651.575,2652.397,2649.672,2650.128
2024-10-07 00:00:00,2650.109,2651.926,2643.844,2647.421
2024-10-07 04:00:00,2647.399,2652.832,2639.587,2652.016
2024-10-07 08:00:00,2652.057,2659.615,2650.597,2656.913
2024-10-07 12:00:00,2656.949,2659.206,2637.728,2645.728
2024-10-07 16:00:00,2645.687,2648.744,2639.686,2643.26
2024-10-07 20:00:00,2643.224,2649.211,2641.768,2642.944
2024-10-08 00:00:00,2642.962,2648.317,2633.726,2642.99
2024-10-08 04:00:00,2642.952,2646.429,2631.095,2633.951
2024-10-08 08:00:00,2633.977,2651.936,2628.487,2650.745
2024-10-08 12:00:00,2650.739,2652.982,2604.686,2612.939
2024-10-08 16:00:00,2613.018,2623.574,2605.443,2622.915
2024-10-08 20:00:00,2622.923,2623.813,2618.811,2621.868
2024-10-09 00:00:00,2621.868,2624.268,2614.848,2617.072
2024-10-09 04:00:00,2617.035,2624.321,2609.139,2611.628
2024-10-09 08:00:00,2611.669,2622.45,2610.405,2619.022
2024-10-09 12:00:00,2619.061,2622.458,2605.189,2614.818
2024-10-09 16:00:00,2614.861,2615.887,2605.116,2609.087
2024-10-09 20:00:00,2609.146,2609.477,2606.881,2608.476
2024-10-10 00:00:00,2608.438,2616.9,2605.904,2611.762
2024-10-10 04:00:00,2611.724,2617.066,2610.202,2616.657
2024-10-10 08:00:00,2616.695,2618.912,2611.306,2612.98
2024-10-10 12:00:00,2613.013,2629.794,2602.26,2623.614
2024-10-10 16:00:00,2623.619,2631.355,2616.442,2629.135
2024-10-10 20:00:00,2629.174,2636.032,2628.071,2633.149
2024-10-11 00:00:00,2633.161,2646.052,2631.952,2645.483
2024-10-11 04:00:00,2645.51,2647.173,2638.037,2645.355
2024-10-11 08:00:00,2645.317,2646.198,2636.153,2644.635
2024-10-11 12:00:00,2644.599,2659.318,2640.61,2658.757
2024-10-11 16:00:00,2658.784,2661.462,2655.24,2656.122
2024-10-11 20:00:00,2656.16,2657.207,2654.728,2656.836
2024-10-13 20:00:00,2650.086,2652.472,2646.866,2648.091
2024-10-14 00:00:00,2648.131,2657.455,2643.075,2655.553
2024-10-14 04:00:00,2655.557,2666.867,2655.194,2660.396
2024-10-14 08:00:00,2660.44,2663.012,2650.987,2652.184
2024-10-14 12:00:00,2652.174,2661.162,2643.94,2646.733
2024-10-14 16:00:00,2646.795,2652.575,2645.745,2652.395
2024-10-14 20:00:00,2652.437,2653.33,2646.075,2649.351
2024-10-15 00:00:00,2649.419,2652.769,2644.449,2645.705
2024-10-15 04:00:00,2645.743,2653.947,2637.975,2650.758
2024-10-15 08:00:00,2650.74,2656.771,2645.596,2647.75
2024-10-15 12:00:00,2647.726,2665.158,2646.003,2664.637
2024-10-15 16:00:00,2664.673,2668.93,2658.971,2661.64
2024-10-15 20:00:00,2661.697,2663.11,2660.269,2660.5
2024-10-16 00:00:00,2660.498,2670.139,2658.722,2667.156
2024-10-16 04:00:00,2667.12,2677.689,2665.592,2676.115
2024-10-16 08:00:00,2676.113,2682.759,2672.975,2678.332
2024-10-16 12:00:00,2678.312,2685.394,2667.562,2669.985
2024-10-16 16:00:00,2669.926,2676.704,2666.662,2674.69
2024-10-16 20:00:00,2674.735,2674.996,2673.078,2674.087
2024-10-17 00:00:00,2674.122,2684.898,2674.069,2676.61
2024-10-17 04:00:00,2676.651,2685.756,2676.401,2681.953
2024-10-17 08:00:00,2681.981,2688.858,2676.949,2681.298
2024-10-17 12:00:00,2681.258,2696.788,2673.143,2693.271
2024-10-17 16:00:00,2693.365,2694.202,2683.959,2691.954
2024-10-17 20:00:00,2692.006,2694.411,2690.967,2693.709
2024-10-18 00:00:00,2693.67,2711.964,2692.764,2709.944
2024-10-18 04:00:00,2709.908,2714.08,2702.208,2702.281
2024-10-18 08:00:00,2702.326,2713.203,2701.657,2709.779
2024-10-18 12:00:00,2709.808,2720.131,2704.921,2714.813
2024-10-18 16:00:00,2714.846,2721.281,2713.576,2719.624
2024-10-18 20:00:00,2719.665,2722.633,2719.181,2721.778
2024-10-20 20:00:00,2723.092,2725.129,2720.186,2723.416
2024-10-21 00:00:00,2723.457,2732.826,2721.04,2731.512
2024-10-21 04:00:00,2731.514,2732.515,2723.554,2730.312
2024-10-21 08:00:00,2730.322,2738.128,2727.716,2734.458
2024-10-21 12:00:00,2734.426,2740.515,2716.833,2720.119
2024-10-21 16:00:00,2720.093,2725.598,2714.181,2719.854
2024-10-21 20:00:00,2719.81,2722.592,2718.743,2721.483
2024-10-22 00:00:00,2721.478,2733.09,2720.633,2731.003
2024-10-22 04:00:00,2730.969,2737.141,2729.015,2733.656
2024-10-22 08:00:00,2733.617,2739.358,2729.436,2731.976
2024-10-22 12:00:00,2732.01,2744.206,2731.553,2737.562
2024-10-22 16:00:00,2737.521,2748.905,2737.117,2748.306
2024-10-22 20:00:00,2748.354,2748.86,2745.82,2746.557
2024-10-23 00:00:00,2746.587,2747.199,2737.743,2746.047
2024-10-23 04:00:00,2746.054,2755.632,2745.347,2754.874
2024-10-23 08:00:00,2754.913,2758.508,2749.134,2749.967
2024-10-23 12:00:00,2749.932,2750.503,2708.604,2721.726
2024-10-23 16:00:00,2721.692,2723.275,2711.932,2716.236
2024-10-23 20:00:00,2716.194,2721.885,2714.143,2721.258
2024-10-24 00:00:00,2721.219,2726.698,2717.761,2722.877
2024-10-24 04:00:00,2722.882,2737.121,2722.824,2733.54
2024-10-24 08:00:00,2733.613,2739.688,2732.489,2738.556
2024-10-24 12:00:00,2738.464,2743.208,2722.364,2731.099
2024-10-24 16:00:00,2731.091,2737.747,2725.758,2737.049
2024-10-24 20:00:00,2737.009,2737.147,2733.622,2733.844
2024-10-25 00:00:00,2733.885,2735.173,2724.372,2726.042
2024-10-25 04:00:00,2726.078,2732.567,2723.863,2726.377
2024-10-25 08:00:00,2726.465,2729.391,2716.958,2724.181
2024-10-25 12:00:00,2724.208,2742.028,2723.205,2737.131
2024-10-25 16:00:00,2737.093,2745.022,2733.922,2742.519
2024-10-25 20:00:00,2742.561,2747.774,2742.469,2747.023
2024-10-27 20:00:00,2733.443,2740.176,2730.34,2735.815
2024-10-28 00:00:00,2735.783,2736.317,2724.671,2729.702
2024-10-28 04:00:00,2729.637,2744.515,2729.093,2738.919
2024-10-28 08:00:00,2738.878,2740.882,2727.839,2732.319
2024-10-28 12:00:00,2732.312,2745.917,2731.171,2740.704
2024-10-28 16:00:00,2740.671,2744.949,2739.945,2742.498
2024-10-28 20:00:00,2742.464,2744.427,2739.774,2744.427
2024-10-29 00:00:00,2744.379,2757.75,2743.267,2751.681
2024-10-29 04:00:00,2751.682,2756.854,2748.898,2752.459
2024-10-29 08:00:00,2752.499,2756.663,2746.19,2751.772
2024-10-29 12:00:00,2751.806,2771.73,2748.142,2764.241
2024-10-29 16:00:00,2764.219,2774.739,2764.103,2772.196
2024-10-29 20:00:00,2772.165,2775.397,2771.822,2774.915
2024-10-30 00:00:00,2774.943,2782.15,2774.778,2778.924
2024-10-30 04:00:00,2778.93,2789.821,2777.394,2782.257
2024-10-30 08:00:00,2782.214,2786.527,2778.213,2778.58
2024-10-30 12:00:00,2778.556,2787.509,2770.83,2784.634
2024-10-30 16:00:00,2784.675,2790.075,2783.0,2787.285
2024-10-30 20:00:00,2787.333,2788.09,2784.777,2785.49
2024-10-31 00:00:00,2785.489,2790.091,2783.554,2784.647
2024-10-31 04:00:00,2784.685,2786.563,2778.029,2782.06
2024-10-31 08:00:00,2782.02,2783.129,2773.305,2779.413
2024-10-31 12:00:00,2779.414,2781.941,2731.515,2740.576
2024-10-31 16:00:00,2740.617,2749.747,2738.004,2746.407
2024-10-31 20:00:00,2746.461,2748.168,2743.269,2746.691
2024-11-01 00:00:00,2746.672,2751.878,2744.815,2751.77
2024-11-01 04:00:00,2751.728,2757.649,2747.039,2749.627
2024-11-01 08:00:00,2749.586,2755.48,2744.818,2752.873
2024-11-01 12:00:00,2752.894,2762.25,2739.654,2744.72
2024-11-01 16:00:00,2744.706,2746.199,2733.113,2734.121
2024-11-01 20:00:00,2734.077,2736.869,2733.267,2736.69
2024-11-03 20:00:00,2732.846,2740.334,2732.581,2738.352
2024-11-04 00:00:00,2738.379,2742.401,2735.343,2740.989
2024-11-04 04:00:00,2740.952,2744.781,2735.06,2735.837
2024-11-04 08:00:00,2735.806,2745.304,2731.807,2740.612
2024-11-04 12:00:00,2740.543,2748.157,2737.67,2738.519
2024-11-04 16:00:00,2738.477,2739.706,2731.72,2738.298
2024-11-04 20:00:00,2738.245,2738.571,2736.006,2736.006
2024-11-05 00:00:00,2736.046,2736.677,2724.694,2735.288
2024-11-05 04:00:00,2735.24,2741.352,2731.705,2736.532
2024-11-05 08:00:00,2736.492,2745.043,2732.09,2741.6
2024-11-05 12:00:00,2741.697,2749.917,2732.921,2741.957
2024-11-05 16:00:00,2742.001,2744.579,2736.329,2740.513
2024-11-05 20:00:00,2740.549,2746.426,2739.619,2745.702
2024-11-06 00:00:00,2745.684,2749.681,2730.639,2734.082
2024-11-06 04:00:00,2734.119,2743.708,2701.319,2725.87
2024-11-06 08:00:00,2725.823,2733.824,2696.018,2699.152
2024-11-06 12:00:00,2699.109,2708.066,2652.335,2675.715
2024-11-06 16:00:00,2675.752,2678.273,2661.574,2667.091
2024-11-06 20:00:00,2667.055,2667.744,2658.958,2664.048
2024-11-07 00:00:00,2664.035,2664.261,2643.208,2659.176
2024-11-07 04:00:00,2659.199,2667.596,2652.793,2663.309
2024-11-07 08:00:00,2663.349,2668.422,2657.423,2666.147
2024-11-07 12:00:00,2666.266,2700.185,2664.276,2698.698
2024-11-07 16:00:00,2698.687,2700.279,2687.424,2694.266
2024-11-07 20:00:00,2694.308,2710.36,2692.818,2706.866
2024-11-08 00:00:00,2706.87,2710.418,2694.034,2695.113
2024-11-08 04:00:00,2695.101,2696.362,2680.286,2687.362
2024-11-08 08:00:00,2687.396,2694.977,2681.906,2691.912
2024-11-08 12:00:00,2691.937,2704.061,2683.379,2687.552
2024-11-08 16:00:00,2687.513,2689.283,2682.813,2687.057
2024-11-08 20:00:00,2687.023,2688.549,2682.983,2684.758
2024-11-10 20:00:00,2683.161,2685.654,2681.526,2685.605
2024-11-11 00:00:00,2685.638,2686.141,2666.444,2670.269
2024-11-11 04:00:00,2670.272,2674.285,2666.896,2669.561
2024-11-11 08:00:00,2669.516,2675.377,2658.992,2662.647
2024-11-11 12:00:00,2662.672,2663.232,2613.358,2614.565
2024-11-11 16:00:00,2614.558,2620.672,2610.53,2619.266
2024-11-11 20:00:00,2619.291,2626.204,2619.233,2624.038
2024-11-12 00:00:00,2624.032,2627.19,2618.717,2618.924
2024-11-12 04:00:00,2618.875,2619.099,2595.17,2598.309
2024-11-12 08:00:00,2598.265,2606.511,2589.633,2597.845
2024-11-12 12:00:00,2597.82,2617.068,2597.387,2598.437
2024-11-12 16:00:00,2598.479,2604.206,2592.43,2598.166
2024-11-12 20:00:00,2598.132,2601.39,2595.112,2598.952
2024-11-13 00:00:00,2599.01,2613.333,2598.002,2611.579
2024-11-13 04:00:00,2611.535,2612.405,2603.49,2606.208
2024-11-13 08:00:00,2606.245,2611.659,2601.031,2610.783
2024-11-13 12:00:00,2610.844,2618.841,2593.571,2605.341
2024-11-13 16:00:00,2605.3,2605.975,2577.507,2581.004
2024-11-13 20:00:00,2580.971,2581.41,2569.214,2570.989
2024-11-14 00:00:00,2571.012,2574.775,2558.875,2560.708
2024-11-14 04:00:00,2560.718,2565.256,2550.361,2557.014
2024-11-14 08:00:00,2556.972,2559.783,2536.747,2553.579
2024-11-14 12:00:00,2553.621,2572.956,2550.07,2570.203
2024-11-14 16:00:00,2570.242,2577.432,2567.086,2575.97
2024-11-14 20:00:00,2575.981,2576.527,2563.866,2566.899
2024-11-15 00:00:00,2566.888,2571.709,2563.027,2567.756
2024-11-15 04:00:00,2567.719,2569.538,2554.392,2563.734
2024-11-15 08:00:00,2563.692,2573.393,2560.821,2570.777
2024-11-15 12:00:00,2570.8,2576.067,2561.218,2570.733
2024-11-15 16:00:00,2570.742,2573.291,2559.401,2563.85
2024-11-15 20:00:00,2563.849,2563.862,2559.758,2562.969
2024-11-17 20:00:00,2568.027,2575.523,2568.027,2571.452
2024-11-18 00:00:00,2571.424,2597.414,2569.866,2589.864
2024-11-18 04:00:00,2589.899,2593.197,2580.42,2582.838
2024-11-18 08:00:00,2582.796,2597.258,2582.032,2594.396
2024-11-18 12:00:00,2594.338,2613.39,2590.358,2612.936
2024-11-18 16:00:00,2612.972,2615.11,2607.341,2609.849
2024-11-18 20:00:00,2609.804,2613.107,2608.192,2612.704
2024-11-19 00:00:00,2612.731,2625.591,2611.045,2624.435
2024-11-19 04:00:00,2624.456,2626.631,2617.686,2619.057
2024-11-19 08:00:00,2619.021,2636.496,2618.674,2629.639
2024-11-19 12:00:00,2629.667,2639.432,2620.912,2624.443
2024-11-19 16:00:00,2624.478,2633.132,2622.295,2630.677
2024-11-19 20:00:00,2630.716,2635.55,2630.414,2635.161
2024-11-20 00:00:00,2635.163,2641.847,2634.676,2637.977
2024-11-20 04:00:00,2638.012,2638.799,2621.232,2621.591
2024-11-20 08:00:00,2621.555,2628.162,2618.839,2628.085
2024-11-20 12:00:00,2628.123,2648.932,2627.04,2648.81
2024-11-20 16:00:00,2648.808,2655.433,2645.357,2650.872
2024-11-20 20:00:00,2650.841,2652.94,2647.27,2652.153
2024-11-21 00:00:00,2652.202,2660.466,2650.358,2656.901
2024-11-21 04:00:00,2656.873,2664.723,2654.625,2663.099
2024-11-21 08:00:00,2663.06,2673.522,2661.975,2671.448
2024-11-21 12:00:00,2671.491,2671.816,2660.354,2667.636
2024-11-21 16:00:00,2667.674,2673.516,2661.306,2669.718
2024-11-21 20:00:00,2669.712,2671.906,2668.053,2669.159
2024-11-22 00:00:00,2669.127,2690.519,2668.844,2686.153
2024-11-22 04:00:00,2686.186,2698.978,2682.975,2696.457
2024-11-22 08:00:00,2696.488,2710.127,2693.554,2698.867
2024-11-22 12:00:00,2698.826,2705.073,2684.441,2703.699
2024-11-22 16:00:00,2703.741,2711.45,2700.745,2708.221
2024-11-22 20:00:00,2708.18,2715.662,2705.102,2715.573
2024-11-24 20:00:00,2711.186,2721.437,2710.748,2719.756
2024-11-25 00:00:00,2719.719,2720.143,2658.997,2672.236
2024-11-25 04:00:00,2672.191,2676.358,2658.205,2667.774
2024-11-25 08:00:00,2667.809,2688.768,2667.127,2686.776
2024-11-25 12:00:00,2686.806,2687.863,2626.221,2628.404
2024-11-25 16:00:00,2628.435,2639.392,2615.519,2625.804
2024-11-25 20:00:00,2625.83,2628.739,2605.119,2610.456
2024-11-26 00:00:00,2610.484,2632.189,2608.477,2630.376
2024-11-26 04:00:00,2630.343,2631.448,2610.832,2614.036
2024-11-26 08:00:00,2614.07,2633.226,2612.417,2633.202
2024-11-26 12:00:00,2633.246,2641.986,2616.664,2629.512
2024-11-26 16:00:00,2629.528,2631.436,2619.498,2628.025
2024-11-26 20:00:00,2628.065,2634.138,2627.427,2632.254
2024-11-27 00:00:00,2632.249,2640.487,2627.017,2637.722
2024-11-27 04:00:00,2637.728,2648.503,2636.555,2646.54
2024-11-27 08:00:00,2646.502,2653.92,2643.187,2651.115
2024-11-27 12:00:00,2651.083,2658.172,2635.519,2642.661
2024-11-27 16:00:00,2642.651,2644.318,2633.693,2634.755
2024-11-27 20:00:00,2634.721,2639.03,2634.225,2637.168
2024-11-28 00:00:00,2637.123,2638.432,2620.844,2630.275
2024-11-28 04:00:00,2630.286,2639.614,2629.325,2637.275
2024-11-28 08:00:00,2637.322,2649.674,2635.668,2646.884
2024-11-28 12:00:00,2646.881,2647.951,2636.215,2638.104
2024-11-28 16:00:00,2638.07,2642.458,2637.519,2640.603
2024-11-28 20:00:00,2638.68,2639.268,2637.144,2638.765
2024-11-29 00:00:00,2638.73,2662.802,2633.969,2660.047
2024-11-29 04:00:00,2660.02,2666.383,2658.323,2660.522
2024-11-29 08:00:00,2660.557,2665.917,2654.471,2659.61
2024-11-29 12:00:00,2659.653,2664.969,2650.537,2658.946
2024-11-29 16:00:00,2659.002,2662.282,2655.162,2655.162
2024-12-01 20:00:00,2649.036,2650.324,2643.057,2645.79
2024-12-02 00:00:00,2645.826,2647.688,2622.897,2629.272
2024-12-02 04:00:00,2629.235,2633.664,2621.818,2629.898
2024-12-02 08:00:00,2629.859,2646.37,2626.514,2641.885
2024-12-02 12:00:00,2641.837,2651.786,2637.048,2642.318
2024-12-02 16:00:00,2642.359,2644.372,2633.546,2637.611
2024-12-02 20:00:00,2637.577,2644.224,2635.288,2642.211
2024-12-03 00:00:00,2642.217,2645.325,2634.033,2640.427
2024-12-03 04:00:00,2640.441,2650.052,2637.08,2644.622
2024-12-03 08:00:00,2644.597,2648.119,2639.169,2643.663
2024-12-03 12:00:00,2643.671,2655.66,2635.194,2640.444
2024-12-03 16:00:00,2640.408,2649.164,2638.837,2640.998
2024-12-03 20:00:00,2640.944,2644.226,2640.626,2642.725
2024-12-04 00:00:00,2642.733,2648.093,2637.618,2644.501
2024-12-04 04:00:00,2644.48,2651.403,2640.334,2641.412
2024-12-04 08:00:00,2641.321,2647.735,2636.59,2646.168
2024-12-04 12:00:00,2646.203,2657.147,2632.33,2655.039
2024-12-04 16:00:00,2655.095,2655.557,2646.793,2651.702
2024-12-04 20:00:00,2651.653,2651.962,2648.066,2650.397
2024-12-05 00:00:00,2650.404,2650.717,2644.6,2648.866
2024-12-05 04:00:00,2648.829,2655.518,2645.325,2648.575
2024-12-05 08:00:00,2648.622,2652.714,2641.821,2651.307
2024-12-05 12:00:00,2651.351,2654.517,2631.797,2640.27
2024-12-05 16:00:00,2640.235,2643.395,2623.444,2629.8
2024-12-05 20:00:00,2629.774,2633.832,2627.977,2633.713
2024-12-06 00:00:00,2633.721,2642.55,2612.931,2640.877
2024-12-06 04:00:00,2640.875,2644.577,2635.305,2639.682
2024-12-06 08:00:00,2639.655,2645.733,2632.344,2638.489
2024-12-06 12:00:00,2638.412,2643.536,2624.011,2637.53
2024-12-06 16:00:00,2637.563,2641.654,2632.914,2634.544
2024-12-06 20:00:00,2634.661,2636.145,2630.872,2632.914
2024-12-09 00:00:00,2647.828,2648.366,2638.256,2638.889
2024-12-09 04:00:00,2638.842,2651.245,2634.553,2650.49
2024-12-09 08:00:00,2650.523,2660.38,2646.094,2656.184
2024-12-09 12:00:00,2656.237,2676.454,2653.283,2668.221
2024-12-09 16:00:00,2668.203,2670.569,2658.859,2660.166
2024-12-09 20:00:00,2660.201,2661.677,2656.649,2660.449
2024-12-10 00:00:00,2660.486,2671.782,2657.958,2669.918
2024-12-10 04:00:00,2669.942,2673.909,2663.647,2664.673
2024-12-10 08:00:00,2664.607,2676.839,2661.161,2674.496
2024-12-10 12:00:00,2674.539,2691.777,2672.308,2687.446
2024-12-10 16:00:00,2687.446,2695.522,2684.553,2692.011
2024-12-10 20:00:00,2691.976,2698.378,2690.877,2695.991
2024-12-11 00:00:00,2695.93,2704.348,2692.316,2695.714
2024-12-11 04:00:00,2695.619,2698.242,2675.502,2690.644
2024-12-11 08:00:00,2690.435,2699.761,2686.296,2696.439
2024-12-11 12:00:00,2696.56,2715.939,2690.641,2713.101
2024-12-11 16:00:00,2713.213,2721.055,2711.186,2717.965
2024-12-11 20:00:00,2718.146,2720.433,2716.052,2719.922
2024-12-12 00:00:00,2719.985,2726.206,2700.251,2710.489
2024-12-12 04:00:00,2710.508,2720.372,2709.689,2716.047
2024-12-12 08:00:00,2716.209,2719.428,2707.31,2710.934
2024-12-12 12:00:00,2710.997,2712.392,2675.078,2679.785
2024-12-12 16:00:00,2679.597,2687.039,2677.248,2683.133
2024-12-12 20:00:00,2683.187,2683.578,2679.459,2680.623
2024-12-13 00:00:00,2680.617,2692.778,2678.871,2688.114
2024-12-13 04:00:00,2687.967,2690.527,2681.111,2683.202
2024-12-13 08:00:00,2682.994,2684.782,2664.39,2664.993
2024-12-13 12:00:00,2664.8,2672.865,2654.584,2659.888
2024-12-13 16:00:00,2659.815,2664.566,2652.14,2652.972
2024-12-13 20:00:00,2653.172,2653.522,2646.046,2648.392
2024-12-15 20:00:00,2649.414,2653.127,2648.804,2651.479
2024-12-16 00:00:00,2651.484,2655.607,2643.493,2653.871
2024-12-16 04:00:00,2653.874,2655.868,2649.545,2653.69
2024-12-16 08:00:00,2653.536,2664.168,2652.31,2663.542
2024-12-16 12:00:00,2663.579,2664.447,2650.833,2654.472
2024-12-16 16:00:00,2654.438,2655.788,2648.507,2653.299
2024-12-16 20:00:00,2653.258,2653.631,2651.46,2651.744
2024-12-17 00:00:00,2651.762,2658.611,2651.129,2653.616
2024-12-17 04:00:00,2653.578,2657.093,2646.417,2653.753
2024-12-17 08:00:00,2653.727,2653.736,2636.207,2642.187
2024-12-17 12:00:00,2642.208,2646.964,2632.991,2640.149
2024-12-17 16:00:00,2640.241,2649.079,2636.665,2645.385
2024-12-17 20:00:00,2645.427,2647.681,2643.083,2647.378
2024-12-18 00:00:00,2647.365,2651.707,2645.204,2645.669
2024-12-18 04:00:00,2645.632,2649.551,2642.666,2644.61
2024-12-18 08:00:00,2644.585,2649.734,2642.074,2646.096
2024-12-18 12:00:00,2646.106,2647.723,2633.701,2638.145
2024-12-18 16:00:00,2638.109,2639.991,2604.034,2604.581
2024-12-18 20:00:00,2604.613,2609.313,2583.297,2588.225
2024-12-19 00:00:00,2588.256,2618.102,2587.957,2610.479
2024-12-19 04:00:00,2610.505,2622.636,2603.3,2616.554
2024-12-19 08:00:00,2616.507,2626.457,2613.213,2616.81
2024-12-19 12:00:00,2616.771,2616.771,2586.951,2588.446
2024-12-19 16:00:00,2588.402,2600.994,2587.134,2596.79
2024-12-19 20:00:00,2596.832,2600.343,2592.307,2593.519
2024-12-20 00:00:00,2593.496,2604.032,2589.593,2598.471
2024-12-20 04:00:00,2598.467,2607.516,2596.421,2606.253
2024-12-20 08:00:00,2606.285,2607.695,2600.041,2603.694
2024-12-20 12:00:00,2603.668,2631.214,2600.34,2630.314
2024-12-20 16:00:00,2630.351,2631.875,2622.142,2627.881
2024-12-20 20:00:00,2627.845,2628.119,2619.202,2622.841
2024-12-22 20:00:00,2623.329,2624.92,2621.74,2624.293
2024-12-23 00:00:00,2624.398,2627.446,2617.498,2624.106
2024-12-23 04:00:00,2623.954,2633.24,2623.863,2630.23
2024-12-23 08:00:00,2630.184,2632.151,2612.959,2616.26
2024-12-23 12:00:00,2616.292,2619.898,2609.249,2609.762
2024-12-23 16:00:00,2609.798,2616.602,2608.078,2611.084
2024-12-23 20:00:00,2611.129,2617.082,2609.147,2615.492
2024-12-24 00:00:00,2615.546,2619.928,2613.517,2618.697
2024-12-24 04:00:00,2618.729,2621.472,2616.422,2618.459
2024-12-24 08:00:00,2618.503,2619.82,2612.393,2615.152
2024-12-24 12:00:00,2615.199,2617.241,2610.019,2611.67
2024-12-24 16:00:00,2611.701,2619.335,2611.492,2616.713
2024-12-25 20:00:00,2615.621,2620.115,2615.371,2618.656
2024-12-26 00:00:00,2618.647,2629.113,2618.615,2626.902
2024-12-26 04:00:00,2626.889,2629.713,2623.599,2625.413
2024-12-26 08:00:00,2625.398,2630.019,2625.132,2627.882
2024-12-26 12:00:00,2627.855,2639.151,2621.706,2636.479
2024-12-26 16:00:00,2636.527,2636.838,2627.885,2634.952
2024-12-26 20:00:00,2634.874,2636.162,2624.636,2632.684
2024-12-27 00:00:00,2632.689,2635.512,2628.886,2633.715
2024-12-27 04:00:00,2633.744,2638.314,2631.25,2633.638
2024-12-27 08:00:00,2633.599,2633.599,2623.452,2628.642
2024-12-27 12:00:00,2628.638,2631.55,2611.608,2618.134
2024-12-27 16:00:00,2618.174,2621.394,2614.117,2620.685
2024-12-27 20:00:00,2620.719,2621.98,2612.712,2621.623
2024-12-29 20:00:00,2621.977,2626.156,2621.632,2624.035
2024-12-30 00:00:00,2624.08,2628.175,2621.486,2626.579
2024-12-30 04:00:00,2626.567,2626.567,2615.813,2616.784
2024-12-30 08:00:00,2616.747,2618.664,2609.092,2616.332
2024-12-30 12:00:00,2616.332,2622.635,2599.562,2601.599
2024-12-30 16:00:00,2601.613,2608.39,2596.042,2607.16
2024-12-30 20:00:00,2607.169,2609.518,2603.863,2606.677
2024-12-31 00:00:00,2606.717,2611.608,2603.508,2604.613
2024-12-31 04:00:00,2604.612,2614.08,2602.591,2613.694
2024-12-31 08:00:00,2613.735,2617.796,2609.714,2611.051
2024-12-31 12:00:00,2611.016,2626.638,2605.3,2625.632
2024-12-31 16:00:00,2625.608,2627.555,2622.229,2623.84
2024-12-31 20:00:00,2623.796,2625.024,2622.19,2624.381
2025-01-01 20:00:00,2625.179,2625.839,2621.641,2623.766
2025-01-02 00:00:00,2623.798,2636.54,2622.72,2633.644
2025-01-02 04:00:00,2633.633,2636.497,2631.05,2635.915
2025-01-02 08:00:00,2635.953,2646.379,2631.123,2641.974
2025-01-02 12:00:00,2642.008,2655.843,2636.005,2654.13
2025-01-02 16:00:00,2654.062,2660.457,2650.034,2654.74
2025-01-02 20:00:00,2654.775,2660.463,2654.151,2658.328
2025-01-03 00:00:00,2658.371,2665.214,2656.109,2662.288
2025-01-03 04:00:00,2662.255,2664.409,2651.924,2654.164
2025-01-03 08:00:00,2654.122,2659.258,2649.89,2658.361
2025-01-03 12:00:00,2657.003,2657.461,2640.952,2643.842
2025-01-03 16:00:00,2643.812,2647.264,2638.954,2639.424
2025-01-03 20:00:00,2639.394,2640.74,2636.644,2640.37
2025-01-05 20:00:00,2639.644,2642.394,2639.644,2641.063
2025-01-06 00:00:00,2641.098,2647.426,2638.604,2640.19
2025-01-06 04:00:00,2640.203,2640.824,2625.058,2626.902
2025-01-06 08:00:00,2626.889,2649.489,2625.755,2645.6
2025-01-06 12:00:00,2645.564,2648.848,2614.426,2634.392
2025-01-06 16:00:00,2634.421,2641.381,2632.513,2634.373
2025-01-06 20:00:00,2634.41,2637.067,2633.132,2634.681
2025-01-07 00:00:00,2634.634,2641.146,2632.918,2639.563
2025-01-07 04:00:00,2639.56,2646.757,2637.02,2640.487
2025-01-07 08:00:00,2640.444,2648.689,2640.05,2648.348
2025-01-07 12:00:00,2648.393,2664.264,2641.885,2647.7
2025-01-07 16:00:00,2647.631,2656.04,2646.383,2649.248
2025-01-07 20:00:00,2649.298,2651.444,2647.195,2649.807
2025-01-08 00:00:00,2649.817,2651.515,2645.569,2646.749
2025-01-08 04:00:00,2646.728,2654.452,2645.229,2652.619
2025-01-08 08:00:00,2652.651,2655.158,2647.595,2650.925
2025-01-08 12:00:00,2650.839,2667.835,2645.807,2665.818
2025-01-08 16:00:00,2665.84,2670.053,2649.388,2658.328
2025-01-08 20:00:00,2658.362,2664.075,2658.276,2662.507
2025-01-09 00:00:00,2662.526,2662.85,2656.27,2659.369
2025-01-09 04:00:00,2659.335,2666.973,2655.471,2662.45
2025-01-09 08:00:00,2662.418,2673.299,2660.435,2670.249
2025-01-09 12:00:00,2670.206,2678.351,2667.196,2668.326
2025-01-09 16:00:00,2668.32,2672.51,2662.691,2670.19
2025-01-09 20:00:00,2670.154,2671.332,2668.492,2669.95
2025-01-10 00:00:00,2669.978,2674.771,2668.973,2673.658
2025-01-10 04:00:00,2673.631,2678.743,2671.556,2676.146
2025-01-10 08:00:00,2676.181,2683.088,2675.713,2681.402
2025-01-10 12:00:00,2681.363,2698.026,2663.991,2692.683
2025-01-10 16:00:00,2692.592,2697.915,2684.586,2685.855
2025-01-10 20:00:00,2685.89,2693.773,2684.5,2689.565
2025-01-12 20:00:00,2689.769,2691.364,2687.574,2691.105
2025-01-13 00:00:00,2691.128,2693.368,2679.294,2687.938
2025-01-13 04:00:00,2687.979,2691.323,2683.273,2685.102
2025-01-13 08:00:00,2685.074,2689.77,2675.449,2675.952
2025-01-13 12:00:00,2675.911,2677.164,2661.045,2661.867
2025-01-13 16:00:00,2661.792,2667.993,2656.768,2658.895
2025-01-13 20:00:00,2658.959,2669.391,2658.734,2667.978
2025-01-14 00:00:00,2668.013,2672.264,2666.397,2669.818
2025-01-14 04:00:00,2669.772,2675.37,2667.145,2669.154
2025-01-14 08:00:00,2669.196,2674.473,2664.419,2669.331
2025-01-14 12:00:00,2669.287,2674.419,2659.802,2671.779
2025-01-14 16:00:00,2671.826,2676.308,2666.703,2674.245
2025-01-14 20:00:00,2674.209,2678.294,2671.837,2675.589
2025-01-15 00:00:00,2675.58,2676.321,2669.384,2676.091
2025-01-15 04:00:00,2676.052,2684.033,2674.146,2681.395
2025-01-15 08:00:00,2681.429,2689.09,2681.163,2686.779
2025-01-15 12:00:00,2686.748,2696.056,2676.644,2678.512
2025-01-15 16:00:00,2678.555,2695.127,2676.925,2694.181
2025-01-15 20:00:00,2694.142,2697.97,2693.239,2694.956
2025-01-16 00:00:00,2694.984,2702.177,2692.857,2697.196
2025-01-16 04:00:00,2697.144,2699.924,2689.907,2698.271
2025-01-16 08:00:00,2698.313,2711.175,2697.124,2706.412
2025-01-16 12:00:00,2706.416,2719.718,2700.08,2716.874
2025-01-16 16:00:00,2716.93,2724.74,2714.656,2715.346
2025-01-16 20:00:00,2715.368,2717.055,2712.401,2714.585
2025-01-17 00:00:00,2714.618,2717.346,2709.834,2715.422
2025-01-17 04:00:00,2715.476,2716.515,2708.585,2710.516
2025-01-17 08:00:00,2710.577,2712.983,2702.767,2708.002
2025-01-17 12:00:00,2708.055,2715.141,2702.731,2714.243
2025-01-17 16:00:00,2714.256,2717.254,2702.88,2703.175
2025-01-17 20:00:00,2703.189,2704.088,2699.242,2702.879
2025-01-19 20:00:00,2702.629,2703.086,2691.547,2696.424
2025-01-20 00:00:00,2696.424,2703.988,2689.397,2703.554
2025-01-20 04:00:00,2703.559,2713.77,2702.279,2703.592
2025-01-20 08:00:00,2703.571,2712.492,2702.993,2708.331
2025-01-20 12:00:00,2708.289,2711.937,2701.957,2707.065
2025-01-20 16:00:00,2707.063,2711.161,2703.182,2709.059
2025-01-20 20:00:00,2708.347,2711.023,2706.593,2710.445
2025-01-21 00:00:00,2710.433,2726.946,2702.817,2724.196
2025-01-21 04:00:00,2724.221,2732.773,2722.695,2729.729
2025-01-21 08:00:00,2729.701,2730.086,2716.508,2723.998
2025-01-21 12:00:00,2723.989,2740.384,2722.022,2738.776
2025-01-21 16:00:00,2738.792,2745.963,2737.839,2742.837
2025-01-21 20:00:00,2742.819,2745.863,2740.082,2744.259
2025-01-22 00:00:00,2744.309,2751.088,2742.713,2750.266
2025-01-22 04:00:00,2750.238,2758.831,2745.569,2748.781
2025-01-22 08:00:00,2748.818,2763.43,2746.77,2756.534
2025-01-22 12:00:00,2756.572,2761.606,2750.329,2759.351
2025-01-22 16:00:00,2759.389,2760.262,2754.909,2755.309
2025-01-22 20:00:00,2755.269,2757.133,2753.88,2755.583
2025-01-23 00:00:00,2755.562,2756.3,2749.474,2750.043
2025-01-23 04:00:00,2749.995,2755.575,2749.79,2752.683
2025-01-23 08:00:00,2752.735,2754.789,2740.871,2751.898
2025-01-23 12:00:00,2751.873,2753.386,2735.77,2746.424
2025-01-23 16:00:00,2746.383,2758.925,2744.175,2754.13
2025-01-23 20:00:00,2754.094,2755.636,2751.306,2754.543
2025-01-24 00:00:00,2754.546,2777.417,2754.329,2772.308
2025-01-24 04:00:00,2772.28,2778.363,2770.527,2772.716
2025-01-24 08:00:00,2772.753,2780.192,2769.954,2776.617
2025-01-24 12:00:00,2776.671,2786.013,2773.723,2775.973
2025-01-24 16:00:00,2775.918,2777.594,2769.894,2774.628
2025-01-24 20:00:00,2774.632,2774.798,2770.46,2771.079
2025-01-26 20:00:00,2765.65,2769.721,2765.185,2767.553
2025-01-27 00:00:00,2767.554,2772.54,2753.871,2761.066
2025-01-27 04:00:00,2761.075,2761.075,2747.189,2749.454
2025-01-27 08:00:00,2749.48,2772.108,2749.291,2771.247
2025-01-27 12:00:00,2771.3,2771.634,2739.499,2742.084
2025-01-27 16:00:00,2742.052,2743.142,2730.478,2739.328
2025-01-27 20:00:00,2739.353,2745.325,2738.147,2741.71
2025-01-28 00:00:00,2741.743,2745.268,2737.815,2738.812
2025-01-28 04:00:00,2738.782,2744.931,2738.33,2739.076
2025-01-28 08:00:00,2739.111,2745.172,2734.782,2742.793
2025-01-28 12:00:00,2742.709,2757.204,2741.191,2755.33
2025-01-28 16:00:00,2755.325,2764.997,2755.222,2764.828
2025-01-28 20:00:00,2764.788,2765.052,2762.387,2762.699
2025-01-29 00:00:00,2762.698,2766.271,2762.234,2762.774
2025-01-29 04:00:00,2762.766,2764.356,2757.414,2759.074
2025-01-29 08:00:00,2759.118,2766.083,2757.008,2758.994
2025-01-29 12:00:00,2758.956,2761.129,2748.2,2754.11
2025-01-29 16:00:00,2754.15,2757.903,2744.759,2755.218
2025-01-29 20:00:00,2755.18,2760.685,2752.745,2760.306
2025-01-30 00:00:00,2760.243,2762.577,2758.905,2761.735
2025-01-30 04:00:00,2761.699,2769.528,2758.683,2769.132
2025-01-30 08:00:00,2769.133,2779.432,2768.322,2777.699
2025-01-30 12:00:00,2777.686,2796.778,2776.061,2795.411
2025-01-30 16:00:00,2795.388,2798.469,2788.797,2793.363
2025-01-30 20:00:00,2793.343,2798.476,2790.749,2796.146
2025-01-31 00:00:00,2796.183,2799.645,2794.432,2796.453
2025-01-31 04:00:00,2796.412,2801.072,2792.167,2798.232
2025-01-31 08:00:00,2798.205,2800.867,2791.0,2800.195
2025-01-31 12:00:00,2800.165,2817.244,2799.95,2809.224
2025-01-31 16:00:00,2809.129,2816.25,2795.285,2796.26
2025-01-31 20:00:00,2796.303,2802.565,2794.043,2799.348
2025-02-02 20:00:00,2801.018,2804.653,2784.322,2793.709
2025-02-03 00:00:00,2793.726,2796.506,2772.154,2774.454
2025-02-03 04:00:00,2774.457,2789.901,2774.192,2789.28
2025-02-03 08:00:00,2789.32,2804.236,2786.965,2801.149
2025-02-03 12:00:00,2801.204,2830.566,2800.43,2817.46
2025-02-03 16:00:00,2817.427,2825.297,2812.764,2818.272
2025-02-03 20:00:00,2818.246,2819.504,2811.892,2814.027
2025-02-04 00:00:00,2813.989,2824.708,2812.609,2821.399
2025-02-04 04:00:00,2821.389,2821.476,2807.168,2812.711
2025-02-04 08:00:00,2812.756,2821.899,2810.104,2815.448
2025-02-04 12:00:00,2815.453,2845.508,2814.435,2835.859
2025-02-04 16:00:00,2835.804,2844.973,2832.455,2843.053
2025-02-04 20:00:00,2843.088,2844.921,2840.382,2841.21
2025-02-05 00:00:00,2841.222,2854.314,2839.691,2852.338
2025-02-05 04:00:00,2852.346,2864.21,2851.821,2864.17
2025-02-05 08:00:00,2864.129,2877.065,2863.526,2868.662
2025-02-05 12:00:00,2868.617,2882.429,2858.594,2880.227
2025-02-05 16:00:00,2880.267,2881.212,2862.665,2863.505
2025-02-05 20:00:00,2863.534,2870.989,2859.878,2869.283
2025-02-06 00:00:00,2869.276,2873.274,2863.698,2869.409
2025-02-06 04:00:00,2869.362,2872.37,2854.98,2855.798
2025-02-06 08:00:00,2855.759,2867.351,2848.884,2865.962
2025-02-06 12:00:00,2866.002,2870.316,2834.055,2850.599
2025-02-06 16:00:00,2850.559,2854.747,2848.068,2853.742
2025-02-06 20:00:00,2853.787,2858.773,2853.571,2857.996
2025-02-07 00:00:00,2857.99,2870.649,2857.722,2867.181
2025-02-07 04:00:00,2867.111,2869.619,2858.996,2864.218
2025-02-07 08:00:00,2864.272,2870.696,2863.221,2867.624
2025-02-07 12:00:00,2867.665,2886.751,2852.361,2880.511
2025-02-07 16:00:00,2880.547,2881.549,2853.317,2860.15
2025-02-07 20:00:00,2860.123,2863.778,2859.375,2860.969
2025-02-09 20:00:00,2861.376,2870.59,2860.099,2867.495
2025-02-10 00:00:00,2867.539,2876.602,2865.822,2875.569
2025-02-10 04:00:00,2875.521,2896.6,2874.29,2895.471
2025-02-10 08:00:00,2895.475,2906.297,2892.213,2904.53
2025-02-10 12:00:00,2904.528,2912.062,2896.26,2908.93
2025-02-10 16:00:00,2908.977,2910.318,2896.632,2904.341
2025-02-10 20:00:00,2904.359,2921.603,2902.88,2917.847
2025-02-11 00:00:00,2917.894,2942.624,2905.397,2919.716
2025-02-11 04:00:00,2919.751,2929.432,2907.124,2913.351
2025-02-11 08:00:00,2913.32,2915.303,2901.864,2903.981
2025-02-11 12:00:00,2904.016,2906.579,2881.73,2904.794
2025-02-11 16:00:00,2904.834,2908.709,2899.551,2900.085
2025-02-11 20:00:00,2900.125,2900.906,2894.036,2898.562
2025-02-12 00:00:00,2898.614,2898.86,2883.76,2889.001
2025-02-12 04:00:00,2888.998,2895.862,2883.668,2892.813
2025-02-12 08:00:00,2892.851,2894.078,2879.317,2879.802
2025-02-12 12:00:00,2879.811,2898.014,2864.102,2894.553
2025-02-12 16:00:00,2894.513,2909.267,2892.029,2897.905
2025-02-12 20:00:00,2897.936,2906.403,2895.517,2905.781
2025-02-13 00:00:00,2905.756,2918.128,2901.437,2916.474
2025-02-13 04:00:00,2916.508,2922.801,2912.459,2914.569
2025-02-13 08:00:00,2914.607,2919.475,2909.464,2917.873
2025-02-13 12:00:00,2917.909,2921.369,2905.762,2920.228
2025-02-13 16:00:00,2920.222,2927.402,2912.887,2926.812
2025-02-13 20:00:00,2926.825,2932.484,2924.852,2931.217
2025-02-14 00:00:00,2931.192,2933.879,2923.164,2924.33
2025-02-14 04:00:00,2924.309,2936.84,2923.77,2931.853
2025-02-14 08:00:00,2931.81,2940.0,2929.246,2931.181
2025-02-14 12:00:00,2931.136,2933.321,2892.87,2901.939
2025-02-14 16:00:00,2901.827,2903.915,2878.691,2880.499
2025-02-14 20:00:00,2880.468,2886.209,2876.991,2882.809
2025-02-16 20:00:00,2893.643,2894.033,2878.43,2879.221
2025-02-17 00:00:00,2879.254,2904.607,2879.254,2903.509
2025-02-17 04:00:00,2903.469,2905.407,2888.211,2902.479
2025-02-17 08:00:00,2902.532,2906.478,2895.044,2901.033
2025-02-17 12:00:00,2901.007,2904.204,2895.398,2899.19
2025-02-17 16:00:00,2899.268,2901.314,2896.514,2897.392
2025-02-17 20:00:00,2899.102,2899.482,2897.106,2899.373
2025-02-18 00:00:00,2899.325,2910.89,2892.003,2909.014
2025-02-18 04:00:00,2908.996,2915.629,2907.173,2911.501
2025-02-18 08:00:00,2911.54,2914.922,2907.017,2914.191
2025-02-18 12:00:00,2914.224,2929.609,2912.054,2927.02
2025-02-18 16:00:00,2926.986,2936.994,2924.186,2935.821
2025-02-18 20:00:00,2935.832,2936.788,2932.393,2934.061
2025-02-19 00:00:00,2934.059,2939.653,2924.058,2928.825
2025-02-19 04:00:00,2928.828,2935.887,2926.487,2934.25
2025-02-19 08:00:00,2934.21,2947.049,2933.718,2935.087
2025-02-19 12:00:00,2935.059,2941.657,2925.426,2925.793
2025-02-19 16:00:00,2925.767,2932.365,2918.524,2931.754
2025-02-19 20:00:00,2931.715,2937.461,2931.314,2935.384
2025-02-20 00:00:00,2935.386,2944.025,2933.852,2941.913
2025-02-20 04:00:00,2941.933,2954.216,2939.267,2948.894
2025-02-20 08:00:00,2948.938,2954.975,2947.148,2948.768
2025-02-20 12:00:00,2948.743,2950.788,2924.08,2938.545
2025-02-20 16:00:00,2938.503,2946.996,2933.528,2937.888
2025-02-20 20:00:00,2938.034,2943.433,2935.526,2941.53
2025-02-21 00:00:00,2941.57,2949.786,2926.286,2931.262
2025-02-21 04:00:00,2931.262,2934.039,2924.186,2930.032
2025-02-21 08:00:00,2929.993,2936.124,2916.682,2928.376
2025-02-21 12:00:00,2928.411,2939.091,2921.588,2928.67
2025-02-21 16:00:00,2928.694,2942.804,2927.303,2933.398
2025-02-21 20:00:00,2933.374,2938.227,2932.105,2936.453
2025-02-23 20:00:00,2939.411,2940.547,2936.498,2936.867
2025-02-24 00:00:00,2936.863,2944.812,2921.332,2941.113
2025-02-24 04:00:00,2941.133,2944.985,2935.245,2943.809
2025-02-24 08:00:00,2943.85,2948.737,2934.936,2947.754
2025-02-24 12:00:00,2947.709,2956.181,2930.634,2936.524
2025-02-24 16:00:00,2936.5,2949.91,2936.45,2949.154
2025-02-24 20:00:00,2949.214,2953.943,2947.038,2949.957
2025-02-25 00:00:00,2949.993,2952.552,2937.535,2939.513
2025-02-25 04:00:00,2939.492,2940.964,2930.518,2931.736
2025-02-25 08:00:00,2931.762,2942.456,2929.553,2938.626
2025-02-25 12:00:00,2938.682,2944.949,2900.498,2905.892
2025-02-25 16:00:00,2905.917,2913.906,2888.234,2912.051
2025-02-25 20:00:00,2912.074,2919.051,2910.817,2918.604
2025-02-26 00:00:00,2918.631,2930.141,2914.816,2917.239
2025-02-26 04:00:00,2917.137,2921.014,2905.857,2915.504
2025-02-26 08:00:00,2915.463,2918.966,2909.518,2913.815
2025-02-26 12:00:00,2913.844,2915.471,2890.669,2913.199
2025-02-26 16:00:00,2913.239,2916.689,2909.905,2913.934
2025-02-26 20:00:00,2913.921,2920.794,2911.996,2919.118
2025-02-27 00:00:00,2919.176,2919.176,2904.352,2905.808
2025-02-27 04:00:00,2905.838,2906.555,2887.924,2891.988
2025-02-27 08:00:00,2891.944,2894.966,2876.95,2883.942
2025-02-27 12:00:00,2884.054,2892.452,2867.74,2872.392
2025-02-27 16:00:00,2872.363,2887.704,2871.766,2879.21
2025-02-27 20:00:00,2879.248,2879.34,2871.339,2876.063
2025-02-28 00:00:00,2876.069,2885.034,2863.667,2865.751
2025-02-28 04:00:00,2865.731,2867.005,2856.942,2858.678
2025-02-28 08:00:00,2858.639,2864.86,2851.064,2862.174
2025-02-28 12:00:00,2862.216,2864.99,2832.578,2850.248
2025-02-28 16:00:00,2850.292,2853.908,2838.076,2849.606
2025-02-28 20:00:00,2849.58,2859.697,2847.79,2858.242
2025-03-02 20:00:00,2873.619,2876.994,2863.972,2870.799
2025-03-03 00:00:00,2870.866,2872.055,2859.259,2864.775
2025-03-03 04:00:00,2864.85,2868.489,2860.132,2863.208
2025-03-03 08:00:00,2863.268,2875.413,2858.83,2874.411
2025-03-03 12:00:00,2874.319,2890.536,2868.834,2887.771
2025-03-03 16:00:00,2887.862,2893.108,2879.697,2881.612
2025-03-03 20:00:00,2881.655,2895.267,2878.277,2890.886
2025-03-04 00:00:00,2890.863,2893.734,2881.95,2888.626
2025-03-04 04:00:00,2888.57,2901.552,2884.371,2899.923
2025-03-04 08:00:00,2899.967,2921.773,2896.707,2920.02
2025-03-04 12:00:00,2920.047,2927.891,2900.308,2906.102
2025-03-04 16:00:00,2906.087,2916.501,2903.753,2916.095
2025-03-04 20:00:00,2916.045,2920.528,2913.269,2914.363
2025-03-05 00:00:00,2914.361,2917.166,2902.094,2908.743
2025-03-05 04:00:00,2908.702,2921.646,2908.576,2917.989
2025-03-05 08:00:00,2917.947,2922.528,2909.01,2913.224
2025-03-05 12:00:00,2913.278,2923.808,2894.266,2917.177
2025-03-05 16:00:00,2917.157,2930.042,2911.189,2920.551
2025-03-05 20:00:00,2920.512,2923.119,2916.711,2918.236
2025-03-06 00:00:00,2918.237,2926.611,2915.874,2921.261
2025-03-06 04:00:00,2921.227,2923.073,2909.757,2910.209
2025-03-06 08:00:00,2910.176,2911.53,2891.159,2905.714
2025-03-06 12:00:00,2905.76,2922.716,2899.24,2914.497
2025-03-06 16:00:00,2914.53,2921.415,2912.337,2914.04
2025-03-06 20:00:00,2914.013,2916.569,2908.373,2910.314
2025-03-07 00:00:00,2910.245,2910.326,2896.604,2905.33
2025-03-07 04:00:00,2905.271,2917.279,2904.721,2917.098
2025-03-07 08:00:00,2917.138,2923.007,2915.246,2918.7
2025-03-07 12:00:00,2918.796,2930.458,2903.57,2915.819
2025-03-07 16:00:00,2915.783,2919.423,2901.86,2905.229
2025-03-07 20:00:00,2905.199,2912.661,2904.716,2911.256
2025-03-09 20:00:00,2912.347,2917.051,2909.586,2916.187
2025-03-10 00:00:00,2916.19,2918.312,2908.128,2910.982
2025-03-10 04:00:00,2910.944,2915.429,2904.324,2908.432
2025-03-10 08:00:00,2908.333,2915.472,2895.636,2904.027
2025-03-10 12:00:00,2904.029,2910.642,2897.615,2904.484
2025-03-10 16:00:00,2904.508,2906.874,2880.166,2885.494
2025-03-10 20:00:00,2885.521,2890.177,2882.332,2884.685
2025-03-11 00:00:00,2884.724,2900.486,2880.093,2896.91
2025-03-11 04:00:00,2896.91,2903.563,2892.752,2901.009
2025-03-11 08:00:00,2901.052,2915.464,2900.416,2913.668
2025-03-11 12:00:00,2913.651,2922.262,2906.819,2916.875
2025-03-11 16:00:00,2916.833,2921.385,2914.071,2918.403
2025-03-11 20:00:00,2918.365,2919.589,2914.414,2915.551
2025-03-12 00:00:00,2915.589,2919.995,2910.866,2914.941
2025-03-12 04:00:00,2914.977,2921.105,2908.904,2914.499
2025-03-12 08:00:00,2914.458,2925.372,2912.638,2915.304
2025-03-12 12:00:00,2915.308,2929.444,2906.027,2928.355
2025-03-12 16:00:00,2928.457,2940.545,2927.89,2931.322
2025-03-12 20:00:00,2931.289,2939.353,2930.784,2938.039
2025-03-13 00:00:00,2938.025,2947.124,2936.511,2945.636
2025-03-13 04:00:00,2945.601,2946.152,2932.92,2935.252
2025-03-13 08:00:00,2935.287,2948.885,2934.768,2946.333
2025-03-13 12:00:00,2946.371,2978.486,2938.935,2977.772
2025-03-13 16:00:00,2977.797,2985.474,2976.363,2982.973
2025-03-13 20:00:00,2982.997,2989.915,2981.253,2986.435
2025-03-14 00:00:00,2986.473,2992.96,2981.743,2992.631
2025-03-14 04:00:00,2992.654,2993.928,2980.787,2986.892
2025-03-14 08:00:00,2986.921,3004.895,2985.179,2993.503
2025-03-14 12:00:00,2993.477,2999.673,2978.421,2984.607
2025-03-14 16:00:00,2984.569,2990.43,2982.14,2983.985
2025-03-14 20:00:00,2983.959,2988.756,2981.633,2986.37
2025-03-16 20:00:00,2987.601,2994.118,2986.054,2990.061
2025-03-17 00:00:00,2990.03,2993.091,2985.22,2986.917
2025-03-17 04:00:00,2986.943,2990.73,2982.158,2985.489
2025-03-17 08:00:00,2985.548,3001.217,2983.053,2997.475
2025-03-17 12:00:00,2997.515,3000.512,2984.718,2997.096
2025-03-17 16:00:00,2997.155,3000.838,2993.027,3000.173
2025-03-17 20:00:00,3000.147,3002.807,2999.583,2999.831
2025-03-18 00:00:00,2999.803,3015.054,2999.49,3011.333
2025-03-18 04:00:00,3011.34,3018.955,3006.066,3016.438
2025-03-18 08:00:00,3016.486,3029.461,3016.345,3026.839
2025-03-18 12:00:00,3026.842,3038.334,3024.72,3031.758
2025-03-18 16:00:00,3031.719,3037.935,3029.777,3035.615
2025-03-18 20:00:00,3035.643,3035.974,3031.512,3031.774
2025-03-19 00:00:00,3031.801,3039.029,3027.32,3036.325
2025-03-19 04:00:00,3036.291,3045.362,3034.256,3035.896
2025-03-19 08:00:00,3035.949,3039.949,3022.744,3038.955
2025-03-19 12:00:00,3038.931,3041.155,3025.845,3031.458
2025-03-19 16:00:00,3031.482,3051.996,3029.363,3047.858
2025-03-19 20:00:00,3047.818,3051.335,3044.205,3050.026
2025-03-20 00:00:00,3050.023,3056.2,3045.028,3049.964
2025-03-20 04:00:00,3050.068,3057.459,3041.78,3042.232
2025-03-20 08:00:00,3042.268,3046.241,3025.626,3034.433
2025-03-20 12:00:00,3034.467,3042.279,3029.883,3040.765
2025-03-20 16:00:00,3040.802,3046.094,3033.884,3044.586
2025-03-20 20:00:00,3044.561,3046.598,3043.517,3046.409
2025-03-21 00:00:00,3046.335,3047.435,3029.974,3030.585
2025-03-21 04:00:00,3030.539,3033.983,3021.553,3031.927
2025-03-21 08:00:00,3032.025,3037.694,3027.049,3034.332
2025-03-21 12:00:00,3034.311,3038.128,2999.385,3011.072
2025-03-21 16:00:00,3011.037,3022.049,3010.66,3020.001
2025-03-21 20:00:00,3020.037,3024.274,3019.974,3023.493
2025-03-23 20:00:00,3023.441,3026.292,3022.143,3024.721
2025-03-24 00:00:00,3024.709,3025.616,3013.646,3016.999
2025-03-24 04:00:00,3017.048,3028.903,3016.524,3022.361
2025-03-24 08:00:00,3022.329,3033.226,3021.839,3024.642
2025-03-24 12:00:00,3024.602,3028.651,3005.745,3014.036
2025-03-24 16:00:00,3014.06,3015.604,3002.465,3006.133
2025-03-24 20:00:00,3006.096,3014.63,3005.559,3009.91
2025-03-25 00:00:00,3009.945,3016.215,3007.545,3015.248
2025-03-25 04:00:00,3015.284,3021.06,3010.521,3011.13
2025-03-25 08:00:00,3011.151,3026.436,3010.681,3020.775
2025-03-25 12:00:00,3020.738,3035.977,3014.132,3021.561
2025-03-25 16:00:00,3021.592,3025.531,3017.721,3019.59
2025-03-25 20:00:00,3019.616,3022.497,3018.832,3021.041
2025-03-26 00:00:00,3021.037,3027.135,3016.394,3017.542
2025-03-26 04:00:00,3017.578,3030.773,3013.218,3030.471
2025-03-26 08:00:00,3030.509,3032.042,3016.886,3027.555
2025-03-26 12:00:00,3027.54,3029.994,3012.325,3015.878
2025-03-26 16:00:00,3015.911,3020.861,3015.157,3017.342
2025-03-26 20:00:00,3017.367,3021.855,3017.198,3021.623
2025-03-27 00:00:00,3021.563,3034.286,3021.522,3033.568
2025-03-27 04:00:00,3033.568,3038.61,3026.699,3035.85
2025-03-27 08:00:00,3035.866,3055.898,3033.757,3054.566
2025-03-27 12:00:00,3054.548,3059.885,3033.403,3052.204
2025-03-27 16:00:00,3052.123,3057.83,3047.787,3057.468
2025-03-27 20:00:00,3057.438,3057.638,3054.144,3055.71
2025-03-28 00:00:00,3055.726,3077.544,3054.993,3075.267
2025-03-28 04:00:00,3075.25,3086.017,3072.446,3079.348
2025-03-28 08:00:00,3079.302,3081.235,3066.153,3076.371
2025-03-28 12:00:00,3076.344,3086.831,3067.255,3083.707
2025-03-28 16:00:00,3083.677,3086.718,3073.497,3080.734
2025-03-28 20:00:00,3080.708,3085.955,3080.708,3085.146
2025-03-30 20:00:00,3092.531,3097.834,3087.793,3089.213
2025-03-31 00:00:00,3089.159,3111.695,3076.79,3107.138
2025-03-31 04:00:00,3107.072,3128.165,3105.925,3124.523
2025-03-31 08:00:00,3124.477,3127.156,3111.82,3119.48
2025-03-31 12:00:00,3119.471,3127.236,3099.753,3113.807
2025-03-31 16:00:00,3113.847,3124.652,3111.637,3124.36
2025-03-31 20:00:00,3124.32,3126.447,3120.024,3120.581
2025-04-01 00:00:00,3120.569,3147.335,3120.2,3146.028
2025-04-01 04:00:00,3146.0,3149.059,3124.131,3127.638
2025-04-01 08:00:00,3127.594,3138.997,3126.392,3130.319
2025-04-01 12:00:00,3130.354,3137.095,3113.401,3113.725
2025-04-01 16:00:00,3113.69,3119.013,3100.761,3118.723
2025-04-01 20:00:00,3118.681,3120.866,3107.742,3115.16
2025-04-02 00:00:00,3115.126,3135.703,3112.97,3125.489
2025-04-02 04:00:00,3125.458,3126.779,3108.623,3125.314
2025-04-02 08:00:00,3125.275,3133.878,3110.052,3121.23
2025-04-02 12:00:00,3121.314,3132.156,3116.597,3125.909
2025-04-02 16:00:00,3125.935,3134.396,3118.666,3124.388
2025-04-02 20:00:00,3124.358,3167.792,3104.795,3162.702
2025-04-03 00:00:00,3162.555,3164.812,3140.717,3148.066
2025-04-03 04:00:00,3148.02,3149.66,3116.392,3128.957
2025-04-03 08:00:00,3129.011,3132.066,3085.061,3093.188
2025-04-03 12:00:00,3093.193,3135.605,3054.052,3110.558
2025-04-03 16:00:00,3110.604,3114.282,3099.949,3107.583
2025-04-03 20:00:00,3107.567,3119.962,3107.2,3112.884
2025-04-04 00:00:00,3112.908,3115.792,3086.989,3098.409
2025-04-04 04:00:00,3098.438,3109.931,3091.993,3092.85
2025-04-04 08:00:00,3092.824,3136.725,3078.448,3110.242
2025-04-04 12:00:00,3110.248,3111.835,3016.939,3021.908
2025-04-04 16:00:00,3021.944,3040.929,3015.556,3036.464
2025-04-04 20:00:00,3036.423,3040.902,3033.84,3038.506
2025-04-06 20:00:00,3028.686,3032.445,2977.024,2999.944
2025-04-07 00:00:00,2999.954,3055.804,2970.689,3018.884
2025-04-07 04:00:00,3018.951,3044.629,3013.2,3018.569
2025-04-07 08:00:00,3018.527,3046.148,3017.652,3031.321
2025-04-07 12:00:00,3031.369,3038.018,2979.826,2987.491
2025-04-07 16:00:00,2987.526,2987.849,2956.302,2976.636
2025-04-07 20:00:00,2976.704,2988.636,2969.926,2981.392
2025-04-08 00:00:00,2981.366,3004.873,2980.318,2994.741
2025-04-08 04:00:00,2994.716,3015.779,2990.88,3003.607
2025-04-08 08:00:00,3003.579,3019.502,2994.795,3017.379
2025-04-08 12:00:00,3017.456,3022.746,3001.222,3001.545
2025-04-08 16:00:00,3001.596,3001.596,2974.596,2984.959
2025-04-08 20:00:00,2984.996,2990.869,2969.978,2978.398
2025-04-09 00:00:00,2978.425,3011.253,2972.457,3004.464
2025-04-09 04:00:00,3004.464,3052.419,2999.481,3041.091
2025-04-09 08:00:00,3041.05,3068.139,3036.074,3066.596
2025-04-09 12:00:00,3066.631,3087.778,3042.626,3086.288
2025-04-09 16:00:00,3086.33,3099.665,3048.521,3093.548
2025-04-09 20:00:00,3093.515,3095.551,3071.437,3086.784
2025-04-10 00:00:00,3086.745,3131.797,3078.448,3125.403
2025-04-10 04:00:00,3125.365,3132.57,3106.611,3108.703
2025-04-10 08:00:00,3108.704,3125.656,3103.182,3124.677
2025-04-10 12:00:00,3124.702,3174.993,3116.039,3157.996
2025-04-10 16:00:00,3158.014,3176.428,3151.545,3170.773
2025-04-10 20:00:00,3170.749,3191.341,3168.493,3188.972
2025-04-11 00:00:00,3188.993,3220.133,3184.855,3217.686
2025-04-11 04:00:00,3217.693,3219.251,3187.126,3212.406
2025-04-11 08:00:00,3212.43,3237.815,3208.511,3213.872
2025-04-11 12:00:00,3213.91,3244.158,3211.033,3240.602
2025-04-11 16:00:00,3240.601,3245.436,3219.561,3231.084
2025-04-11 20:00:00,3231.057,3238.968,3230.864,3237.519
2025-04-13 20:00:00,3220.46,3224.747,3213.589,3223.805
2025-04-14 00:00:00,3223.699,3245.757,3215.38,3232.444
2025-04-14 04:00:00,3232.445,3238.157,3221.386,3228.013
2025-04-14 08:00:00,3227.973,3231.742,3206.323,3223.359
2025-04-14 12:00:00,3223.332,3227.71,3193.552,3198.051
2025-04-14 16:00:00,3198.089,3216.602,3197.637,3212.699
2025-04-14 20:00:00,3212.745,3215.245,3207.342,3212.598
2025-04-15 00:00:00,3212.634,3228.966,3209.977,3228.304
2025-04-15 04:00:00,3228.345,3232.704,3217.361,3225.623
2025-04-15 08:00:00,3225.65,3232.139,3216.776,3220.164
2025-04-15 12:00:00,3220.192,3226.861,3211.575,3221.371
2025-04-15 16:00:00,3221.394,3231.877,3219.487,3229.793
2025-04-15 20:00:00,3229.831,3251.826,3226.428,3251.78
2025-04-16 00:00:00,3251.804,3281.75,3251.59,3281.401
2025-04-16 04:00:00,3281.401,3300.703,3269.347,3300.41
2025-04-16 08:00:00,3300.458,3317.821,3288.588,3306.842
2025-04-16 12:00:00,3306.798,3328.212,3296.86,3325.328
2025-04-16 16:00:00,3325.288,3342.497,3321.433,3336.676
2025-04-16 20:00:00,3336.72,3357.758,3334.437,3350.133
2025-04-17 00:00:00,3350.168,3356.281,3320.801,3344.57
2025-04-17 04:00:00,3344.523,3345.47,3314.279,3323.323
2025-04-17 08:00:00,3323.36,3334.172,3312.657,3327.371
2025-04-17 12:00:00,3327.322,3342.433,3283.822,3296.431
2025-04-17 16:00:00,3296.335,3322.519,3294.904,3320.769
2025-04-17 20:00:00,3320.691,3328.807,3317.975,3327.671
2025-04-20 20:00:00,3331.849,3353.153,3331.288,3348.078
2025-04-21 00:00:00,3348.157,3385.294,3347.487,3382.472
2025-04-21 04:00:00,3382.465,3396.017,3369.598,3385.058
2025-04-21 08:00:00,3385.031,3405.924,3383.677,3404.443
2025-04-21 12:00:00,3404.515,3430.279,3398.008,3422.941
2025-04-21 16:00:00,3422.897,3430.547,3405.988,3423.458
2025-04-21 20:00:00,3423.486,3444.267,3419.628,3434.548
2025-04-22 00:00:00,3434.524,3494.773,3412.18,3487.776
2025-04-22 04:00:00,3487.894,3500.033,3460.861,3468.67
2025-04-22 08:00:00,3468.656,3472.65,3443.151,3456.721
2025-04-22 12:00:00,3456.706,3464.803,3408.597,3417.669
2025-04-22 16:00:00,3417.62,3421.043,3366.718,3374.789
2025-04-22 20:00:00,3374.818,3382.71,3315.828,3336.561
2025-04-23 00:00:00,3336.607,3386.646,3329.203,3338.878
2025-04-23 04:00:00,3338.944,3349.355,3291.789,3319.13
2025-04-23 08:00:00,3319.185,3340.536,3305.439,3324.594
2025-04-23 12:00:00,3324.677,3333.357,3260.042,3280.424
2025-04-23 16:00:00,3280.386,3305.6,3277.823,3293.858
2025-04-23 20:00:00,3293.943,3316.882,3283.903,3316.384
2025-04-24 00:00:00,3316.351,3367.546,3313.286,3327.074
2025-04-24 04:00:00,3326.906,3339.837,3314.742,3333.733
2025-04-24 08:00:00,3333.686,3343.988,3325.428,3336.932
2025-04-24 12:00:00,3336.948,3344.719,3306.739,3329.391
2025-04-24 16:00:00,3329.365,3347.035,3322.437,3342.226
2025-04-24 20:00:00,3342.266,3370.789,3338.128,3348.976
2025-04-25 00:00:00,3348.951,3363.132,3322.632,3323.655
2025-04-25 04:00:00,3323.681,3327.775,3287.012,3307.407
2025-04-25 08:00:00,3307.381,3308.763,3287.911,3293.426
2025-04-25 12:00:00,3293.396,3303.054,3265.072,3282.883
2025-04-25 16:00:00,3282.882,3312.464,3280.338,3304.818
2025-04-25 20:00:00,3304.856,3319.24,3304.569,3318.726
2025-04-27 20:00:00,3325.64,3330.256,3298.606,3302.739
2025-04-28 00:00:00,3302.791,3315.965,3268.102,3290.902
2025-04-28 04:00:00,3290.894,3301.054,3277.645,3287.466
2025-04-28 08:00:00,3287.437,3297.183,3273.268,3294.176
2025-04-28 12:00:00,3294.225,3335.999,3286.851,3325.005
2025-04-28 16:00:00,3325.046,3353.021,3324.496,3352.076
2025-04-28 20:00:00,3352.107,3352.38,3332.362,3337.61
2025-04-29 00:00:00,3337.643,3340.039,3308.016,3316.03
2025-04-29 04:00:00,3316.057,3323.895,3305.084,3323.042
2025-04-29 08:00:00,3323.066,3324.923,3306.159,3309.416
2025-04-29 12:00:00,3309.359,3321.312,3299.649,3312.455
2025-04-29 16:00:00,3312.477,3330.013,3312.181,3320.535
2025-04-29 20:00:00,3320.51,3323.498,3310.949,3317.122
2025-04-30 00:00:00,3317.122,3327.971,3303.763,3304.753
2025-04-30 04:00:00,3304.765,3314.658,3301.326,3307.203
2025-04-30 08:00:00,3307.242,3307.704,3268.302,3272.307
2025-04-30 12:00:00,3272.331,3319.742,3266.901,3307.955
2025-04-30 16:00:00,3308.055,3314.279,3292.053,3295.818
2025-04-30 20:00:00,3295.778,3297.987,3269.738,3272.887
2025-05-01 00:00:00,3272.922,3276.314,3228.894,3229.496
2025-05-01 04:00:00,3229.54,3243.149,3221.228,3230.192
2025-05-01 08:00:00,3230.149,3236.726,3203.334,3205.502
2025-05-01 12:00:00,3205.465,3233.32,3201.862,3216.462
2025-05-01 16:00:00,3216.434,3229.72,3208.912,3228.25
2025-05-01 20:00:00,3228.238,3243.531,3228.039,3237.253
2025-05-02 00:00:00,3237.291,3258.758,3227.533,3254.916
2025-05-02 04:00:00,3255.02,3263.369,3246.327,3258.906
2025-05-02 08:00:00,3258.992,3269.242,3255.161,3262.698
2025-05-02 12:00:00,3262.684,3264.906,3230.228,3231.601
2025-05-02 16:00:00,3231.604,3239.855,3222.721,3233.675
2025-05-02 20:00:00,3233.703,3241.232,3232.627,3240.947
2025-05-04 20:00:00,3238.49,3252.3,3237.49,3247.922
2025-05-05 00:00:00,3247.993,3272.429,3241.18,3254.55
2025-05-05 04:00:00,3254.447,3267.748,3253.616,3264.76
2025-05-05 08:00:00,3264.824,3318.985,3263.06,3312.919
2025-05-05 12:00:00,3312.801,3328.838,3309.006,3312.065
2025-05-05 16:00:00,3312.028,3337.652,3305.577,3328.793
2025-05-05 20:00:00,3328.76,3338.052,3327.426,3334.031
2025-05-06 00:00:00,3334.038,3387.099,3323.139,3360.401
2025-05-06 04:00:00,3360.395,3379.648,3350.152,3371.2
2025-05-06 08:00:00,3371.313,3385.063,3368.547,3379.128
2025-05-06 12:00:00,3379.18,3399.895,3373.101,3395.083
2025-05-06 16:00:00,3395.135,3424.059,3394.673,3423.139
2025-05-06 20:00:00,3423.115,3435.016,3376.84,3400.723
2025-05-07 00:00:00,3400.765,3401.666,3360.068,3375.541
2025-05-07 04:00:00,3375.519,3397.4,3374.962,3387.971
2025-05-07 08:00:00,3388.01,3393.409,3369.186,3387.083
2025-05-07 12:00:00,3387.055,3398.099,3375.662,3385.27
2025-05-07 16:00:00,3385.224,3398.001,3363.692,3371.832
2025-05-07 20:00:00,3371.959,3377.185,3363.791,3376.488
2025-05-08 00:00:00,3376.515,3414.851,3373.785,3396.864
2025-05-08 04:00:00,3396.839,3399.417,3320.199,3342.928
2025-05-08 08:00:00,3342.882,3346.695,3330.39,3344.381
2025-05-08 12:00:00,3344.311,3369.602,3326.804,3330.399
2025-05-08 16:00:00,3330.371,3330.371,3288.697,3306.384
2025-05-08 20:00:00,3306.434,3324.01,3303.828,3316.412
2025-05-09 00:00:00,3316.448,3323.138,3274.664,3308.106
2025-05-09 04:00:00,3308.099,3332.264,3308.099,3327.306
2025-05-09 08:00:00,3327.331,3338.371,3320.217,3332.962
2025-05-09 12:00:00,3333.066,3346.044,3320.298,3345.04
2025-05-09 16:00:00,3345.143,3347.556,3325.441,3328.802
2025-05-09 20:00:00,3328.76,3330.295,3325.142,3326.805
2025-05-11 20:00:00,3282.238,3292.619,3265.847,3287.534
2025-05-12 00:00:00,3287.506,3289.998,3258.751,3283.25
2025-05-12 04:00:00,3283.214,3283.662,3216.105,3222.647
2025-05-12 08:00:00,3222.718,3234.398,3207.693,3224.794
2025-05-12 12:00:00,3224.822,3248.58,3220.323,3239.237
2025-05-12 16:00:00,3239.206,3240.138,3220.295,3235.394
2025-05-12 20:00:00,3235.355,3241.807,3229.864,3236.88
2025-05-13 00:00:00,3236.906,3243.423,3215.861,3236.743
2025-05-13 04:00:00,3236.719,3265.659,3234.853,3259.098
2025-05-13 08:00:00,3259.139,3261.284,3248.763,3249.134
2025-05-13 12:00:00,3249.098,3255.827,3225.472,3253.325
2025-05-13 16:00:00,3253.293,3257.818,3242.044,3249.324
2025-05-13 20:00:00,3249.355,3257.165,3248.043,3254.426
2025-05-14 00:00:00,3254.388,3254.658,3226.212,3228.366
2025-05-14 04:00:00,3228.37,3238.874,3221.57,3238.085
2025-05-14 08:00:00,3237.99,3243.897,3219.436,3220.142
2025-05-14 12:00:00,3220.105,3222.52,3174.9,3182.674
2025-05-14 16:00:00,3182.629,3190.941,3167.957,3180.587
2025-05-14 20:00:00,3180.613,3187.312,3177.078,3186.008
2025-05-15 00:00:00,3185.934,3192.743,3148.315,3150.594
2025-05-15 04:00:00,3150.546,3153.892,3120.649,3142.318
2025-05-15 08:00:00,3142.244,3180.019,3139.079,3179.18
2025-05-15 12:00:00,3179.141,3220.088,3177.507,3219.74
2025-05-15 16:00:00,3219.78,3232.723,3215.873,3232.037
2025-05-15 20:00:00,3231.901,3252.132,3231.094,3237.15
2025-05-16 00:00:00,3237.175,3244.615,3206.505,3211.969
2025-05-16 04:00:00,3211.92,3231.343,3205.378,3207.681
2025-05-16 08:00:00,3207.572,3212.954,3154.231,3163.115
2025-05-16 12:00:00,3163.149,3188.606,3154.878,3183.479
2025-05-16 16:00:00,3183.514,3195.763,3180.432,3192.583
2025-05-16 20:00:00,3192.553,3202.954,3192.13,3202.159
2025-05-18 20:00:00,3214.226,3245.26,3211.644,3234.91
2025-05-19 00:00:00,3234.947,3249.812,3208.04,3212.27
2025-05-19 04:00:00,3212.229,3234.64,3206.584,3232.335
2025-05-19 08:00:00,3232.361,3248.535,3229.973,3243.82
2025-05-19 12:00:00,3243.817,3244.444,3217.216,3231.662
2025-05-19 16:00:00,3231.687,3235.866,3225.166,3233.01
2025-05-19 20:00:00,3233.056,3233.791,3219.097,3222.532
2025-05-20 00:00:00,3222.561,3232.803,3204.535,3211.45
2025-05-20 04:00:00,3211.394,3225.46,3207.946,3222.843
2025-05-20 08:00:00,3222.819,3241.651,3218.275,3241.236
2025-05-20 12:00:00,3241.139,3285.886,3232.804,3277.239
2025-05-20 16:00:00,3277.212,3295.172,3275.232,3294.078
2025-05-20 20:00:00,3294.13,3304.144,3288.53,3290.695
2025-05-21 00:00:00,3290.734,3314.709,3285.42,3307.505
2025-05-21 04:00:00,3307.491,3320.736,3298.404,3309.906
2025-05-21 08:00:00,3309.933,3318.294,3303.946,3311.249
2025-05-21 12:00:00,3311.255,3315.211,3290.693,3311.978
2025-05-21 16:00:00,3312.012,3324.897,3302.758,3318.382
2025-05-21 20:00:00,3318.423,3324.213,3313.192,3320.082
2025-05-22 00:00:00,3320.138,3345.43,3319.389,3335.44
2025-05-22 04:00:00,3335.451,3339.502,3322.608,3327.621
2025-05-22 08:00:00,3327.636,3329.874,3282.977,3314.33
2025-05-22 12:00:00,3314.305,3315.775,3279.252,3294.675
2025-05-22 16:00:00,3294.722,3304.86,3288.982,3290.264
2025-05-22 20:00:00,3290.296,3302.013,3289.593,3300.146
2025-05-23 00:00:00,3300.172,3308.908,3286.942,3302.07
2025-05-23 04:00:00,3302.097,3334.502,3301.915,3329.145
2025-05-23 08:00:00,3329.191,3349.74,3322.548,3347.966
2025-05-23 12:00:00,3348.018,3364.62,3336.631,3361.655
2025-05-23 16:00:00,3361.687,3365.93,3356.348,3360.785
2025-05-23 20:00:00,3360.743,3361.7,3356.103,3356.285
2025-05-25 20:00:00,3352.093,3352.48,3341.349,3342.691
2025-05-26 00:00:00,3342.73,3356.859,3331.39,3347.636
2025-05-26 04:00:00,3347.639,3351.906,3332.124,3337.309
2025-05-26 08:00:00,3337.431,3339.67,3323.485,3333.149
2025-05-26 12:00:00,3333.152,3341.624,3326.35,3337.998
2025-05-26 16:00:00,3337.984,3343.639,3337.521,3341.558
2025-05-26 20:00:00,3346.458,3348.863,3342.829,3346.139
2025-05-27 00:00:00,3346.182,3350.029,3331.73,3341.217
2025-05-27 04:00:00,3341.188,3341.485,3292.535,3296.244
2025-05-27 08:00:00,3296.214,3310.344,3287.724,3288.373
2025-05-27 12:00:00,3288.399,3304.926,3285.089,3293.605
2025-05-27 16:00:00,3293.612,3308.008,3292.969,3304.38
2025-05-27 20:00:00,3304.356,3310.957,3297.621,3309.402
2025-05-28 00:00:00,3309.431,3315.77,3291.674,3297.761
2025-05-28 04:00:00,3297.721,3322.393,3294.383,3319.249
2025-05-28 08:00:00,3319.3,3325.551,3307.461,3311.11
2025-05-28 12:00:00,3311.168,3316.438,3292.51,3296.094
2025-05-28 16:00:00,3296.125,3303.065,3288.56,3296.983
2025-05-28 20:00:00,3297.006,3297.34,3250.273,3259.895
2025-05-29 00:00:00,3259.921,3280.165,3245.439,3274.545
2025-05-29 04:00:00,3274.635,3287.505,3265.986,3286.561
2025-05-29 08:00:00,3286.517,3305.549,3276.262,3299.719
2025-05-29 12:00:00,3299.844,3322.051,3298.55,3321.578
2025-05-29 16:00:00,3321.664,3331.225,3315.512,3316.615
2025-05-29 20:00:00,3316.586,3321.095,3312.854,3315.503
2025-05-30 00:00:00,3315.498,3322.742,3291.219,3294.531
2025-05-30 04:00:00,3294.458,3304.994,3287.37,3295.002
2025-05-30 08:00:00,3294.975,3300.669,3288.62,3294.055
2025-05-30 12:00:00,3294.054,3308.311,3271.526,3288.676
2025-05-30 16:00:00,3288.616,3295.778,3283.957,3294.826
2025-05-30 20:00:00,3294.937,3295.834,3288.642,3289.665
2025-06-01 20:00:00,3303.113,3316.742,3299.873,3310.255
2025-06-02 00:00:00,3310.213,3314.959,3301.409,3308.743
2025-06-02 04:00:00,3308.806,3359.037,3308.791,3352.562
2025-06-02 08:00:00,3352.655,3360.152,3344.361,3356.324
2025-06-02 12:00:00,3356.296,3379.064,3350.319,3374.294
2025-06-02 16:00:00,3374.319,3382.346,3369.285,3381.539
2025-06-02 20:00:00,3381.499,3392.238,3378.364,3387.456
2025-06-03 00:00:00,3387.407,3388.687,3359.685,3361.087
2025-06-03 04:00:00,3361.174,3367.715,3351.149,3359.648
2025-06-03 08:00:00,3359.752,3364.905,3353.305,3359.294
2025-06-03 12:00:00,3359.323,3363.123,3333.053,3350.304
2025-06-03 16:00:00,3350.368,3355.537,3344.633,3352.657
2025-06-03 20:00:00,3352.617,3361.657,3352.469,3359.996
2025-06-04 00:00:00,3359.943,3372.627,3346.452,3359.246
2025-06-04 04:00:00,3359.236,3365.217,3347.999,3354.721
2025-06-04 08:00:00,3354.679,3364.972,3343.72,3346.577
2025-06-04 12:00:00,3346.613,3384.709,3344.33,3371.763
2025-06-04 16:00:00,3371.724,3382.217,3370.832,3373.614
2025-06-04 20:00:00,3373.566,3379.08,3370.508,3378.042
2025-06-05 00:00:00,3378.099,3384.183,3368.172,3369.674
2025-06-05 04:00:00,3369.683,3374.534,3361.18,3371.304
2025-06-05 08:00:00,3371.266,3403.592,3369.641,3392.293
2025-06-05 12:00:00,3392.327,3400.197,3339.37,3344.773
2025-06-05 16:00:00,3344.681,3361.404,3339.811,3356.885
2025-06-05 20:00:00,3356.861,3363.592,3351.987,3361.81
2025-06-06 00:00:00,3361.867,3371.811,3356.133,3369.747
2025-06-06 04:00:00,3369.666,3375.685,3352.826,3359.374
2025-06-06 08:00:00,3359.419,3367.782,3352.703,3358.292
2025-06-06 12:00:00,3358.308,3364.421,3316.269,3332.223
2025-06-06 16:00:00,3332.182,3332.774,3311.358,3312.345
2025-06-06 20:00:00,3312.382,3312.896,3307.053,3311.702
2025-06-08 20:00:00,3317.819,3321.215,3309.24,3318.038
2025-06-09 00:00:00,3318.082,3318.699,3293.428,3310.769
2025-06-09 04:00:00,3310.799,3328.652,3309.273,3324.238
2025-06-09 08:00:00,3324.269,3325.685,3312.063,3317.456
2025-06-09 12:00:00,3317.412,3332.07,3310.698,3328.665
2025-06-09 16:00:00,3328.668,3338.24,3325.894,3327.241
2025-06-09 20:00:00,3327.201,3329.5,3321.583,3326.766
2025-06-10 00:00:00,3326.809,3326.851,3301.917,3307.602
2025-06-10 04:00:00,3307.592,3332.201,3302.789,3330.18
2025-06-10 08:00:00,3330.09,3342.587,3326.194,3333.78
2025-06-10 12:00:00,3333.817,3349.153,3323.165,3326.692
2025-06-10 16:00:00,3326.653,3334.536,3319.358,3328.716
2025-06-10 20:00:00,3328.757,3328.958,3315.517,3327.862
2025-06-11 00:00:00,3327.936,3341.566,3325.008,3339.416
2025-06-11 04:00:00,3339.387,3348.531,3332.476,3345.696
2025-06-11 08:00:00,3345.664,3346.742,3326.11,3333.072
2025-06-11 12:00:00,3333.152,3360.764,3327.196,3333.267
2025-06-11 16:00:00,3333.247,3349.268,3319.22,3346.849
2025-06-11 20:00:00,3346.876,3373.534,3346.522,3365.376
2025-06-12 00:00:00,3365.405,3377.804,3362.12,3373.426
2025-06-12 04:00:00,3373.409,3375.783,3338.536,3346.168
2025-06-12 08:00:00,3346.192,3388.581,3346.192,3379.285
2025-06-12 12:00:00,3379.252,3399.045,3376.337,3385.876
2025-06-12 16:00:00,3385.906,3391.374,3378.097,3388.139
2025-06-12 20:00:00,3388.111,3396.32,3379.633,3395.882
2025-06-13 00:00:00,3395.837,3444.4,3391.693,3425.557
2025-06-13 04:00:00,3425.543,3430.31,3407.879,3414.933
2025-06-13 08:00:00,3414.863,3427.684,3411.595,3422.217
2025-06-13 12:00:00,3422.207,3446.819,3420.906,3426.206
2025-06-13 16:00:00,3426.258,3439.473,3419.203,3432.307
2025-06-13 20:00:00,3432.352,3434.78,3428.965,3433.449
2025-06-15 20:00:00,3440.955,3451.251,3438.591,3444.141
2025-06-16 00:00:00,3444.166,3451.224,3429.244,3431.428
2025-06-16 04:00:00,3431.496,3433.261,3409.459,3412.619
2025-06-16 08:00:00,3412.624,3422.697,3409.773,3415.0
2025-06-16 12:00:00,3415.043,3418.128,3382.725,3404.626
2025-06-16 16:00:00,3404.534,3404.992,3382.79,3384.094
2025-06-16 20:00:00,3384.015,3402.977,3383.294,3402.769
2025-06-17 00:00:00,3402.815,3403.256,3373.463,3387.583
2025-06-17 04:00:00,3387.557,3396.289,3381.074,3387.783
2025-06-17 08:00:00,3387.784,3400.203,3375.675,3388.635
2025-06-17 12:00:00,3388.65,3397.536,3366.079,3379.284
2025-06-17 16:00:00,3379.386,3392.499,3376.651,3385.71
2025-06-17 20:00:00,3385.675,3396.217,3383.634,3387.392
2025-06-18 00:00:00,3387.295,3391.524,3370.655,3390.96
2025-06-18 04:00:00,3390.928,3400.011,3377.037,3385.991
2025-06-18 08:00:00,3385.928,3388.415,3375.433,3382.048
2025-06-18 12:00:00,3381.999,3396.852,3373.833,3392.68
2025-06-18 16:00:00,3392.731,3395.827,3362.867,3366.818
2025-06-18 20:00:00,3366.771,3379.89,3362.474,3375.023
2025-06-19 00:00:00,3375.042,3387.968,3369.684,3373.609
2025-06-19 04:00:00,3373.609,3375.326,3347.456,3365.954
2025-06-19 08:00:00,3365.968,3379.05,3362.21,3371.967
2025-06-19 12:00:00,3371.971,3372.963,3361.497,3369.26
2025-06-19 16:00:00,3369.223,3374.14,3366.155,3373.455
2025-06-19 20:00:00,3369.491,3370.445,3361.986,3368.739
2025-06-20 00:00:00,3368.763,3370.35,3344.625,3355.507
2025-06-20 04:00:00,3355.539,3357.656,3340.345,3347.691
2025-06-20 08:00:00,3347.657,3359.224,3346.54,3347.051
2025-06-20 12:00:00,3347.094,3374.477,3341.887,3369.856
2025-06-20 16:00:00,3369.786,3373.365,3364.606,3365.625
2025-06-20 20:00:00,3365.578,3369.314,3364.69,3368.546
2025-06-22 20:00:00,3384.117,3388.96,3371.173,3372.755
2025-06-23 00:00:00,3372.776,3373.551,3351.846,3363.372
2025-06-23 04:00:00,3363.385,3365.061,3346.971,3357.627
2025-06-23 08:00:00,3357.672,3382.055,3357.672,3380.596
2025-06-23 12:00:00,3380.667,3389.82,3355.868,3387.24
2025-06-23 16:00:00,3387.2,3393.565,3375.607,3376.362
2025-06-23 20:00:00,3376.32,3377.295,3341.462,3344.235
2025-06-24 00:00:00,3344.27,3357.912,3333.168,3352.476
2025-06-24 04:00:00,3352.403,3353.419,3316.022,3329.645
2025-06-24 08:00:00,3329.658,3332.32,3317.829,3321.214
2025-06-24 12:00:00,3321.181,3321.181,3295.339,3313.261
2025-06-24 16:00:00,3313.296,3325.184,3311.276,3323.479
2025-06-24 20:00:00,3323.526,3324.882,3320.842,3324.142
2025-06-25 00:00:00,3324.139,3335.209,3323.627,3328.295
2025-06-25 04:00:00,3328.284,3337.096,3325.797,3330.631
2025-06-25 08:00:00,3330.656,3332.414,3321.397,3322.667
2025-06-25 12:00:00,3322.66,3329.499,3311.894,3325.627
2025-06-25 16:00:00,3325.667,3336.068,3324.142,3333.706
2025-06-25 20:00:00,3333.745,3340.158,3331.264,3339.028
2025-06-26 00:00:00,3338.987,3343.223,3329.181,3337.991
2025-06-26 04:00:00,3338.026,3347.239,3330.967,3346.051
2025-06-26 08:00:00,3346.066,3350.37,3331.469,3332.921
2025-06-26 12:00:00,3332.937,3344.056,3309.947,3324.808
2025-06-26 16:00:00,3324.881,3336.501,3323.729,3331.301
2025-06-26 20:00:00,3331.407,3332.327,3316.229,3318.758
2025-06-27 00:00:00,3318.767,3322.012,3292.557,3294.318
2025-06-27 04:00:00,3294.364,3300.941,3283.394,3284.458
2025-06-27 08:00:00,3284.502,3291.132,3276.009,3281.389
2025-06-27 12:00:00,3281.358,3282.303,3255.821,3274.655
2025-06-27 16:00:00,3274.574,3282.802,3268.34,3270.578
2025-06-27 20:00:00,3270.616,3275.5,3270.253,3274.526
2025-06-29 20:00:00,3272.488,3274.249,3247.921,3263.806
2025-06-30 00:00:00,3263.775,3283.293,3259.456,3278.981
2025-06-30 04:00:00,3278.996,3296.85,3276.964,3292.873
2025-06-30 08:00:00,3292.879,3296.594,3274.488,3277.932
2025-06-30 12:00:00,3277.993,3290.761,3277.955,3289.625
2025-06-30 16:00:00,3289.669,3309.45,3289.073,3308.534
2025-06-30 20:00:00,3308.502,3314.602,3302.302,3312.441
2025-07-01 00:00:00,3312.493,3322.683,3309.917,3321.161
2025-07-01 04:00:00,3321.173,3339.931,3318.893,3339.497
2025-07-01 08:00:00,3339.501,3353.082,3336.753,3349.017
2025-07-01 12:00:00,3348.99,3358.015,3336.981,3340.228
2025-07-01 16:00:00,3340.215,3343.523,3336.831,3338.005
2025-07-01 20:00:00,3338.042,3343.826,3336.771,3338.152
2025-07-02 00:00:00,3338.186,3344.999,3328.509,3339.959
2025-07-02 04:00:00,3339.925,3343.951,3327.587,3334.571
2025-07-02 08:00:00,3334.605,3347.752,3332.853,3342.199
2025-07-02 12:00:00,3342.214,3351.128,3333.842,3341.021
2025-07-02 16:00:00,3340.943,3359.519,3340.943,3358.258
2025-07-02 20:00:00,3358.302,3365.726,3348.754,3349.395
2025-07-03 00:00:00,3349.42,3351.471,3341.88,3347.509
2025-07-03 04:00:00,3347.437,3363.677,3347.384,3353.077
2025-07-03 08:00:00,3353.096,3358.383,3342.981,3346.073
2025-07-03 12:00:00,3346.041,3352.308,3311.535,3328.045
2025-07-03 16:00:00,3328.106,3334.862,3325.676,3328.749
2025-07-03 20:00:00,3328.713,3332.025,3323.57,3330.871
2025-07-04 00:00:00,3330.875,3338.948,3325.867,3338.35
2025-07-04 04:00:00,3338.307,3345.127,3336.384,3342.947
2025-07-04 08:00:00,3342.95,3344.258,3331.466,3334.795
2025-07-04 12:00:00,3334.791,3338.059,3330.797,3332.394
2025-07-04 16:00:00,3332.357,3335.93,3332.222,3334.998
2025-07-06 20:00:00,3341.408,3341.918,3326.187,3328.853
2025-07-07 00:00:00,3328.83,3329.726,3305.982,3310.848
2025-07-07 04:00:00,3310.892,3315.245,3300.64,3302.217
2025-07-07 08:00:00,3302.247,3312.774,3296.296,3301.91
2025-07-07 12:00:00,3301.94,3322.031,3300.376,3320.836
2025-07-07 16:00:00,3320.784,3340.438,3320.082,3336.981
2025-07-07 20:00:00,3337.025,3345.823,3333.921,3334.653
2025-07-08 00:00:00,3334.697,3338.035,3329.595,3331.469
2025-07-08 04:00:00,3331.418,3339.5,3327.304,3333.912
2025-07-08 08:00:00,3333.877,3333.877,3319.94,3324.964
2025-07-08 12:00:00,3325.014,3329.864,3287.023,3298.241
2025-07-08 16:00:00,3298.249,3310.426,3295.938,3302.992
2025-07-08 20:00:00,3303.02,3304.074,3297.199,3302.277
2025-07-09 00:00:00,3302.322,3308.003,3284.933,3293.25
2025-07-09 04:00:00,3293.244,3297.875,3285.495,3291.852
2025-07-09 08:00:00,3291.822,3295.989,3282.656,3284.936
2025-07-09 12:00:00,3284.969,3312.916,3284.969,3309.606
2025-07-09 16:00:00,3309.555,3316.874,3307.913,3315.605
2025-07-09 20:00:00,3315.645,3321.176,3311.557,3317.64
2025-07-10 00:00:00,3317.559,3326.415,3315.362,3315.758
2025-07-10 04:00:00,3315.682,3329.486,3314.773,3321.047
2025-07-10 08:00:00,3321.071,3330.318,3318.331,3320.411
2025-07-10 12:00:00,3320.424,3329.472,3310.017,3319.725
2025-07-10 16:00:00,3319.711,3325.91,3312.108,3324.826
2025-07-10 20:00:00,3324.851,3326.476,3321.837,3323.808
2025-07-11 00:00:00,3323.764,3336.154,3323.638,3333.765
2025-07-11 04:00:00,3333.751,3343.827,3329.489,3341.833
2025-07-11 08:00:00,3341.789,3350.275,3332.669,3347.507
2025-07-11 12:00:00,3347.526,3368.736,3344.356,3358.915
2025-07-11 16:00:00,3358.884,3359.796,3349.178,3356.411
2025-07-11 20:00:00,3356.459,3358.959,3353.583,3355.105
2025-07-13 20:00:00,3361.295,3374.017,3359.658,3367.772
2025-07-14 00:00:00,3367.731,3373.318,3353.865,3356.964
2025-07-14 04:00:00,3356.952,3375.078,3353.706,3371.948
2025-07-14 08:00:00,3371.956,3374.647,3363.917,3364.169
2025-07-14 12:00:00,3364.192,3366.604,3340.954,3345.105
2025-07-14 16:00:00,3345.044,3351.693,3343.082,3344.125
2025-07-14 20:00:00,3344.103,3346.556,3341.217,3345.337
2025-07-15 00:00:00,3345.299,3358.324,3344.758,3357.841
2025-07-15 04:00:00,3357.853,3365.422,3357.47,3364.347
2025-07-15 08:00:00,3364.327,3366.356,3353.985,3354.932
2025-07-15 12:00:00,3354.892,3360.385,3325.363,3328.996
2025-07-15 16:00:00,3328.957,3331.936,3320.218,3330.455
2025-07-15 20:00:00,3330.408,3331.776,3324.788,3331.056
2025-07-16 00:00:00,3331.092,3335.117,3325.053,3334.33
2025-07-16 04:00:00,3334.281,3342.002,3332.818,3337.809
2025-07-16 08:00:00,3337.824,3343.072,3333.72,3339.259
2025-07-16 12:00:00,3339.219,3377.523,3319.529,3343.553
2025-07-16 16:00:00,3343.524,3357.41,3338.886,3347.08
2025-07-16 20:00:00,3347.116,3352.247,3345.265,3346.526
2025-07-17 00:00:00,3346.556,3347.405,3336.241,3341.486
2025-07-17 04:00:00,3341.511,3344.726,3325.208,3325.886
2025-07-17 08:00:00,3325.925,3332.523,3322.358,3324.254
2025-07-17 12:00:00,3324.261,3338.427,3309.883,3336.707
2025-07-17 16:00:00,3336.675,3341.098,3335.378,3339.763
2025-07-17 20:00:00,3339.779,3344.009,3337.409,3340.139
2025-07-18 00:00:00,3340.176,3344.261,3334.038,3334.6
2025-07-18 04:00:00,3334.598,3350.093,3331.801,3349.823
2025-07-18 08:00:00,3349.849,3357.714,3346.237,3354.403
2025-07-18 12:00:00,3354.458,3361.236,3351.137,3353.654
2025-07-18 16:00:00,3353.629,3357.531,3347.668,3348.316
2025-07-18 20:00:00,3348.279,3352.098,3347.804,3350.395
2025-07-20 20:00:00,3348.767,3350.115,3345.015,3349.128
2025-07-21 00:00:00,3349.168,3358.641,3347.656,3351.286
2025-07-21 04:00:00,3351.275,3370.785,3350.618,3364.763
2025-07-21 08:00:00,3364.8,3375.594,3362.674,3375.302
2025-07-21 12:00:00,3375.271,3401.575,3374.531,3397.994
2025-07-21 16:00:00,3397.983,3399.787,3391.468,3398.837
2025-07-21 20:00:00,3398.744,3402.783,3393.208,3396.532
2025-07-22 00:00:00,3396.54,3397.665,3385.106,3392.591
2025-07-22 04:00:00,3392.517,3392.55,3383.24,3387.634
2025-07-22 08:00:00,3387.591,3391.663,3384.528,3391.348
2025-07-22 12:00:00,3391.378,3430.614,3391.016,3426.597
2025-07-22 16:00:00,3426.64,3433.507,3426.245,3431.738
2025-07-22 20:00:00,3431.683,3433.312,3426.283,3427.458
2025-07-23 00:00:00,3427.433,3438.98,3419.154,3423.153
2025-07-23 04:00:00,3423.063,3429.702,3416.322,3420.72
2025-07-23 08:00:00,3420.754,3433.855,3420.305,3428.18
2025-07-23 12:00:00,3428.17,3430.0,3398.134,3398.134
2025-07-23 16:00:00,3398.106,3398.106,3381.402,3390.081
2025-07-23 20:00:00,3390.122,3392.51,3386.123,3390.008
2025-07-24 00:00:00,3390.06,3393.438,3374.728,3383.762
2025-07-24 04:00:00,3383.666,3385.389,3365.982,3367.757
2025-07-24 08:00:00,3367.767,3374.727,3361.253,3362.296
2025-07-24 12:00:00,3362.254,3377.421,3351.315,3372.541
2025-07-24 16:00:00,3372.515,3373.702,3366.267,3370.478
2025-07-24 20:00:00,3370.517,3371.407,3365.131,3369.419
2025-07-25 00:00:00,3369.422,3373.578,3358.613,3359.194
2025-07-25 04:00:00,3359.176,3363.501,3352.706,3354.008
2025-07-25 08:00:00,3354.041,3355.358,3338.623,3341.012
2025-07-25 12:00:00,3341.008,3347.498,3324.928,3327.896
2025-07-25 16:00:00,3327.851,3340.284,3326.161,3337.804
2025-07-25 20:00:00,3337.769,3339.181,3336.187,3336.826
2025-07-27 20:00:00,3329.144,3337.465,3323.817,3333.683
2025-07-28 00:00:00,3333.675,3343.316,3327.64,3343.246
2025-07-28 04:00:00,3343.199,3345.352,3333.785,3334.882
2025-07-28 08:00:00,3334.879,3340.78,3332.382,3336.519
2025-07-28 12:00:00,3336.568,3338.369,3301.77,3314.764
2025-07-28 16:00:00,3314.736,3318.89,3308.82,3317.161
2025-07-28 20:00:00,3317.195,3318.409,3310.485,3312.468
2025-07-29 00:00:00,3312.485,3320.861,3307.843,3312.576
2025-07-29 04:00:00,3312.58,3322.43,3308.99,3317.133
2025-07-29 08:00:00,3317.139,3329.976,3314.884,3315.278
2025-07-29 12:00:00,3315.249,3334.142,3311.89,3320.751
2025-07-29 16:00:00,3320.751,3330.906,3319.072,3324.938
2025-07-29 20:00:00,3324.989,3329.171,3324.697,3327.531
2025-07-30 00:00:00,3327.568,3333.673,3321.876,3328.429
2025-07-30 04:00:00,3328.365,3332.149,3323.058,3327.751
2025-07-30 08:00:00,3327.784,3334.025,3323.966,3330.846
2025-07-30 12:00:00,3330.829,3331.904,3288.575,3290.465
2025-07-30 16:00:00,3290.378,3304.767,3268.034,3269.396
2025-07-30 20:00:00,3269.334,3285.8,3268.965,3285.303
2025-07-31 00:00:00,3285.257,3298.574,3282.802,3295.086
2025-07-31 04:00:00,3295.042,3309.771,3293.644,3304.761
2025-07-31 08:00:00,3304.682,3314.83,3293.782,3306.111
2025-07-31 12:00:00,3306.086,3311.163,3291.3,3295.545
2025-07-31 16:00:00,3295.437,3298.45,3289.586,3291.029
2025-07-31 20:00:00,3290.989,3295.172,3287.967,3288.651
2025-08-01 00:00:00,3288.607,3297.14,3281.566,3291.403
2025-08-01 04:00:00,3291.365,3300.47,3285.223,3286.861
2025-08-01 08:00:00,3286.823,3303.104,3285.271,3300.309
2025-08-01 12:00:00,3300.342,3355.088,3297.385,3348.567
2025-08-01 16:00:00,3348.532,3361.325,3340.532,3357.185
2025-08-01 20:00:00,3357.239,3363.566,3357.028,3363.119
2025-08-03 20:00:00,3364.339,3364.563,3354.526,3361.957
2025-08-04 00:00:00,3361.99,3362.378,3345.006,3360.255
2025-08-04 04:00:00,3360.259,3362.671,3351.685,3355.809
2025-08-04 08:00:00,3355.842,3370.759,3352.886,3370.263
2025-08-04 12:00:00,3370.262,3385.353,3360.965,3374.306
2025-08-04 16:00:00,3374.305,3378.153,3370.571,3375.971
2025-08-04 20:00:00,3375.917,3379.703,3373.415,3377.407
2025-08-05 00:00:00,3377.383,3382.398,3372.057,3372.057
2025-08-05 04:00:00,3372.107,3375.531,3365.655,3373.651
2025-08-05 08:00:00,3373.572,3374.607,3349.803,3351.408
2025-08-05 12:00:00,3351.408,3390.033,3349.866,3389.49
2025-08-05 16:00:00,3389.527,3390.402,3376.89,3378.979
2025-08-05 20:00:00,3378.94,3383.974,3378.095,3383.151
2025-08-06 00:00:00,3383.221,3385.34,3373.046,3374.587
2025-08-06 04:00:00,3374.59,3378.65,3368.953,3373.617
2025-08-06 08:00:00,3373.509,3374.697,3358.091,3365.174
2025-08-06 12:00:00,3365.156,3379.975,3360.141,3377.431
2025-08-06 16:00:00,3377.392,3379.467,3368.983,3371.647
2025-08-06 20:00:00,3371.608,3374.796,3367.133,3370.155
2025-08-07 00:00:00,3370.205,3384.16,3365.222,3379.696
2025-08-07 04:00:00,3379.732,3397.504,3371.648,3396.155
2025-08-07 08:00:00,3396.189,3396.603,3371.73,3378.229
2025-08-07 12:00:00,3378.199,3393.833,3375.261,3390.102
2025-08-07 16:00:00,3390.185,3400.872,3384.314,3399.659
2025-08-07 20:00:00,3399.712,3408.99,3389.025,3400.47
2025-08-08 00:00:00,3400.432,3402.356,3381.087,3395.817
2025-08-08 04:00:00,3395.817,3404.271,3388.739,3401.993
2025-08-08 08:00:00,3402.074,3402.631,3380.361,3386.249
2025-08-08 12:00:00,3386.206,3401.944,3381.105,3395.248
2025-08-08 16:00:00,3395.284,3404.267,3376.445,3398.566
2025-08-08 20:00:00,3398.618,3398.898,3392.421,3398.564
2025-08-10 20:00:00,3400.578,3401.819,3390.292,3391.548
2025-08-11 00:00:00,3391.592,3391.639,3367.699,3378.257
2025-08-11 04:00:00,3378.253,3380.107,3357.097,3360.069
2025-08-11 08:00:00,3360.112,3365.825,3349.852,3355.23
2025-08-11 12:00:00,3355.226,3362.902,3341.409,3349.405
2025-08-11 16:00:00,3349.502,3358.834,3341.273,3351.694
2025-08-11 20:00:00,3351.662,3351.829,3342.167,3349.027
2025-08-12 00:00:00,3349.01,3357.431,3346.212,3349.39
2025-08-12 04:00:00,3349.437,3358.149,3342.242,3355.539
2025-08-12 08:00:00,3355.512,3355.863,3336.068,3347.499
2025-08-12 12:00:00,3347.464,3359.254,3331.08,3349.8
2025-08-12 16:00:00,3349.887,3351.296,3345.531,3347.563
2025-08-12 20:00:00,3347.549,3353.762,3346.012,3350.57
2025-08-13 00:00:00,3350.58,3354.457,3342.678,3349.593
2025-08-13 04:00:00,3349.615,3361.004,3345.677,3354.723
2025-08-13 08:00:00,3354.688,3367.121,3352.869,3362.29
2025-08-13 12:00:00,3362.314,3370.735,3354.128,3357.746
2025-08-13 16:00:00,3357.778,3360.92,3349.9,3357.812
2025-08-13 20:00:00,3357.856,3363.461,3355.633,3362.702
2025-08-14 00:00:00,3362.748,3374.859,3355.404,3360.464
2025-08-14 04:00:00,3360.496,3366.483,3343.591,3345.984
2025-08-14 08:00:00,3345.958,3359.155,3341.447,3355.4
2025-08-14 12:00:00,3355.431,3358.393,3334.223,3341.796
2025-08-14 16:00:00,3341.757,3342.097,3329.766,3337.965
2025-08-14 20:00:00,3338.004,3338.543,3332.168,3335.551
2025-08-15 00:00:00,3335.58,3344.893,3332.372,3343.45
2025-08-15 04:00:00,3343.412,3348.747,3340.137,3346.147
2025-08-15 08:00:00,3346.107,3348.268,3336.243,3342.359
2025-08-15 12:00:00,3342.362,3345.969,3332.856,3342.329
2025-08-15 16:00:00,3342.429,3342.547,3334.387,3339.143
2025-08-15 20:00:00,3339.212,3339.435,3335.145,3335.213
2025-08-17 20:00:00,3334.569,3335.381,3323.503,3327.087
2025-08-18 00:00:00,3327.08,3351.786,3326.773,3347.156
2025-08-18 04:00:00,3347.112,3358.417,3346.003,3349.022
2025-08-18 08:00:00,3349.052,3351.721,3344.475,3345.456
2025-08-18 12:00:00,3345.5,3348.839,3332.195,3335.669
2025-08-18 16:00:00,3335.702,3335.884,3330.179,3333.623
2025-08-18 20:00:00,3333.667,3334.723,3330.514,3330.978
2025-08-19 00:00:00,3330.99,3341.663,3326.022,3337.787
2025-08-19 04:00:00,3337.745,3341.821,3334.4,3340.695
2025-08-19 08:00:00,3340.739,3345.328,3336.427,3339.767
2025-08-19 12:00:00,3339.768,3340.544,3320.853,3322.669
2025-08-19 16:00:00,3322.711,3324.435,3314.853,3315.965
2025-08-19 20:00:00,3315.923,3317.637,3312.771,3314.231
2025-08-20 00:00:00,3314.241,3318.648,3311.476,3317.52
2025-08-20 04:00:00,3317.517,3327.525,3317.177,3324.813
2025-08-20 08:00:00,3324.769,3332.935,3320.886,3332.325
2025-08-20 12:00:00,3332.248,3350.322,3332.06,3340.594
2025-08-20 16:00:00,3340.703,3349.263,3340.658,3348.821
2025-08-20 20:00:00,3348.773,3352.092,3346.354,3346.836
2025-08-21 00:00:00,3346.906,3346.906,3339.687,3339.93
2025-08-21 04:00:00,3339.887,3341.527,3334.283,3339.629
2025-08-21 08:00:00,3339.665,3342.191,3325.126,3333.569
2025-08-21 12:00:00,3333.676,3348.081,3333.642,3343.634
2025-08-21 16:00:00,3343.621,3343.972,3336.544,3338.823
2025-08-21 20:00:00,3338.863,3340.64,3337.356,3338.411
2025-08-22 00:00:00,3338.367,3340.225,3331.605,3331.976
2025-08-22 04:00:00,3331.963,3335.026,3325.734,3327.465
2025-08-22 08:00:00,3327.5,3331.75,3325.332,3329.346
2025-08-22 12:00:00,3329.342,3378.869,3321.45,3367.914
2025-08-22 16:00:00,3367.89,3375.501,3367.832,3373.188
2025-08-22 20:00:00,3373.213,3373.658,3370.154,3372.299
2025-08-24 20:00:00,3368.744,3371.052,3365.862,3368.995
2025-08-25 00:00:00,3369.08,3369.684,3359.748,3367.263
2025-08-25 04:00:00,3367.263,3369.888,3363.028,3366.226
2025-08-25 08:00:00,3366.229,3371.514,3361.927,3370.594
2025-08-25 12:00:00,3370.592,3376.306,3362.185,3374.068
2025-08-25 16:00:00,3374.0,3374.824,3365.199,3365.421
2025-08-25 20:00:00,3365.465,3367.153,3351.716,3354.854
2025-08-26 00:00:00,3354.827,3386.488,3351.252,3372.201
2025-08-26 04:00:00,3372.217,3379.121,3367.291,3376.726
2025-08-26 08:00:00,3376.684,3380.36,3367.258,3377.467
2025-08-26 12:00:00,3377.52,3389.457,3370.374,3386.688
2025-08-26 16:00:00,3386.675,3390.841,3380.245,3389.658
2025-08-26 20:00:00,3389.689,3393.583,3388.738,3390.862
2025-08-27 00:00:00,3390.853,3393.554,3380.577,3380.633
2025-08-27 04:00:00,3380.677,3381.954,3373.755,3381.393
2025-08-27 08:00:00,3381.374,3385.49,3373.698,3376.822
2025-08-27 12:00:00,3376.844,3390.42,3374.255,3387.898
2025-08-27 16:00:00,3387.917,3398.783,3387.481,3396.21
2025-08-27 20:00:00,3396.172,3399.502,3394.098,3395.819
2025-08-28 00:00:00,3395.762,3398.075,3384.603,3390.135
2025-08-28 04:00:00,3390.206,3397.696,3387.632,3395.752
2025-08-28 08:00:00,3395.762,3407.658,3393.887,3404.153
2025-08-28 12:00:00,3404.13,3413.476,3394.281,3410.901
2025-08-28 16:00:00,3410.897,3423.212,3409.897,3422.07
2025-08-28 20:00:00,3422.159,3422.521,3414.757,3414.819
2025-08-29 00:00:00,3414.85,3417.885,3407.956,3410.864
2025-08-29 04:00:00,3410.843,3412.688,3406.562,3412.197
2025-08-29 08:00:00,3412.168,3414.879,3404.313,3410.725
2025-08-29 12:00:00,3410.655,3447.665,3406.708,3445.494
2025-08-29 16:00:00,3445.487,3453.924,3440.988,3452.573
2025-08-29 20:00:00,3452.605,3452.734,3445.768,3448.035
2025-08-31 20:00:00,3445.866,3452.606,3442.459,3447.952
2025-09-01 00:00:00,3447.912,3486.107,3437.028,3474.523
2025-09-01 04:00:00,3474.491,3489.928,3467.813,3477.814
2025-09-01 08:00:00,3477.877,3479.873,3466.276,3470.009
2025-09-01 12:00:00,3470.058,3481.28,3467.076,3474.083
2025-09-01 16:00:00,3474.095,3478.89,3472.326,3476.76
2025-09-01 20:00:00,3476.299,3481.516,3474.527,3479.211
2025-09-02 00:00:00,3479.13,3508.741,3476.897,3495.044
2025-09-02 04:00:00,3495.008,3498.322,3472.096,3476.857
2025-09-02 08:00:00,3476.955,3490.116,3470.194,3489.737
2025-09-02 12:00:00,3489.687,3520.3,3474.19,3520.3
2025-09-02 16:00:00,3520.327,3540.094,3518.113,3536.941
2025-09-02 20:00:00,3536.989,3537.707,3526.28,3529.984
2025-09-03 00:00:00,3530.082,3546.95,3528.022,3530.921
2025-09-03 04:00:00,3530.815,3538.319,3526.781,3533.842
2025-09-03 08:00:00,3533.874,3549.594,3532.292,3547.551
2025-09-03 12:00:00,3547.535,3567.404,3541.357,3563.953
2025-09-03 16:00:00,3563.95,3578.427,3561.163,3563.559
2025-09-03 20:00:00,3563.527,3566.064,3554.385,3560.292
2025-09-04 00:00:00,3560.341,3563.473,3511.172,3529.147
2025-09-04 04:00:00,3529.182,3541.655,3524.44,3541.137
2025-09-04 08:00:00,3541.1,3549.837,3536.558,3545.464
2025-09-04 12:00:00,3545.419,3558.793,3535.049,3552.829
2025-09-04 16:00:00,3552.837,3556.227,3542.526,3549.8
2025-09-04 20:00:00,3549.836,3554.515,3539.909,3552.54
2025-09-05 00:00:00,3552.532,3559.062,3545.994,3558.344
2025-09-05 04:00:00,3558.359,3561.15,3546.635,3548.197
2025-09-05 08:00:00,3548.161,3555.201,3544.721,3553.228
2025-09-05 12:00:00,3553.254,3597.923,3548.802,3592.005
2025-09-05 16:00:00,3592.046,3600.076,3590.504,3594.813
2025-09-05 20:00:00,3594.773,3595.333,3586.376,3586.597
2025-09-07 20:00:00,3591.856,3596.716,3587.112,3591.151
2025-09-08 00:00:00,3591.173,3597.212,3582.926,3583.61
2025-09-08 04:00:00,3583.566,3613.646,3579.577,3609.483
2025-09-08 08:00:00,3609.509,3622.496,3607.132,3619.954
2025-09-08 12:00:00,3619.926,3646.316,3614.746,3639.259
2025-09-08 16:00:00,3639.317,3641.746,3631.851,3636.528
2025-09-08 20:00:00,3636.555,3637.945,3628.192,3634.992
2025-09-09 00:00:00,3635.023,3654.597,3633.439,3645.838
2025-09-09 04:00:00,3645.863,3659.299,3636.485,3644.363
2025-09-09 08:00:00,3644.298,3656.712,3641.969,3648.0
2025-09-09 12:00:00,3648.072,3674.523,3626.82,3645.441
2025-09-09 16:00:00,3645.406,3649.434,3628.449,3629.362
2025-09-09 20:00:00,3629.325,3640.825,3623.134,3633.568
2025-09-10 00:00:00,3633.543,3638.253,3620.18,3636.479
2025-09-10 04:00:00,3636.581,3648.509,3636.488,3644.103
2025-09-10 08:00:00,3644.141,3657.622,3641.995,3649.282
2025-09-10 12:00:00,3649.298,3657.417,3638.438,3644.453
2025-09-10 16:00:00,3644.393,3649.72,3635.064,3641.898
2025-09-10 20:00:00,3641.864,3645.552,3637.996,3644.883
2025-09-11 00:00:00,3644.916,3649.134,3629.859,3631.998
2025-09-11 04:00:00,3632.064,3637.996,3622.666,3629.811
2025-09-11 08:00:00,3629.845,3631.747,3614.136,3616.789
2025-09-11 12:00:00,3616.756,3643.946,3613.082,3633.06
2025-09-11 16:00:00,3633.102,3641.908,3630.298,3636.945
2025-09-11 20:00:00,3636.909,3638.275,3631.519,3631.842
2025-09-12 00:00:00,3631.81,3653.286,3630.526,3652.849
2025-09-12 04:00:00,3652.862,3656.62,3647.799,3648.301
2025-09-12 08:00:00,3648.279,3652.168,3637.707,3647.044
2025-09-12 12:00:00,3647.076,3654.32,3638.242,3644.515
2025-09-12 16:00:00,3644.539,3650.615,3642.707,3644.164
2025-09-12 20:00:00,3644.204,3645.381,3641.347,3643.484
2025-09-14 20:00:00,3644.61,3646.044,3636.772,3638.241
2025-09-15 00:00:00,3638.237,3646.422,3626.541,3646.019
2025-09-15 04:00:00,3646.03,3646.86,3633.74,3643.893
2025-09-15 08:00:00,3643.9,3646.698,3635.683,3642.661
2025-09-15 12:00:00,3642.686,3681.938,3636.946,3680.454
2025-09-15 16:00:00,3680.497,3685.623,3674.77,3680.955
2025-09-15 20:00:00,3680.912,3681.986,3676.131,3676.965
2025-09-16 00:00:00,3676.886,3689.48,3674.711,3681.135
2025-09-16 04:00:00,3681.078,3694.211,3680.16,3686.47
2025-09-16 08:00:00,3686.431,3699.447,3686.134,3697.126
2025-09-16 12:00:00,3697.203,3703.088,3678.868,3686.142
2025-09-16 16:00:00,3686.21,3691.226,3684.613,3689.61
2025-09-16 20:00:00,3689.668,3695.243,3689.443,3694.245
2025-09-17 00:00:00,3694.244,3695.378,3674.218,3681.759
2025-09-17 04:00:00,3681.688,3685.859,3666.591,3667.199
2025-09-17 08:00:00,3667.155,3670.985,3659.843,3665.949
2025-09-17 12:00:00,3665.987,3687.248,3665.57,3684.136
2025-09-17 16:00:00,3684.167,3707.49,3646.097,3661.73
2025-09-17 20:00:00,3661.757,3672.021,3655.582,3669.169
2025-09-18 00:00:00,3669.131,3669.972,3651.826,3658.506
2025-09-18 04:00:00,3658.554,3659.852,3633.83,3659.024
2025-09-18 08:00:00,3658.899,3673.021,3653.644,3667.193
2025-09-18 12:00:00,3667.233,3672.447,3627.744,3641.315
2025-09-18 16:00:00,3641.346,3647.27,3640.506,3646.565
2025-09-18 20:00:00,3646.611,3647.257,3637.711,3640.239
2025-09-19 00:00:00,3640.242,3656.439,3632.203,3653.722
2025-09-19 04:00:00,3653.66,3661.294,3643.269,3653.945
2025-09-19 08:00:00,3653.874,3659.228,3645.676,3648.392
2025-09-19 12:00:00,3648.421,3676.032,3643.763,3670.811
2025-09-19 16:00:00,3670.71,3685.203,3666.602,3684.444
2025-09-19 20:00:00,3684.353,3685.053,3680.846,3684.861
2025-09-21 20:00:00,3687.969,3692.29,3683.776,3686.253
2025-09-22 00:00:00,3686.263,3697.484,3685.466,3695.448
2025-09-22 04:00:00,3695.419,3719.857,3690.108,3713.226
2025-09-22 08:00:00,3713.193,3728.318,3712.314,3724.606
2025-09-22 12:00:00,3724.643,3736.395,3712.03,3736.15
2025-09-22 16:00:00,3736.109,3748.793,3735.201,3747.626
2025-09-22 20:00:00,3747.592,3749.254,3738.273,3747.763
2025-09-23 00:00:00,3747.797,3759.305,3736.722,3746.477
2025-09-23 04:00:00,3746.489,3758.769,3743.065,3753.435
2025-09-23 08:00:00,3753.329,3791.084,3752.965,3783.475
2025-09-23 12:00:00,3783.52,3788.815,3767.654,3779.338
2025-09-23 16:00:00,3779.382,3785.704,3751.856,3764.28
2025-09-23 20:00:00,3764.251,3770.177,3761.561,3763.836
2025-09-24 00:00:00,3763.822,3771.839,3750.597,3765.454
2025-09-24 04:00:00,3765.422,3779.257,3763.218,3777.358
2025-09-24 08:00:00,3777.391,3777.75,3759.629,3768.903
2025-09-24 12:00:00,3768.958,3773.015,3739.614,3741.114
2025-09-24 16:00:00,3741.151,3745.225,3717.427,3730.032
2025-09-24 20:00:00,3730.098,3745.319,3729.941,3742.92
2025-09-25 00:00:00,3742.99,3751.539,3729.422,3736.578
2025-09-25 04:00:00,3736.581,3755.001,3731.73,3752.214
2025-09-25 08:00:00,3752.173,3761.648,3741.1,3753.056
2025-09-25 12:00:00,3753.018,3755.951,3721.931,3735.828
2025-09-25 16:00:00,3735.92,3758.296,3732.355,3746.523
2025-09-25 20:00:00,3746.56,3752.498,3738.051,3744.717
2025-09-26 00:00:00,3744.676,3753.344,3734.464,3745.435
2025-09-26 04:00:00,3745.474,3754.165,3739.207,3747.971
2025-09-26 08:00:00,3747.991,3755.206,3742.903,3748.706
2025-09-26 12:00:00,3748.662,3783.85,3746.53,3780.373
2025-09-26 16:00:00,3780.332,3783.204,3764.617,3766.731
2025-09-26 20:00:00,3766.762,3769.53,3760.05,3761.041
2025-09-28 20:00:00,3764.718,3772.495,3763.347,3766.899
2025-09-29 00:00:00,3766.858,3799.436,3763.935,3794.34
2025-09-29 04:00:00,3794.355,3819.874,3792.447,3806.343
2025-09-29 08:00:00,3806.381,3831.366,3806.381,3828.934
2025-09-29 12:00:00,3828.865,3833.22,3809.189,3830.351
2025-09-29 16:00:00,3830.345,3833.585,3822.605,3828.754
2025-09-29 20:00:00,3828.792,3834.0,3825.626,3832.835
2025-09-30 00:00:00,3832.89,3867.18,3831.092,3864.772
2025-09-30 04:00:00,3864.731,3871.7,3839.471,3843.811
2025-09-30 08:00:00,3843.843,3847.172,3793.113,3815.189
2025-09-30 12:00:00,3815.128,3854.543,3808.828,3839.035
2025-09-30 16:00:00,3839.001,3860.808,3837.779,3859.05
2025-09-30 20:00:00,3859.09,3863.062,3850.714,3862.927
2025-10-01 00:00:00,3862.94,3875.562,3855.514,3862.027
2025-10-01 04:00:00,3862.001,3879.88,3853.334,3879.199
2025-10-01 08:00:00,3879.237,3895.356,3878.059,3883.512
2025-10-01 12:00:00,3883.621,3891.122,3856.165,3868.424
2025-10-01 16:00:00,3868.393,3871.886,3854.868,3867.767
2025-10-01 20:00:00,3867.731,3867.883,3857.474,3863.518
2025-10-02 00:00:00,3863.475,3870.021,3852.832,3866.587
2025-10-02 04:00:00,3866.587,3874.894,3861.697,3868.558
2025-10-02 08:00:00,3868.459,3886.683,3864.587,3886.313
2025-10-02 12:00:00,3886.277,3897.154,3819.335,3828.364
2025-10-02 16:00:00,3828.316,3859.104,3827.173,3855.554
2025-10-02 20:00:00,3855.603,3863.804,3852.146,3862.41
2025-10-03 00:00:00,3862.365,3862.779,3838.019,3842.757
2025-10-03 04:00:00,3842.711,3865.313,3841.608,3864.228
2025-10-03 08:00:00,3864.196,3867.702,3854.689,3862.112
2025-10-03 12:00:00,3862.141,3891.669,3860.448,3889.44
2025-10-03 16:00:00,3889.474,3889.788,3876.883,3885.568
2025-10-03 20:00:00,3885.537,3887.228,3882.845,3887.045
2025-10-05 20:00:00,3888.624,3920.986,3884.034,3909.45
2025-10-06 00:00:00,3909.487,3932.041,3898.937,3929.569
2025-10-06 04:00:00,3929.584,3945.205,3922.377,3941.617
2025-10-06 08:00:00,3941.651,3949.64,3930.997,3938.294
2025-10-06 12:00:00,3938.256,3964.106,3926.472,3962.418
2025-10-06 16:00:00,3962.454,3970.01,3945.799,3959.451
2025-10-06 20:00:00,3959.415,3976.198,3957.397,3969.514
2025-10-07 00:00:00,3969.556,3977.475,3955.804,3973.365
2025-10-07 04:00:00,3973.409,3976.921,3943.305,3945.997
2025-10-07 08:00:00,3945.918,3969.161,3940.82,3967.02
2025-10-07 12:00:00,3966.967,3991.059,3961.817,3966.153
2025-10-07 16:00:00,3966.174,3987.71,3963.092,3980.127
2025-10-07 20:00:00,3980.174,3995.936,3980.174,3994.411
2025-10-08 00:00:00,3994.367,4016.535,3984.478,4014.641
2025-10-08 04:00:00,4014.688,4039.023,4014.683,4034.2
2025-10-08 08:00:00,4034.165,4049.665,4030.829,4038.007
2025-10-08 12:00:00,4037.971,4050.719,4026.342,4045.664
2025-10-08 16:00:00,4045.694,4059.321,4032.088,4044.942
2025-10-08 20:00:00,4044.914,4046.725,4001.204,4011.688
2025-10-09 00:00:00,4011.706,4036.3,4002.498,4026.783
2025-10-09 04:00:00,4026.72,4043.744,4022.631,4031.582
2025-10-09 08:00:00,4031.51,4046.757,4030.183,4044.488
2025-10-09 12:00:00,4044.45,4057.972,4003.929,4014.637
2025-10-09 16:00:00,4014.588,4021.757,3944.571,3973.033
2025-10-09 20:00:00,3973.087,3990.833,3958.514,3989.932
2025-10-10 00:00:00,3989.927,3994.427,3960.795,3961.963
2025-10-10 04:00:00,3961.934,3977.909,3946.94,3971.948
2025-10-10 08:00:00,3971.998,4006.76,3970.153,3987.181
2025-10-10 12:00:00,3987.207,4022.825,3970.604,3997.977
2025-10-10 16:00:00,3998.011,4021.387,3974.975,4011.206
2025-10-10 20:00:00,4011.247,4020.878,4005.67,4010.399
2025-10-12 20:00:00,4014.463,4060.232,4008.645,4035.147
2025-10-13 00:00:00,4035.195,4059.998,4024.3,4051.909
2025-10-13 04:00:00,4051.922,4078.206,4050.974,4071.176
2025-10-13 08:00:00,4071.111,4085.323,4069.026,4073.986
2025-10-13 12:00:00,4073.987,4107.412,4073.189,4104.946
2025-10-13 16:00:00,4104.908,4117.103,4090.701,4108.639
2025-10-13 20:00:00,4108.532,4132.068,4106.02,4128.045
2025-10-14 00:00:00,4128.091,4166.495,4119.622,4163.373
2025-10-14 04:00:00,4163.414,4179.744,4090.542,4126.283
2025-10-14 08:00:00,4126.236,4145.221,4121.823,4130.511
2025-10-14 12:00:00,4130.473,4142.764,4097.762,4137.989
2025-10-14 16:00:00,4138.03,4155.316,4127.9,4141.606
2025-10-14 20:00:00,4141.564,4167.144,4139.138,4161.613
2025-10-15 00:00:00,4161.574,4190.889,4153.849,4187.051
2025-10-15 04:00:00,4187.099,4209.799,4173.264,4207.69
2025-10-15 08:00:00,4207.732,4218.249,4164.75,4198.736
2025-10-15 12:00:00,4198.692,4212.361,4176.187,4190.267
2025-10-15 16:00:00,4190.285,4213.525,4182.548,4210.372
2025-10-15 20:00:00,4210.328,4215.901,4199.612,4209.458
2025-10-16 00:00:00,4209.491,4242.179,4204.95,4233.816
2025-10-16 04:00:00,4233.804,4239.454,4203.508,4230.593
2025-10-16 08:00:00,4230.521,4247.734,4222.062,4240.659
2025-10-16 12:00:00,4240.703,4276.073,4227.664,4273.385
2025-10-16 16:00:00,4273.438,4313.043,4261.316,4307.326
2025-10-16 20:00:00,4307.373,4380.074,4307.373,4365.805
2025-10-17 00:00:00,4365.763,4371.673,4278.793,4366.766
2025-10-17 04:00:00,4366.703,4378.578,4309.025,4342.299
2025-10-17 08:00:00,4342.408,4349.778,4286.685,4287.115
2025-10-17 12:00:00,4287.178,4320.263,4216.823,4237.478
2025-10-17 16:00:00,4237.54,4244.943,4186.194,4225.936
2025-10-17 20:00:00,4225.895,4252.702,4220.102,4250.936
2025-10-19 20:00:00,4264.629,4268.301,4233.246,4237.893
2025-10-20 00:00:00,4237.865,4271.286,4218.931,4264.725
2025-10-20 04:00:00,4264.681,4268.282,4221.442,4255.173
2025-10-20 08:00:00,4255.137,4279.738,4245.621,4279.281
2025-10-20 12:00:00,4279.241,4355.781,4272.727,4349.215
2025-10-20 16:00:00,4349.18,4381.58,4337.366,4378.166
2025-10-20 20:00:00,4378.211,4380.084,4346.475,4360.492
2025-10-21 00:00:00,4360.442,4372.296,4332.867,4346.556
2025-10-21 04:00:00,4346.596,4347.039,4293.421,4298.449
2025-10-21 08:00:00,4298.422,4301.786,4244.728,4253.325
2025-10-21 12:00:00,4253.353,4257.511,4080.817,4138.534
2025-10-21 16:00:00,4138.576,4143.856,4093.562,4108.77
2025-10-21 20:00:00,4108.82,4132.322,4090.142,4093.165
2025-10-22 00:00:00,4093.182,4143.143,4004.185,4128.674
2025-10-22 04:00:00,4128.682,4161.36,4107.536,4132.901
2025-10-22 08:00:00,4132.863,4135.863,4015.047,4027.778
2025-10-22 12:00:00,4027.805,4085.272,4010.942,4037.089
2025-10-22 16:00:00,4037.043,4113.704,4023.139,4102.378
2025-10-22 20:00:00,4102.333,4116.471,4080.517,4087.666
2025-10-23 00:00:00,4087.709,4100.761,4065.957,4091.173
2025-10-23 04:00:00,4091.195,4137.712,4079.656,4094.256
2025-10-23 08:00:00,4094.318,4125.442,4094.318,4109.614
2025-10-23 12:00:00,4109.581,4154.67,4100.14,4141.845
2025-10-23 16:00:00,4141.816,4148.643,4116.452,4118.289
2025-10-23 20:00:00,4118.333,4131.915,4105.847,4121.775
2025-10-24 00:00:00,4121.8,4144.291,4107.529,4122.38
2025-10-24 04:00:00,4122.262,4123.344,4069.547,4074.245
2025-10-24 08:00:00,4074.396,4077.862,4043.978,4061.284
2025-10-24 12:00:00,4061.371,4135.165,4059.819,4130.347
2025-10-24 16:00:00,4130.413,4138.622,4101.827,4103.999
2025-10-24 20:00:00,4104.036,4114.079,4096.254,4113.082
2025-10-26 20:00:00,4083.575,4109.217,4061.912,4064.458
2025-10-27 00:00:00,4064.532,4097.81,4058.108,4069.562
2025-10-27 04:00:00,4069.523,4084.782,4053.805,4068.619
2025-10-27 08:00:00,4068.588,4070.534,4015.396,4023.923
2025-10-27 12:00:00,4023.966,4050.275,3971.348,3989.93
2025-10-27 16:00:00,3990.039,4010.147,3983.978,3990.129
2025-10-27 20:00:00,3990.176,4004.562,3979.11,3998.476
2025-10-28 00:00:00,3998.379,4019.767,3973.043,3992.9
2025-10-28 04:00:00,3992.884,3994.255,3921.754,3932.43
2025-10-28 08:00:00,3932.477,3935.894,3886.535,3923.293
2025-10-28 12:00:00,3923.248,3969.611,3905.537,3964.813
2025-10-28 16:00:00,3964.724,3970.422,3945.144,3960.116
2025-10-28 20:00:00,3960.164,3967.841,3915.99,3964.818
2025-10-29 00:00:00,3964.838,3982.25,3944.199,3963.36
2025-10-29 04:00:00,3963.373,4001.586,3950.749,4001.329
2025-10-29 08:00:00,4001.294,4029.706,4000.436,4016.693
2025-10-29 12:00:00,4016.722,4030.262,3989.229,3992.986
2025-10-29 16:00:00,3993.009,4007.501,3927.91,3945.555
2025-10-29 20:00:00,3945.528,3954.231,3917.163,3952.812
2025-10-30 00:00:00,3952.798,3966.389,3915.334,3938.008
2025-10-30 04:00:00,3938.021,3982.403,3934.842,3961.32
2025-10-30 08:00:00,3961.411,4011.825,3960.16,3974.38
2025-10-30 12:00:00,3974.422,4014.838,3960.046,4001.938
2025-10-30 16:00:00,4001.9,4026.044,3991.38,4023.466
2025-10-30 20:00:00,4023.43,4046.422,4016.328,4036.658
2025-10-31 00:00:00,4036.633,4039.294,3991.125,3996.422
2025-10-31 04:00:00,3996.413,4025.306,3989.079,4021.041
2025-10-31 08:00:00,4021.002,4026.871,3998.795,4010.585
2025-10-31 12:00:00,4010.528,4036.257,4009.075,4012.804
2025-10-31 16:00:00,4012.734,4015.188,3972.406,4001.071
2025-10-31 20:00:00,4001.033,4006.709,3996.134,4001.621
2025-11-02 20:00:00,3990.719,3998.97,3977.946,3980.306
2025-11-03 00:00:00,3980.254,4015.527,3962.306,4011.114
2025-11-03 04:00:00,4011.168,4026.084,3997.685,4025.279
2025-11-03 08:00:00,4025.371,4027.835,3992.968,4007.563
2025-11-03 12:00:00,4007.556,4030.646,4001.707,4008.635
2025-11-03 16:00:00,4008.604,4013.492,3995.104,4004.71
2025-11-03 20:00:00,4004.67,4014.932,3980.963,3997.266
2025-11-04 00:00:00,3997.301,3999.348,3975.467,3994.564
2025-11-04 04:00:00,3994.525,3996.438,3966.773,3993.974
2025-11-04 08:00:00,3994.038,4000.711,3985.891,3995.182
2025-11-04 12:00:00,3995.22,3997.576,3928.81,3956.828
2025-11-04 16:00:00,3956.803,3975.778,3932.068,3937.435
2025-11-04 20:00:00,3937.45,3942.073,3930.398,3934.767
2025-11-05 00:00:00,3934.793,3965.358,3929.598,3960.874
2025-11-05 04:00:00,3960.841,3978.556,3959.739,3972.701
2025-11-05 08:00:00,3972.734,3987.091,3956.028,3966.917
2025-11-05 12:00:00,3966.874,3985.562,3962.24,3978.201
2025-11-05 16:00:00,3978.243,3990.543,3974.815,3987.809
2025-11-05 20:00:00,3987.838,3990.243,3966.726,3973.671
2025-11-06 00:00:00,3973.63,3990.439,3964.543,3987.556
2025-11-06 04:00:00,3987.517,4009.645,3982.206,4005.879
2025-11-06 08:00:00,4005.818,4019.609,4004.248,4018.182
2025-11-06 12:00:00,4018.044,4019.551,3975.197,3980.22
2025-11-06 16:00:00,3980.264,3995.281,3965.754,3985.395
2025-11-06 20:00:00,3985.35,3989.754,3974.354,3989.177
2025-11-07 00:00:00,3989.218,4003.402,3984.493,3990.445
2025-11-07 04:00:00,3990.413,4010.016,3985.363,4007.772
2025-11-07 08:00:00,4007.836,4014.195,3993.655,4002.861
2025-11-07 12:00:00,4002.935,4008.482,3984.058,3990.952
2025-11-07 16:00:00,3990.989,4027.628,3989.915,4006.838
2025-11-07 20:00:00,4006.811,4007.186,3994.315,4001.422
2025-11-09 20:00:00,4004.876,4012.265,4004.067,4011.834
2025-11-10 00:00:00,4011.87,4053.256,4011.132,4050.292
2025-11-10 04:00:00,4050.242,4079.165,4049.947,4075.19
2025-11-10 08:00:00,4075.143,4086.238,4071.595,4085.293
2025-11-10 12:00:00,4085.335,4105.911,4074.405,4084.555
2025-11-10 16:00:00,4084.509,4115.793,4081.921,4113.129
2025-11-10 20:00:00,4113.102,4122.693,4106.58,4119.955
2025-11-11 00:00:00,4119.992,4148.113,4116.195,4146.883
2025-11-11 04:00:00,4146.796,4148.862,4124.518,4129.671
2025-11-11 08:00:00,4129.622,4146.001,4128.805,4142.788
2025-11-11 12:00:00,4142.891,4146.67,4097.107,4106.638
2025-11-11 16:00:00,4106.671,4126.175,4105.046,4123.01
2025-11-11 20:00:00,4123.062,4144.677,4122.366,4142.683
2025-11-12 00:00:00,4142.574,4145.524,4111.79,4111.972
2025-11-12 04:00:00,4111.934,4125.318,4098.895,4116.963
2025-11-12 08:00:00,4116.94,4133.594,4112.133,4126.121
2025-11-12 12:00:00,4126.096,4185.704,4122.762,4181.468
2025-11-12 16:00:00,4181.381,4211.822,4180.097,4197.485
2025-11-12 20:00:00,4197.44,4208.175,4187.216,4191.097
2025-11-13 00:00:00,4191.055,4213.455,4179.898,4213.125
2025-11-13 04:00:00,4213.094,4220.091,4203.257,4219.942
2025-11-13 08:00:00,4219.896,4240.261,4218.874,4230.487
2025-11-13 12:00:00,4230.531,4245.297,4184.533,4202.539
2025-11-13 16:00:00,4202.509,4211.009,4145.366,4163.828
2025-11-13 20:00:00,4163.872,4186.674,4160.284,4185.865
2025-11-14 00:00:00,4185.908,4211.571,4173.688,4204.463
2025-11-14 04:00:00,4204.4,4205.843,4158.836,4181.008
2025-11-14 08:00:00,4180.973,4186.95,4130.777,4132.907
2025-11-14 12:00:00,4132.853,4140.501,4032.194,4093.474
2025-11-14 16:00:00,4093.53,4111.212,4080.789,4089.972
2025-11-14 20:00:00,4090.015,4092.359,4075.318,4084.609
2025-11-16 20:00:00,4083.755,4106.784,4071.875,4096.457
2025-11-17 00:00:00,4096.528,4102.076,4070.05,4082.921
2025-11-17 04:00:00,4082.897,4089.243,4049.643,4088.159
2025-11-17 08:00:00,4088.13,4095.987,4061.026,4078.456
2025-11-17 12:00:00,4078.493,4092.248,4060.617,4064.373
2025-11-17 16:00:00,4064.304,4081.082,4010.749,4011.229
2025-11-17 20:00:00,4011.258,4055.565,4006.827,4036.825
2025-11-18 00:00:00,4036.862,4045.052,4008.202,4013.285
2025-11-18 04:00:00,4013.316,4025.227,3998.037,4013.674
2025-11-18 08:00:00,4013.648,4050.503,4010.54,4039.406
2025-11-18 12:00:00,4039.374,4082.018,4029.089,4052.948
2025-11-18 16:00:00,4053.001,4082.06,4040.427,4081.051
2025-11-18 20:00:00,4081.089,4082.273,4064.865,4076.65
2025-11-19 00:00:00,4076.692,4080.659,4055.612,4066.989
2025-11-19 04:00:00,4066.883,4098.63,4064.406,4086.976
2025-11-19 08:00:00,4086.931,4119.173,4078.212,4112.9
2025-11-19 12:00:00,4112.803,4132.686,4090.012,4096.599
2025-11-19 16:00:00,4096.629,4098.612,4055.572,4073.651
2025-11-19 20:00:00,4073.603,4108.239,4065.574,4104.662
2025-11-20 00:00:00,4104.692,4110.341,4039.865,4072.378
2025-11-20 04:00:00,4072.427,4080.577,4054.032,4059.959
2025-11-20 08:00:00,4059.901,4072.779,4038.705,4060.789
2025-11-20 12:00:00,4060.823,4107.146,4060.084,4070.156
2025-11-20 16:00:00,4070.211,4087.312,4043.674,4084.652
2025-11-20 20:00:00,4084.615,4088.817,4072.924,4079.125
2025-11-21 00:00:00,4079.174,4081.423,4049.324,4056.197
2025-11-21 04:00:00,4056.16,4064.881,4024.81,4031.675
2025-11-21 08:00:00,4031.705,4063.621,4022.258,4036.588
2025-11-21 12:00:00,4036.553,4083.968,4034.758,4069.701
2025-11-21 16:00:00,4069.723,4101.312,4062.91,4087.587
2025-11-21 20:00:00,4087.621,4088.8,4054.468,4066.113
2025-11-23 20:00:00,4072.469,4077.701,4065.797,4075.117
2025-11-24 00:00:00,4075.148,4076.144,4040.582,4050.459
2025-11-24 04:00:00,4050.507,4067.62,4039.842,4060.001
2025-11-24 08:00:00,4059.9,4077.254,4059.552,4069.896
2025-11-24 12:00:00,4069.86,4093.905,4065.639,4091.741
2025-11-24 16:00:00,4091.791,4125.741,4088.005,4118.508
2025-11-24 20:00:00,4118.531,4144.405,4117.942,4143.81
2025-11-25 00:00:00,4143.802,4155.82,4122.524,4143.052
2025-11-25 04:00:00,4143.026,4152.125,4130.277,4132.529
2025-11-25 08:00:00,4132.614,4139.522,4109.156,4133.459
2025-11-25 12:00:00,4133.502,4150.868,4111.034,4123.13
2025-11-25 16:00:00,4123.092,4159.414,4122.107,4133.761
2025-11-25 20:00:00,4133.797,4138.419,4127.675,4133.73
2025-11-26 00:00:00,4133.737,4169.421,4132.595,4166.104
2025-11-26 04:00:00,4166.062,4168.638,4146.627,4157.237
2025-11-26 08:00:00,4157.352,4173.161,4154.696,4171.556
2025-11-26 12:00:00,4171.577,4173.595,4136.508,4165.246
2025-11-26 16:00:00,4165.286,4171.745,4157.951,4163.254
2025-11-26 20:00:00,4163.268,4168.944,4161.28,4165.012
2025-11-27 00:00:00,4164.965,4167.313,4144.145,4147.464
2025-11-27 04:00:00,4147.42,4162.288,4142.601,4160.009
2025-11-27 08:00:00,4160.059,4167.143,4148.261,4157.328
2025-11-27 12:00:00,4157.352,4161.86,4149.176,4158.056
2025-11-27 16:00:00,4158.005,4160.413,4151.443,4157.116
2025-11-27 20:00:00,4160.413,4164.01,4158.299,4163.431
2025-11-28 00:00:00,4163.371,4193.052,4163.093,4184.227
2025-11-28 04:00:00,4184.232,4188.862,4155.874,4174.631
2025-11-28 08:00:00,4174.635,4179.939,4147.529,4172.019
2025-11-28 12:00:00,4171.98,4208.978,4168.712,4203.639
2025-11-28 16:00:00,4203.609,4226.479,4197.605,4219.163
2025-11-30 20:00:00,4219.988,4225.308,4205.841,4221.933
2025-12-01 00:00:00,4221.906,4256.447,4218.245,4239.35
2025-12-01 04:00:00,4239.307,4246.989,4215.434,4245.32
2025-12-01 08:00:00,4245.286,4262.278,4238.44,4254.634
2025-12-01 12:00:00,4254.639,4264.532,4219.589,4232.518
2025-12-01 16:00:00,4232.589,4244.713,4223.127,4236.851
2025-12-01 20:00:00,4236.875,4241.542,4224.423,4227.7
2025-12-02 00:00:00,4227.704,4229.766,4191.183,4216.858
2025-12-02 04:00:00,4216.813,4226.316,4203.258,4213.307
2025-12-02 08:00:00,4213.386,4217.2,4180.945,4205.288
2025-12-02 12:00:00,4205.254,4230.859,4163.566,4169.426
2025-12-02 16:00:00,4169.474,4200.693,4166.874,4196.52
2025-12-02 20:00:00,4196.557,4216.236,4194.862,4212.876
2025-12-03 00:00:00,4212.913,4228.936,4204.339,4221.244
2025-12-03 04:00:00,4221.2,4225.428,4199.985,4206.453
2025-12-03 08:00:00,4206.5,4210.335,4194.48,4208.564
2025-12-03 12:00:00,4208.537,4241.579,4205.111,4216.342
2025-12-03 16:00:00,4216.307,4224.964,4195.225,4207.944
2025-12-03 20:00:00,4207.83,4212.701,4202.395,4207.165
2025-12-04 00:00:00,4207.102,4216.817,4187.241,4195.851
2025-12-04 04:00:00,4195.765,4199.101,4174.868,4193.744
2025-12-04 08:00:00,4193.713,4206.522,4183.686,4198.652
2025-12-04 12:00:00,4198.625,4213.586,4185.475,4207.52
2025-12-04 16:00:00,4207.493,4219.486,4199.599,4208.939
2025-12-04 20:00:00,4208.921,4210.381,4203.865,4206.079
2025-12-05 00:00:00,4206.077,4210.979,4194.824,4209.557
2025-12-05 04:00:00,4209.544,4230.701,4207.863,4224.363
2025-12-05 08:00:00,4224.409,4227.553,4215.909,4223.693
2025-12-05 12:00:00,4223.744,4259.24,4221.524,4243.48
2025-12-05 16:00:00,4243.536,4245.707,4198.651,4207.649
2025-12-05 20:00:00,4207.69,4207.844,4191.863,4198.522
2025-12-07 20:00:00,4202.426,4208.458,4189.804,4201.389
2025-12-08 00:00:00,4201.433,4213.415,4197.576,4210.017
2025-12-08 04:00:00,4210.051,4218.963,4204.603,4206.864
2025-12-08 08:00:00,4206.863,4216.531,4199.622,4208.383
2025-12-08 12:00:00,4208.438,4215.564,4176.137,4182.933
2025-12-08 16:00:00,4182.891,4197.891,4177.118,4187.057
2025-12-08 20:00:00,4187.017,4195.497,4184.898,4194.735
2025-12-09 00:00:00,4194.74,4198.844,4186.012,4194.538
2025-12-09 04:00:00,4194.523,4195.686,4170.097,4182.368
2025-12-09 08:00:00,4182.332,4213.14,4182.332,4202.976
2025-12-09 12:00:00,4203.024,4216.496,4189.416,4212.562
2025-12-09 16:00:00,4212.522,4221.526,4201.215,4212.577
2025-12-09 20:00:00,4212.54,4216.058,4207.159,4210.87
2025-12-10 00:00:00,4210.815,4218.778,4203.765,4206.3
2025-12-10 04:00:00,4206.378,4214.406,4201.77,4203.392
2025-12-10 08:00:00,4203.357,4206.613,4187.729,4197.216
2025-12-10 12:00:00,4197.311,4207.115,4188.957,4193.62
2025-12-10 16:00:00,4193.715,4219.896,4181.686,4216.405
2025-12-10 20:00:00,4216.372,4238.706,4211.013,4232.419
2025-12-11 00:00:00,4232.502,4247.762,4209.344,4216.788
2025-12-11 04:00:00,4216.738,4218.689,4204.316,4216.079
2025-12-11 08:00:00,4216.053,4225.931,4209.648,4211.174
2025-12-11 12:00:00,4211.197,4261.54,4205.192,4256.005
2025-12-11 16:00:00,4255.933,4285.959,4250.067,4273.621
2025-12-11 20:00:00,4273.598,4283.66,4264.227,4276.523
2025-12-12 00:00:00,4276.471,4280.202,4264.738,4270.609
2025-12-12 04:00:00,4270.591,4290.557,4266.085,4287.155
2025-12-12 08:00:00,4287.11,4339.355,4286.981,4336.432
2025-12-12 12:00:00,4336.503,4353.57,4283.082,4290.494
2025-12-12 16:00:00,4290.446,4303.627,4256.958,4296.552
2025-12-12 20:00:00,4296.527,4304.299,4288.403,4300.983
2025-12-14 20:00:00,4300.525,4308.411,4299.862,4302.391
2025-12-15 00:00:00,4302.431,4329.634,4300.055,4327.075
2025-12-15 04:00:00,4327.147,4347.599,4323.149,4339.349
2025-12-15 08:00:00,4339.305,4350.352,4335.333,4342.747
2025-12-15 12:00:00,4342.845,4348.46,4311.467,4318.307
2025-12-15 16:00:00,4318.339,4318.941,4285.18,4314.227
2025-12-15 20:00:00,4314.176,4314.501,4299.462,4304.15
2025-12-16 00:00:00,4304.132,4317.924,4280.571,4290.839
2025-12-16 04:00:00,4290.867,4292.283,4271.599,4287.643
2025-12-16 08:00:00,4287.577,4289.537,4273.752,4278.382
2025-12-16 12:00:00,4278.422,4335.137,4276.705,4319.805
2025-12-16 16:00:00,4319.758,4323.172,4291.064,4310.723
2025-12-16 20:00:00,4310.676,4314.383,4300.693,4307.86
2025-12-17 00:00:00,4307.905,4327.864,4307.375,4323.639
2025-12-17 04:00:00,4323.67,4342.53,4315.555,4317.827
2025-12-17 08:00:00,4317.798,4323.293,4306.453,4316.409
2025-12-17 12:00:00,4316.457,4349.297,4314.921,4330.188
2025-12-17 16:00:00,4330.239,4346.439,4320.312,4336.967
2025-12-17 20:00:00,4336.935,4346.328,4335.192,4339.201
2025-12-18 00:00:00,4339.15,4342.938,4324.2,4333.093
2025-12-18 04:00:00,4333.196,4337.74,4328.576,4331.418
2025-12-18 08:00:00,4331.379,4332.592,4320.584,4325.567
2025-12-18 12:00:00,4325.572,4343.102,4308.654,4338.221
2025-12-18 16:00:00,4338.265,4374.645,4321.657,4324.976
2025-12-18 20:00:00,4324.992,4338.159,4324.48,4335.144
2025-12-19 00:00:00,4335.17,4335.841,4309.221,4318.024
2025-12-19 04:00:00,4318.031,4329.539,4316.9,4322.756
2025-12-19 08:00:00,4322.716,4333.59,4321.09,4327.238
2025-12-19 12:00:00,4327.29,4349.049,4319.73,4347.8
2025-12-19 16:00:00,4347.773,4356.559,4341.968,4345.356
2025-12-19 20:00:00,4345.299,4346.355,4336.637,4339.365
2025-12-21 20:00:00,4340.979,4356.441,4339.944,4355.345
2025-12-22 00:00:00,4355.278,4394.991,4355.278,4392.633
2025-12-22 04:00:00,4392.672,4420.347,4391.329,4414.352
2025-12-22 08:00:00,4414.28,4415.95,4406.138,4410.272
2025-12-22 12:00:00,4410.206,4435.507,4406.157,4431.837
2025-12-22 16:00:00,4431.808,4442.3,4428.043,4433.487
2025-12-22 20:00:00,4433.449,4461.775,4431.723,4460.243
2025-12-23 00:00:00,4460.236,4497.83,4458.033,4486.863
2025-12-23 04:00:00,4486.824,4489.623,4469.518,4486.692
2025-12-23 08:00:00,4486.656,4494.149,4478.22,4493.501
2025-12-23 12:00:00,4493.464,4497.359,4430.559,4458.511
2025-12-23 16:00:00,4458.471,4496.326,4455.894,4490.86
2025-12-23 20:00:00,4490.896,4510.399,4483.568,4503.344
2025-12-24 00:00:00,4503.359,4525.969,4468.947,4493.138
2025-12-24 04:00:00,4493.164,4501.566,4483.44,4483.925
2025-12-24 08:00:00,4483.975,4499.899,4478.091,4491.476
2025-12-24 12:00:00,4491.512,4496.05,4448.294,4458.334
2025-12-24 16:00:00,4458.382,4487.611,4455.887,4480.715
2025-12-25 20:00:00,4486.193,4500.024,4484.435,4495.245
2025-12-26 00:00:00,4495.172,4531.332,4492.303,4501.836
2025-12-26 04:00:00,4501.73,4519.411,4500.527,4510.957
2025-12-26 08:00:00,4510.994,4523.858,4502.773,4509.647
2025-12-26 12:00:00,4509.611,4547.66,4503.845,4546.678
2025-12-26 16:00:00,4546.631,4550.188,4509.845,4523.772
2025-12-26 20:00:00,4523.8,4535.379,4521.822,4532.515
2025-12-28 20:00:00,4546.214,4548.5,4523.347,4527.184
2025-12-29 00:00:00,4527.21,4528.031,4472.242,4516.325
2025-12-29 04:00:00,4516.34,4519.516,4444.978,4474.592
2025-12-29 08:00:00,4474.713,4488.632,4434.21,4446.684
2025-12-29 12:00:00,4446.71,4467.761,4302.137,4325.318
2025-12-29 16:00:00,4325.282,4347.521,4314.714,4336.993
2025-12-29 20:00:00,4337.018,4347.18,4323.334,4345.645
2025-12-30 00:00:00,4345.585,4369.264,4324.41,4359.264
2025-12-30 04:00:00,4359.357,4383.566,4357.584,4372.569
2025-12-30 08:00:00,4372.625,4391.783,4350.137,4384.409
2025-12-30 12:00:00,4384.366,4404.262,4355.78,4365.096
2025-12-30 16:00:00,4365.132,4381.803,4337.569,4348.624
2025-12-30 20:00:00,4348.649,4355.571,4328.508,4338.922
2025-12-31 00:00:00,4338.977,4373.45,4332.467,4348.657
2025-12-31 04:00:00,4348.617,4351.395,4274.341,4331.108
2025-12-31 08:00:00,4331.079,4337.374,4303.336,4310.933
2025-12-31 12:00:00,4310.907,4353.617,4303.096,4337.274
2025-12-31 16:00:00,4337.321,4339.688,4307.289,4311.253
2025-12-31 20:00:00,4311.052,4324.445,4304.157,4318.847
2026-01-01 20:00:00,4328.34,4351.526,4327.673,4348.349
2026-01-02 00:00:00,4348.358,4375.846,4341.279,4375.173
2026-01-02 04:00:00,4375.13,4383.326,4370.946,4382.8
2026-01-02 08:00:00,4382.763,4399.384,4380.488,4392.898
2026-01-02 12:00:00,4392.891,4402.465,4330.24,4335.47
2026-01-02 16:00:00,4335.417,4337.401,4309.68,4318.185
2026-01-02 20:00:00,4318.228,4333.96,4317.152,4331.759
2026-01-04 20:00:00,4353.486,4375.927,4349.834,4372.57
2026-01-05 00:00:00,4372.597,4421.14,4370.227,4399.941
2026-01-05 04:00:00,4399.909,4426.559,4397.428,4421.826
2026-01-05 08:00:00,4421.868,4440.011,4411.073,4419.349
2026-01-05 12:00:00,4419.316,4455.697,4395.895,4448.524
2026-01-05 16:00:00,4448.487,4454.471,4432.261,4439.845
2026-01-05 20:00:00,4439.805,4460.29,4436.869,4440.334
2026-01-06 00:00:00,4440.426,4468.212,4427.675,4467.805
2026-01-06 04:00:00,4467.682,4474.275,4449.432,4459.479
2026-01-06 08:00:00,4459.501,4476.002,4442.565,4463.377
2026-01-06 12:00:00,4463.319,4490.968,4453.975,4478.351
2026-01-06 16:00:00,4478.32,4494.128,4471.616,4481.409
2026-01-06 20:00:00,4481.378,4500.541,4480.296,4493.223
2026-01-07 00:00:00,4493.308,4495.931,4459.455,4474.703
2026-01-07 04:00:00,4474.645,4476.083,4441.419,4461.273
2026-01-07 08:00:00,4461.183,4474.845,4446.584,4447.469
2026-01-07 12:00:00,4447.441,4455.125,4423.563,4446.078
2026-01-07 16:00:00,4446.044,4468.439,4443.91,4456.852
2026-01-07 20:00:00,4456.896,4464.17,4449.794,4463.418
2026-01-08 00:00:00,4463.439,4466.48,4433.334,4440.299
2026-01-08 04:00:00,4440.323,4440.571,4415.511,4431.056
2026-01-08 08:00:00,4430.976,4435.449,4419.832,4422.728
2026-01-08 12:00:00,4422.769,4456.536,4407.557,4454.15
2026-01-08 16:00:00,4454.191,4465.503,4444.332,4452.141
2026-01-08 20:00:00,4452.02,4484.203,4451.421,4475.597
2026-01-09 00:00:00,4475.632,4476.742,4452.819,4464.219
2026-01-09 04:00:00,4464.226,4477.388,4458.04,4470.23
2026-01-09 08:00:00,4470.267,4477.674,4463.971,4475.43
2026-01-09 12:00:00,4475.406,4517.18,4458.906,4512.272
2026-01-09 16:00:00,4512.371,4514.408,4482.001,4499.322
2026-01-09 20:00:00,4499.294,4511.179,4497.799,4509.075
2026-01-11 20:00:00,4517.918,4545.01,4517.918,4539.96
2026-01-12 00:00:00,4540.027,4601.22,4536.272,4570.658
2026-01-12 04:00:00,4570.695,4589.641,4563.516,4587.7
2026-01-12 08:00:00,4587.743,4599.354,4579.506,4585.272
2026-01-12 12:00:00,4585.261,4627.426,4578.449,4621.268
2026-01-12 16:00:00,4621.242,4630.183,4600.443,4611.105
2026-01-12 20:00:00,4611.138,4611.76,4577.934,4599.371
2026-01-13 00:00:00,4599.408,4599.717,4575.45,4594.166
2026-01-13 04:00:00,4594.125,4602.247,4573.281,4580.548
2026-01-13 08:00:00,4580.515,4597.225,4579.536,4588.503
2026-01-13 12:00:00,4588.599,4634.774,4577.847,4619.104
2026-01-13 16:00:00,4619.001,4620.796,4581.045,4597.503
2026-01-13 20:00:00,4597.539,4598.857,4569.234,4597.136
2026-01-14 00:00:00,4597.181,4630.088,4597.11,4628.238
2026-01-14 04:00:00,4628.316,4639.887,4617.789,4632.634
2026-01-14 08:00:00,4632.562,4639.668,4621.938,4630.328
2026-01-14 12:00:00,4630.34,4641.989,4599.335,4617.855
2026-01-14 16:00:00,4617.892,4643.164,4601.076,4639.223
2026-01-14 20:00:00,4639.221,4641.566,4602.84,4615.294
2026-01-15 00:00:00,4615.256,4618.187,4581.069,4592.282
2026-01-15 04:00:00,4592.258,4613.611,4580.995,4601.818
2026-01-15 08:00:00,4601.775,4623.032,4597.807,4619.132
2026-01-15 12:00:00,4619.184,4620.792,4582.0,4615.473
2026-01-15 16:00:00,4615.438,4624.902,4601.162,4615.794
2026-01-15 20:00:00,4615.908,4620.994,4600.756,4610.284
2026-01-16 00:00:00,4610.243,4611.358,4591.237,4596.491
2026-01-16 04:00:00,4596.353,4616.198,4593.851,4607.513
2026-01-16 08:00:00,4607.466,4616.152,4598.593,4612.471
2026-01-16 12:00:00,4612.51,4620.563,4536.729,4571.398
2026-01-16 16:00:00,4571.351,4599.058,4567.96,4590.572
2026-01-16 20:00:00,4590.587,4598.544,4580.874,4596.588
2026-01-18 20:00:00,4655.358,4690.7,4653.824,4672.573
2026-01-19 00:00:00,4672.63,4682.114,4653.138,4658.521
2026-01-19 04:00:00,4658.556,4679.037,4658.134,4665.186
2026-01-19 08:00:00,4665.14,4673.846,4659.587,4660.705
2026-01-19 12:00:00,4660.676,4676.059,4660.078,4674.329
2026-01-19 16:00:00,4674.283,4680.49,4667.059,4670.928
2026-01-19 20:00:00,4673.44,4673.595,4664.575,4665.406
2026-01-20 00:00:00,4665.371,4681.609,4659.455,4680.176
2026-01-20 04:00:00,4680.125,4722.775,4679.684,4716.168
2026-01-20 08:00:00,4716.195,4737.424,4714.966,4733.029
2026-01-20 12:00:00,4732.985,4751.171,4715.232,4737.495
2026-01-20 16:00:00,4737.464,4766.367,4729.064,4760.696
2026-01-20 20:00:00,4760.699,4781.083,4747.418,4775.878
2026-01-21 00:00:00,4775.829,4849.968,4770.751,4845.003
2026-01-21 04:00:00,4845.003,4888.495,4832.476,4855.166
2026-01-21 08:00:00,4855.142,4877.102,4851.529,4866.812
2026-01-21 12:00:00,4866.845,4880.975,4812.704,4847.815
2026-01-21 16:00:00,4847.861,4855.79,4755.85,4781.264
2026-01-21 20:00:00,4781.229,4839.807,4772.325,4778.381
2026-01-22 00:00:00,4778.317,4809.639,4772.208,4796.604
2026-01-22 04:00:00,4796.582,4838.815,4793.688,4832.684
2026-01-22 08:00:00,4832.659,4838.0,4813.895,4831.124
2026-01-22 12:00:00,4831.108,4873.721,4810.693,4871.71
2026-01-22 16:00:00,4871.756,4924.477,4868.085,4911.663
2026-01-22 20:00:00,4911.7,4960.587,4911.393,4958.972
2026-01-23 00:00:00,4959.011,4967.535,4936.266,4952.007
2026-01-23 04:00:00,4951.971,4967.307,4943.34,4944.413
2026-01-23 08:00:00,4944.349,4947.579,4899.542,4922.962
2026-01-23 12:00:00,4922.999,4963.375,4918.292,4960.584
2026-01-23 16:00:00,4960.611,4989.804,4958.231,4984.331
2026-01-23 20:00:00,4984.297,4989.05,4970.597,4988.337
2026-01-25 20:00:00,5019.847,5040.296,5003.575,5039.789
2026-01-26 00:00:00,5039.821,5093.104,5029.075,5076.541
2026-01-26 04:00:00,5076.643,5111.144,5052.31,5089.275
2026-01-26 08:00:00,5089.234,5098.657,5075.446,5091.438
2026-01-26 12:00:00,5091.406,5097.348,5054.528,5090.917
2026-01-26 16:00:00,5090.819,5105.153,5008.218,5028.697
2026-01-26 20:00:00,5028.662,5062.342,4989.632,5043.629
2026-01-27 00:00:00,5043.588,5079.843,5013.485,5076.871
2026-01-27 04:00:00,5076.808,5100.962,5057.336,5086.128
2026-01-27 08:00:00,5086.063,5099.601,5066.82,5076.734
2026-01-27 12:00:00,5076.702,5092.975,5046.496,5091.077
2026-01-27 16:00:00,5091.04,5103.13,5076.186,5098.926
2026-01-27 20:00:00,5098.952,5190.49,5097.854,5172.433
2026-01-28 00:00:00,5172.389,5247.78,5157.059,5235.049
2026-01-28 04:00:00,5234.986,5292.803,5232.359,5290.397
2026-01-28 08:00:00,5290.353,5311.542,5238.576,5261.638
2026-01-28 12:00:00,5261.7,5298.152,5235.248,5278.235
2026-01-28 16:00:00,5278.276,5332.236,5268.483,5325.429
2026-01-28 20:00:00,5325.374,5570.018,5320.898,5513.022
2026-01-29 00:00:00,5512.989,5551.669,5445.471,5545.769
2026-01-29 04:00:00,5545.731,5595.349,5516.108,5548.984
2026-01-29 08:00:00,5548.949,5554.941,5470.739,5522.666
2026-01-29 12:00:00,5522.639,5549.504,5094.978,5182.895
2026-01-29 16:00:00,5182.78,5375.46,5172.031,5305.702
2026-01-29 20:00:00,5305.771,5448.551,5282.791,5438.589
2026-01-30 00:00:00,5438.551,5450.946,5112.046,5196.573
2026-01-30 04:00:00,5196.535,5241.616,5117.625,5181.217
2026-01-30 08:00:00,5181.171,5181.171,4940.267,5136.072
2026-01-30 12:00:00,5136.1,5145.896,4980.398,5050.424
2026-01-30 16:00:00,5050.472,5051.665,4682.526,4932.661
2026-01-30 20:00:00,4932.701,4932.978,4809.015,4891.496
2026-02-01 20:00:00,4793.519,4819.788,4697.912,4741.422
2026-02-02 00:00:00,4741.564,4884.89,4585.331,4646.594
2026-02-02 04:00:00,4646.496,4713.487,4401.961,4587.175
2026-02-02 08:00:00,4587.237,4779.775,4561.542,4766.028
2026-02-02 12:00:00,4765.857,4812.462,4617.049,4619.977
2026-02-02 16:00:00,4620.053,4714.059,4596.499,4685.389
2026-02-02 20:00:00,4685.485,4775.102,4643.759,4774.148
2026-02-03 00:00:00,4774.235,4856.919,4745.469,4809.004
2026-02-03 04:00:00,4809.176,4933.738,4800.841,4917.095
2026-02-03 08:00:00,4917.165,4949.853,4883.513,4916.715
2026-02-03 12:00:00,4916.917,4950.953,4892.211,4935.318
2026-02-03 16:00:00,4935.437,4993.649,4880.34,4927.25
2026-02-03 20:00:00,4927.168,4972.01,4902.293,4947.236
2026-02-04 00:00:00,4947.389,5073.597,4945.697,5069.922
2026-02-04 04:00:00,5070.008,5091.39,5050.961,5084.685
2026-02-04 08:00:00,5084.601,5091.855,5013.489,5047.674
2026-02-04 12:00:00,5047.564,5063.527,4887.336,4920.489
2026-02-04 16:00:00,4920.112,4958.02,4852.203,4941.815
2026-02-04 20:00:00,4941.764,5023.771,4914.187,5012.195
2026-02-05 00:00:00,5012.269,5020.51,4788.571,4880.524
2026-02-05 04:00:00,4880.448,4940.979,4826.343,4915.076
2026-02-05 08:00:00,4915.205,4943.563,4847.247,4868.27
2026-02-05 12:00:00,4868.285,4877.993,4800.553,4817.668
2026-02-05 16:00:00,4817.565,4906.864,4812.275,4829.338
2026-02-05 20:00:00,4829.446,4843.154,4703.368,4703.768
2026-02-06 00:00:00,4703.682,4846.46,4655.213,4824.288
2026-02-06 04:00:00,4824.155,4903.302,4807.031,4841.047
2026-02-06 08:00:00,4840.992,4895.871,4829.588,4887.059
2026-02-06 12:00:00,4887.151,4964.721,4871.117,4943.389
2026-02-06 16:00:00,4943.562,4971.478,4921.855,4957.186
2026-02-06 20:00:00,4957.029,4968.285,4936.541,4968.145
2026-02-08 20:00:00,4967.633,5046.837,4964.697,5035.944
2026-02-09 00:00:00,5036.019,5044.905,4968.921,5016.251
2026-02-09 04:00:00,5016.188,5045.748,4997.244,5006.457
2026-02-09 08:00:00,5006.543,5040.932,4982.047,5010.686
2026-02-09 12:00:00,5010.957,5060.253,4994.983,5058.796
2026-02-09 16:00:00,5058.847,5080.696,5040.941,5074.58
2026-02-09 20:00:00,5074.643,5086.697,4987.309,5031.903
2026-02-10 00:00:00,5031.829,5056.44,5008.975,5029.982
2026-02-10 04:00:00,5030.086,5045.439,5011.132,5033.97
2026-02-10 08:00:00,5033.817,5063.008,5028.857,5055.911
2026-02-10 12:00:00,5055.876,5078.663,4998.72,5019.71
2026-02-10 16:00:00,5019.675,5040.058,5004.513,5028.069
2026-02-10 20:00:00,5028.027,5054.379,5020.116,5041.55
2026-02-11 00:00:00,5041.616,5061.003,5028.156,5054.498
2026-02-11 04:00:00,5054.497,5069.129,5043.371,5055.473
2026-02-11 08:00:00,5055.31,5116.804,5045.655,5111.59
2026-02-11 12:00:00,5111.667,5119.259,5019.052,5060.323
2026-02-11 16:00:00,5060.176,5098.948,5042.701,5082.107
2026-02-11 20:00:00,5082.023,5100.162,5053.004,5061.397
2026-02-12 00:00:00,5061.305,5074.64,5045.111,5056.963
2026-02-12 04:00:00,5056.99,5078.212,5046.966,5063.736
2026-02-12 08:00:00,5063.929,5080.985,5052.173,5063.966
2026-02-12 12:00:00,5064.017,5083.763,5039.03,5060.623
2026-02-12 16:00:00,5060.528,5068.304,4878.366,4945.686
2026-02-12 20:00:00,4945.604,4948.378,4887.646,4920.302
2026-02-13 00:00:00,4920.054,4991.736,4913.787,4981.499
2026-02-13 04:00:00,4981.466,4997.235,4944.863,4974.961
2026-02-13 08:00:00,4975.092,4989.519,4933.494,4953.992
2026-02-13 12:00:00,4954.01,5020.812,4951.886,4976.926
2026-02-13 16:00:00,4977.129,5046.075,4975.165,5023.534
2026-02-13 20:00:00,5023.653,5046.101,5021.243,5042.605
2026-02-15 20:00:00,5026.64,5032.237,5010.128,5019.914
2026-02-16 00:00:00,5019.874,5031.48,4975.014,4987.733
2026-02-16 04:00:00,4987.687,5009.954,4964.573,5007.321
2026-02-16 08:00:00,5007.519,5017.232,4995.736,5004.267
2026-02-16 12:00:00,5004.24,5008.096,4968.895,4979.735
2026-02-16 16:00:00,4979.707,4997.933,4972.936,4993.895
2026-02-16 20:00:00,4998.238,5000.719,4985.349,4989.986
2026-02-17 00:00:00,4989.899,4991.592,4922.83,4956.886
2026-02-17 04:00:00,4956.827,4960.363,4858.728,4917.021
2026-02-17 08:00:00,4917.0,4939.206,4907.59,4929.179
2026-02-17 12:00:00,4929.06,4944.351,4841.149,4878.263
2026-02-17 16:00:00,4878.366,4910.733,4849.915,4880.422
2026-02-17 20:00:00,4880.378,4887.009,4853.954,4859.523
2026-02-18 00:00:00,4859.221,4922.215,4858.455,4920.873
2026-02-18 04:00:00,4920.888,4942.324,4918.318,4930.324
2026-02-18 08:00:00,4930.402,4932.364,4906.242,4912.974
2026-02-18 12:00:00,4912.886,5008.998,4911.999,4997.843
2026-02-18 16:00:00,4998.086,5010.974,4972.896,4980.659
2026-02-18 20:00:00,4980.473,4988.664,4961.397,4976.255
2026-02-19 00:00:00,4976.015,4983.534,4960.446,4981.809
2026-02-19 04:00:00,4981.607,5021.927,4976.948,5010.363
2026-02-19 08:00:00,5010.29,5022.047,4977.99,4984.696
2026-02-19 12:00:00,4984.608,5022.336,4963.338,5013.708
2026-02-19 16:00:00,5013.792,5014.389,4975.075,4987.832
2026-02-19 20:00:00,4987.855,5007.89,4985.731,4987.7
2026-02-20 00:00:00,4987.764,5014.702,4981.699,4988.088
2026-02-20 04:00:00,4988.184,5030.141,4986.715,5006.527
2026-02-20 08:00:00,5006.606,5042.628,5005.104,5017.392
2026-02-20 12:00:00,5017.465,5064.009,4988.89,5042.506
2026-02-20 16:00:00,5042.431,5079.887,5038.405,5079.392
2026-02-20 20:00:00,5079.43,5108.031,5076.865,5105.809
2026-02-22 20:00:00,5111.637,5171.868,5108.785,5165.373
2026-02-23 00:00:00,5165.366,5176.67,5129.474,5166.851
2026-02-23 04:00:00,5166.838,5168.703,5124.932,5136.727
2026-02-23 08:00:00,5136.487,5163.447,5122.192,5149.884
2026-02-23 12:00:00,5149.793,5205.098,5141.232,5196.252
2026-02-23 16:00:00,5196.135,5219.089,5175.543,5215.605
2026-02-23 20:00:00,5215.628,5249.439,5214.887,5235.933
2026-02-24 00:00:00,5235.839,5238.095,5144.765,5171.972
2026-02-24 04:00:00,5171.898,5185.704,5156.125,5179.06
2026-02-24 08:00:00,5179.02,5181.856,5163.212,5172.835
2026-02-24 12:00:00,5172.793,5173.595,5093.319,5150.191
2026-02-24 16:00:00,5150.171,5170.116,5130.537,5154.063
2026-02-24 20:00:00,5154.169,5173.146,5127.569,5146.578
2026-02-25 00:00:00,5146.576,5193.907,5136.459,5182.161
2026-02-25 04:00:00,5182.014,5210.592,5171.775,5184.635
2026-02-25 08:00:00,5184.74,5197.169,5154.81,5181.284
2026-02-25 12:00:00,5181.193,5202.514,5158.59,5194.94
2026-02-25 16:00:00,5194.853,5217.614,5189.512,5205.091
2026-02-25 20:00:00,5204.868,5206.206,5145.78,5163.125
2026-02-26 00:00:00,5163.219,5198.089,5155.321,5192.676
2026-02-26 04:00:00,5192.386,5205.41,5179.502,5185.826
2026-02-26 08:00:00,5186.069,5190.786,5161.101,5164.456
2026-02-26 12:00:00,5164.689,5192.714,5130.47,5185.32
2026-02-26 16:00:00,5185.685,5193.965,5160.52,5187.105
2026-02-26 20:00:00,5187.023,5200.86,5175.472,5184.462
2026-02-27 00:00:00,5184.431,5199.716,5166.688,5184.068
2026-02-27 04:00:00,5183.971,5200.615,5175.545,5176.053
2026-02-27 08:00:00,5176.114,5185.375,5168.53,5185.375
2026-02-27 12:00:00,5185.45,5246.401,5182.884,5239.359
2026-02-27 16:00:00,5239.439,5257.624,5220.583,5250.08
2026-02-27 20:00:00,5250.155,5281.253,5248.624,5279.022
2026-03-01 20:00:00,5319.272,5393.371,5314.681,5386.916
2026-03-02 00:00:00,5386.641,5388.044,5303.109,5366.285
2026-03-02 04:00:00,5366.311,5419.03,5340.487,5407.874
2026-03-02 08:00:00,5407.709,5416.418,5375.016,5385.113
2026-03-02 12:00:00,5385.263,5416.358,5306.32,5316.053
2026-03-02 16:00:00,5315.968,5333.981,5260.224,5330.516
2026-03-02 20:00:00,5330.605,5346.94,5321.62,5345.688
2026-03-03 00:00:00,5345.693,5379.802,5332.635,5367.133
2026-03-03 04:00:00,5367.244,5375.551,5279.076,5327.461
2026-03-03 08:00:00,5327.358,5335.669,5072.9,5144.538
2026-03-03 12:00:00,5144.628,5226.551,4995.96,5095.336
2026-03-03 16:00:00,5095.25,5149.115,5065.087,5113.095
2026-03-03 20:00:00,5113.248,5130.413,5083.111,5125.056
2026-03-04 00:00:00,5125.116,5190.92,5105.702,5174.518
2026-03-04 04:00:00,5174.41,5180.726,5121.344,5168.182
2026-03-04 08:00:00,5168.275,5202.313,5147.193,5192.107
2026-03-04 12:00:00,5191.969,5205.974,5130.921,5151.399
2026-03-04 16:00:00,5151.515,5162.464,5108.62,5137.805
2026-03-04 20:00:00,5137.73,5165.859,5123.696,5164.962
2026-03-05 00:00:00,5164.887,5194.986,5159.516,5180.292
2026-03-05 04:00:00,5180.168,5186.736,5120.597,5162.056
2026-03-05 08:00:00,5162.122,5180.373,5137.536,5163.469
2026-03-05 12:00:00,5163.48,5171.576,5059.812,5102.457
2026-03-05 16:00:00,5102.438,5104.367,5050.681,5065.818
2026-03-05 20:00:00,5065.647,5101.747,5061.614,5086.266
2026-03-06 00:00:00,5086.068,5143.888,5066.057,5130.904
2026-03-06 04:00:00,5131.144,5136.121,5105.647,5119.458
2026-03-06 08:00:00,5119.525,5123.189,5062.475,5076.717
2026-03-06 12:00:00,5076.824,5171.645,5065.319,5141.881
2026-03-06 16:00:00,5141.817,5174.626,5125.862,5159.805
2026-03-06 20:00:00,5159.882,5176.565,5149.496,5174.067
2026-03-08 20:00:00,5178.794,5180.193,5044.202,5075.442
2026-03-09 00:00:00,5075.974,5102.437,5014.438,5091.221
2026-03-09 04:00:00,5091.088,5140.456,5080.803,5098.944
2026-03-09 08:00:00,5098.872,5132.503,5079.336,5088.049
2026-03-09 12:00:00,5087.997,5116.136,5060.618,5099.469
2026-03-09 16:00:00,5099.619,5143.981,5088.924,5141.033
2026-03-09 20:00:00,5141.112,5155.948,5117.827,5139.445
2026-03-10 00:00:00,5139.609,5187.112,5124.549,5157.679
2026-03-10 04:00:00,5157.473,5181.302,5154.498,5180.77
2026-03-10 08:00:00,5180.861,5195.112,5156.64,5174.907
2026-03-10 12:00:00,5175.084,5238.432,5162.55,5228.678
2026-03-10 16:00:00,5228.763,5235.576,5160.212,5198.804
2026-03-10 20:00:00,5198.657,5199.162,5182.833,5196.851
2026-03-11 00:00:00,5196.925,5223.041,5186.676,5203.349
2026-03-11 04:00:00,5203.055,5210.765,5184.365,5195.507
2026-03-11 08:00:00,5195.324,5198.412,5175.082,5180.983
2026-03-11 12:00:00,5181.124,5196.467,5149.167,5166.023
2026-03-11 16:00:00,5166.247,5183.188,5154.092,5182.97
2026-03-11 20:00:00,5182.885,5183.461,5129.795,5134.222
2026-03-12 00:00:00,5134.08,5175.152,5125.375,5152.927
2026-03-12 04:00:00,5153.009,5185.373,5137.024,5181.793
2026-03-12 08:00:00,5181.901,5191.657,5172.547,5178.779
2026-03-12 12:00:00,5178.864,5186.047,5109.486,5132.431
2026-03-12 16:00:00,5132.109,5137.954,5079.182,5084.796
2026-03-12 20:00:00,5084.72,5101.191,5054.751,5098.163
2026-03-13 00:00:00,5098.067,5128.363,5097.287,5115.304
2026-03-13 04:00:00,5115.599,5117.87,5071.729,5084.89
2026-03-13 08:00:00,5085.117,5107.729,5061.251,5107.366
2026-03-13 12:00:00,5107.275,5121.882,5031.64,5034.814
2026-03-13 16:00:00,5034.718,5063.926,5009.525,5016.41
2026-03-13 20:00:00,5016.494,5025.413,5012.205,5020.977
2026-03-15 20:00:00,5017.112,5030.407,4966.796,4997.507
2026-03-16 00:00:00,4997.434,5031.104,4982.525,5019.074
2026-03-16 04:00:00,5019.134,5036.013,4991.674,4995.23
2026-03-16 08:00:00,4995.312,5022.694,4970.011,4997.068
2026-03-16 12:00:00,4997.144,5038.067,4983.907,4986.963
2026-03-16 16:00:00,4986.936,5020.121,4973.936,5012.69
2026-03-16 20:00:00,5012.618,5021.612,4998.555,5012.795
2026-03-17 00:00:00,5012.899,5033.501,4994.53,5027.65
2026-03-17 04:00:00,5027.365,5044.474,5005.153,5021.081
2026-03-17 08:00:00,5021.039,5029.507,4991.665,5003.115
2026-03-17 12:00:00,5003.178,5031.492,4973.345,4997.823
2026-03-17 16:00:00,4998.045,5009.035,4991.524,5000.231
2026-03-17 20:00:00,5000.363,5006.424,4993.262,5002.75
2026-03-18 00:00:00,5002.803,5016.048,4986.231,4991.384
2026-03-18 04:00:00,4991.366,5016.311,4981.594,4995.045
2026-03-18 08:00:00,4994.685,4996.663,4924.849,4930.041
2026-03-18 12:00:00,4930.332,4932.313,4833.975,4862.535
2026-03-18 16:00:00,4862.609,4899.29,4838.097,4843.007
2026-03-18 20:00:00,4842.961,4848.327,4804.247,4836.86
2026-03-19 00:00:00,4836.657,4866.892,4832.656,4850.956
2026-03-19 04:00:00,4850.895,4853.715,4727.077,4727.808
2026-03-19 08:00:00,4728.013,4740.325,4650.613,4652.225
2026-03-19 12:00:00,4651.867,4653.936,4502.61,4596.521
2026-03-19 16:00:00,4596.365,4663.389,4573.683,4644.022
2026-03-19 20:00:00,4643.664,4677.032,4634.231,4643.703
2026-03-20 00:00:00,4643.631,4735.802,4639.284,4725.57
2026-03-20 04:00:00,4725.669,4727.605,4661.258,4706.147
2026-03-20 08:00:00,4706.228,4734.746,4636.927,4671.624
2026-03-20 12:00:00,4671.741,4695.521,4540.416,4553.17
2026-03-20 16:00:00,4553.323,4613.753,4477.057,4501.417
2026-03-20 20:00:00,4501.593,4514.556,4493.411,4497.479
2026-03-22 20:00:00,4477.751,4536.1,4449.511,4464.724
2026-03-23 00:00:00,4464.563,4473.179,4319.487,4352.986
2026-03-23 04:00:00,4352.913,4381.604,4098.357,4204.099
2026-03-23 08:00:00,4204.149,4463.418,4202.958,4379.12
2026-03-23 12:00:00,4378.812,4512.782,4336.637,4363.649
2026-03-23 16:00:00,4363.582,4467.074,4352.407,4397.762
2026-03-23 20:00:00,4397.675,4448.021,4361.373,4441.191
2026-03-24 00:00:00,4441.133,4446.587,4305.617,4347.179
2026-03-24 04:00:00,4346.924,4432.388,4319.453,4417.077
2026-03-24 08:00:00,4416.949,4442.108,4375.204,4407.617
2026-03-24 12:00:00,4407.714,4433.862,4351.461,4411.557
2026-03-24 16:00:00,4411.696,4427.622,4372.129,4400.157
2026-03-24 20:00:00,4400.392,4551.356,4397.239,4546.757
2026-03-25 00:00:00,4546.67,4602.458,4537.33,4570.152
2026-03-25 04:00:00,4570.157,4574.686,4533.157,4539.389
2026-03-25 08:00:00,4539.476,4585.701,4527.474,4578.795
2026-03-25 12:00:00,4578.744,4583.83,4522.03,4559.113
2026-03-25 16:00:00,4559.056,4569.031,4486.821,4530.658
2026-03-25 20:00:00,4530.594,4542.058,4488.884,4498.103
2026-03-26 00:00:00,4498.351,4544.567,4498.122,4516.446
2026-03-26 04:00:00,4516.5,4524.097,4415.73,4452.742
2026-03-26 08:00:00,4452.531,4459.249,4412.354,4423.15
2026-03-26 12:00:00,4423.194,4479.502,4416.248,4438.118
2026-03-26 16:00:00,4438.071,4442.828,4359.008,4364.039
2026-03-26 20:00:00,4363.973,4420.705,4350.95,4404.911
2026-03-27 00:00:00,4404.958,4446.168,4375.187,4437.392
2026-03-27 04:00:00,4437.553,4475.324,4431.378,4447.634
2026-03-27 08:00:00,4447.529,4450.947,4404.209,4419.818
2026-03-27 12:00:00,4419.871,4555.421,4412.674,4523.995
2026-03-27 16:00:00,4524.058,4533.849,4486.289,4514.485
2026-03-27 20:00:00,4514.543,4520.336,4490.79,4495.377
2026-03-29 20:00:00,4511.704,4513.9,4443.776,4448.566
2026-03-30 00:00:00,4448.666,4517.59,4418.467,4496.149
2026-03-30 04:00:00,4495.938,4550.588,4486.177,4527.204
2026-03-30 08:00:00,4527.084,4580.694,4523.704,4559.383
2026-03-30 12:00:00,4559.444,4578.606,4512.119,4548.401
2026-03-30 16:00:00,4548.345,4549.647,4492.993,4513.621
2026-03-30 20:00:00,4513.548,4523.756,4492.358,4513.571
2026-03-31 00:00:00,4513.54,4619.464,4482.562,4556.941
2026-03-31 04:00:00,4556.946,4581.748,4543.2,4564.411
2026-03-31 08:00:00,4564.492,4593.107,4529.263,4582.116
2026-03-31 12:00:00,4582.32,4630.188,4567.818,4609.586
2026-03-31 16:00:00,4609.528,4685.67,4606.87,4682.776
2026-03-31 20:00:00,4682.714,4699.99,4661.87,4696.42
2026-04-01 00:00:00,4696.362,4724.207,4678.219,4681.965
2026-04-01 04:00:00,4682.039,4747.67,4667.099,4712.892
2026-04-01 08:00:00,4712.969,4762.899,4710.449,4752.159
2026-04-01 12:00:00,4752.104,4788.333,4715.923,4786.549
2026-04-01 16:00:00,4786.655,4792.885,4741.975,4766.131
2026-04-01 20:00:00,4765.832,4800.288,4754.038,4784.149
2026-04-02 00:00:00,4784.22,4798.722,4650.353,4676.232
2026-04-02 04:00:00,4676.194,4681.464,4553.758,4642.794
2026-04-02 08:00:00,4642.739,4648.858,4592.684,4599.953
2026-04-02 12:00:00,4599.95,4699.823,4580.323,4660.855
2026-04-02 16:00:00,4660.917,4681.772,4642.724,4672.084
2026-04-02 20:00:00,4672.145,4676.952,4664.388,4675.248
2026-04-05 20:00:00,4662.786,4662.786,4605.062,4610.601
2026-04-06 00:00:00,4610.685,4671.739,4600.547,4640.471
2026-04-06 04:00:00,4640.483,4688.617,4639.913,4684.819
2026-04-06 08:00:00,4684.75,4706.668,4677.027,4677.876
2026-04-06 12:00:00,4677.935,4697.655,4652.008,4668.123
2026-04-06 16:00:00,4668.204,4672.572,4645.399,4655.301
2026-04-06 20:00:00,4655.267,4667.769,4649.109,4658.85
2026-04-07 00:00:00,4658.955,4664.174,4616.266,4649.663
2026-04-07 04:00:00,4649.489,4664.251,4622.779,4645.856
2026-04-07 08:00:00,4646.159,4694.584,4628.627,4659.776
2026-04-07 12:00:00,4659.862,4670.777,4607.254,4655.601
2026-04-07 16:00:00,4655.482,4718.702,4652.411,4700.621
2026-04-07 20:00:00,4700.684,4836.35,4697.178,4833.203
2026-04-08 00:00:00,4833.471,4857.34,4788.013,4797.596
2026-04-08 04:00:00,4797.615,4843.822,4790.052,4813.413
2026-04-08 08:00:00,4813.481,4819.841,4770.987,4798.457
2026-04-08 12:00:00,4798.509,4807.082,4732.165,4756.462
2026-04-08 16:00:00,4756.609,4765.618,4699.492,4730.439
2026-04-08 20:00:00,4730.529,4732.601,4704.566,4715.52
2026-04-09 00:00:00,4715.678,4732.955,4698.134,4711.444
2026-04-09 04:00:00,4711.554,4731.242,4703.348,4724.228
2026-04-09 08:00:00,4724.325,4757.459,4719.871,4756.362
2026-04-09 12:00:00,4756.426,4797.98,4734.854,4792.875
2026-04-09 16:00:00,4792.938,4801.202,4766.847,4768.865
2026-04-09 20:00:00,4768.923,4779.317,4757.005,4763.591
2026-04-10 00:00:00,4763.654,4777.119,4737.858,4766.321
2026-04-10 04:00:00,4766.45,4770.84,4741.21,4749.724
2026-04-10 08:00:00,4749.802,4768.949,4730.601,4768.056
2026-04-10 12:00:00,4768.276,4795.16,4754.924,4761.992
2026-04-10 16:00:00,4762.195,4773.273,4747.379,4759.735
2026-04-10 20:00:00,4759.78,4759.986,4740.855,4749.32
2026-04-12 20:00:00,4670.253,4685.152,4644.106,4671.255
2026-04-13 00:00:00,4671.339,4728.11,4664.642,4718.12
2026-04-13 04:00:00,4718.248,4740.049,4708.422,4733.772
2026-04-13 08:00:00,4733.795,4738.595,4703.374,4706.779
2026-04-13 12:00:00,4706.937,4744.721,4700.207,4714.469
2026-04-13 16:00:00,4714.323,4749.903,4709.302,4741.169
2026-04-13 20:00:00,4741.166,4765.958,4738.185,4757.364
2026-04-14 00:00:00,4757.642,4777.266,4751.512,4768.232
2026-04-14 04:00:00,4768.206,4796.392,4757.958,4777.093
2026-04-14 08:00:00,4776.977,4789.836,4751.773,4775.028
2026-04-14 12:00:00,4775.068,4818.009,4762.105,4808.019
2026-04-14 16:00:00,4808.209,4846.197,4804.883,4844.608
2026-04-14 20:00:00,4844.678,4850.578,4833.33,4836.91
2026-04-15 00:00:00,4836.967,4871.29,4816.811,4824.042
2026-04-15 04:00:00,4824.033,4830.45,4803.936,4811.002
2026-04-15 08:00:00,4810.905,4821.061,4786.07,4812.637
2026-04-15 12:00:00,4812.549,4830.631,4786.713,4801.779
2026-04-15 16:00:00,4801.599,4812.745,4789.954,4795.93
2026-04-15 20:00:00,4795.989,4826.601,4787.731,4823.547
2026-04-16 00:00:00,4823.203,4837.544,4811.195,4824.153
2026-04-16 04:00:00,4824.153,4838.319,4814.119,4821.189
2026-04-16 08:00:00,4821.178,4822.516,4804.992,4822.151
2026-04-16 12:00:00,4822.086,4823.868,4772.907,4806.736
2026-04-16 16:00:00,4806.671,4810.205,4781.352,4793.716
2026-04-16 20:00:00,4793.611,4797.765,4786.284,4791.644
2026-04-17 00:00:00,4791.552,4801.181,4767.561,4793.397
2026-04-17 04:00:00,4793.339,4806.312,4778.642,4784.453
2026-04-17 08:00:00,4784.439,4811.712,4780.846,4799.193
2026-04-17 12:00:00,4799.258,4889.686,4797.573,4867.484
2026-04-17 16:00:00,4867.393,4873.494,4852.699,4854.554
2026-04-17 20:00:00,4854.649,4855.164,4830.594,4832.882
2026-04-19 20:00:00,4774.48,4795.276,4736.757,4755.183
2026-04-20 00:00:00,4755.285,4814.333,4744.969,4790.948
2026-04-20 04:00:00,4791.011,4805.577,4779.465,4789.633
2026-04-20 08:00:00,4789.719,4810.832,4783.327,4810.288
2026-04-20 12:00:00,4810.23,4827.589,4792.33,4799.614
2026-04-20 16:00:00,4799.844,4821.458,4792.717,4814.123
2026-04-20 20:00:00,4814.138,4833.095,4812.146,4821.563
2026-04-21 00:00:00,4821.611,4830.532,4792.426,4797.252
2026-04-21 04:00:00,4797.04,4797.761,4772.668,4786.069
2026-04-21 08:00:00,4786.134,4797.993,4774.536,4794.697
2026-04-21 12:00:00,4794.61,4796.965,4723.398,4741.446
2026-04-21 16:00:00,4741.452,4746.791,4668.17,4679.204
2026-04-21 20:00:00,4679.298,4740.434,4668.715,4737.924
2026-04-22 00:00:00,4738.061,4765.045,4735.85,4758.242
2026-04-22 04:00:00,4758.289,4772.287,4752.163,4760.633
2026-04-22 08:00:00,4760.64,4762.476,4745.696,4750.547
2026-04-22 12:00:00,4750.335,4760.813,4724.919,4727.73
2026-04-22 16:00:00,4727.815,4749.662,4723.827,4739.995
2026-04-22 20:00:00,4740.215,4745.76,4723.353,4727.939
2026-04-23 00:00:00,4728.005,4753.764,4694.007,4703.895
2026-04-23 04:00:00,4703.805,4721.211,4692.157,4718.977
2026-04-23 08:00:00,4719.008,4724.812,4684.142,4720.416
2026-04-23 12:00:00,4720.479,4743.101,4716.381,4720.358
2026-04-23 16:00:00,4720.469,4736.939,4664.031,4696.031
2026-04-23 20:00:00,4695.865,4700.542,4686.376,4695.224
2026-04-24 00:00:00,4695.297,4711.137,4668.597,4672.171
2026-04-24 04:00:00,4672.046,4695.224,4657.657,4694.285
2026-04-24 08:00:00,4694.337,4717.39,4674.631,4706.672
2026-04-24 12:00:00,4706.752,4740.324,4689.518,4727.046
2026-04-24 16:00:00,4727.014,4730.011,4713.589,4716.572
2026-04-24 20:00:00,4716.527,4717.438,4705.247,4708.409
2026-04-26 20:00:00,4696.068,4699.827,4674.842,4680.054
2026-04-27 00:00:00,4680.118,4729.309,4672.02,4724.08
2026-04-27 04:00:00,4723.909,4730.124,4708.684,4713.355
2026-04-27 08:00:00,4713.188,4714.611,4699.281,4704.635
2026-04-27 12:00:00,4704.826,4712.477,4666.995,4670.131
2026-04-27 16:00:00,4670.103,4686.232,4667.116,4680.568
2026-04-27 20:00:00,4680.625,4695.085,4677.292,4692.035
2026-04-28 00:00:00,4692.097,4701.388,4666.315,4670.943
2026-04-28 04:00:00,4670.886,4671.315,4620.609,4633.0
2026-04-28 08:00:00,4633.219,4635.305,4555.292,4562.459
2026-04-28 12:00:00,4562.681,4600.131,4554.677,4586.27
2026-04-28 16:00:00,4586.359,4601.513,4577.96,4595.731
2026-04-28 20:00:00,4595.673,4599.516,4587.849,4595.762
2026-04-29 00:00:00,4595.717,4610.188,4575.786,4595.207
2026-04-29 04:00:00,4595.267,4607.683,4567.124,4567.95
2026-04-29 08:00:00,4568.043,4580.946,4551.404,4561.74
2026-04-29 12:00:00,4561.452,4568.921,4510.099,4547.852
2026-04-29 16:00:00,4547.794,4564.972,4517.951,4547.032
2026-04-29 20:00:00,4546.938,4562.086,4539.271,4561.717
2026-04-30 00:00:00,4561.621,4582.525,4555.5,4556.017
2026-04-30 04:00:00,4555.991,4605.493,4540.766,4598.212
2026-04-30 08:00:00,4598.271,4646.985,4597.267,4629.938
2026-04-30 12:00:00,4629.998,4646.064,4609.1,4615.249
2026-04-30 16:00:00,4615.391,4627.462,4605.159,4617.011
2026-04-30 20:00:00,4617.07,4634.006,4615.465,4626.341
2026-05-01 00:00:00,4626.429,4635.972,4613.727,4626.758
2026-05-01 04:00:00,4626.825,4628.871,4575.937,4578.283
2026-05-01 08:00:00,4578.326,4582.647,4559.759,4578.746
2026-05-01 12:00:00,4578.619,4660.228,4574.707,4643.232
2026-05-01 16:00:00,4642.964,4650.139,4608.813,4610.663
2026-05-01 20:00:00,4610.589,4617.066,4606.98,4613.396
2026-05-03 20:00:00,4625.982,4629.33,4611.106,4613.764
2026-05-04 00:00:00,4613.93,4618.557,4591.039,4614.94
2026-05-04 04:00:00,4614.988,4615.493,4577.905,4579.056
2026-05-04 08:00:00,4579.074,4584.43,4525.715,4560.144
2026-05-04 12:00:00,4560.222,4583.355,4512.13,4521.488
2026-05-04 16:00:00,4521.394,4531.698,4500.602,4517.782
2026-05-04 20:00:00,4517.628,4524.272,4511.635,4518.866
2026-05-05 00:00:00,4519.021,4546.826,4513.422,4534.614
2026-05-05 04:00:00,4534.577,4558.4,4527.957,4545.49
2026-05-05 08:00:00,4545.514,4564.93,4539.704,4562.76
2026-05-05 12:00:00,4562.541,4586.718,4554.233,4568.633
2026-05-05 16:00:00,4568.578,4569.08,4551.615,4554.677
2026-05-05 20:00:00,4554.737,4595.796,4546.18,4593.801
2026-05-06 00:00:00,4593.761,4652.115,4588.283,4643.892
2026-05-06 04:00:00,4643.754,4681.797,4643.402,4681.662
2026-05-06 08:00:00,4681.494,4723.017,4671.471,4692.05
2026-05-06 12:00:00,4692.125,4717.368,4660.057,4687.917
2026-05-06 16:00:00,4687.781,4700.111,4678.721,4692.249
2026-05-06 20:00:00,4692.196,4699.744,4685.006,4698.855
2026-05-07 00:00:00,4698.977,4721.282,4685.204,4699.239
2026-05-07 04:00:00,4699.177,4750.672,4692.238,4743.196
2026-05-07 08:00:00,4743.273,4753.369,4721.565,4742.595
2026-05-07 12:00:00,4742.76,4764.782,4726.087,4729.076
2026-05-07 16:00:00,4729.147,4729.759,4687.352,4703.091
2026-05-07 20:00:00,4703.153,4719.218,4681.762,4704.064
2026-05-08 00:00:00,4703.996,4732.777,4693.892,4719.697
2026-05-08 04:00:00,4719.755,4734.604,4697.128,4708.033
2026-05-08 08:00:00,4708.035,4728.025,4706.589,4717.759
2026-05-08 12:00:00,4717.715,4749.575,4701.753,4707.144
2026-05-08 16:00:00,4706.983,4729.004,4705.503,4723.789
2026-05-08 20:00:00,4723.858,4724.334,4714.357,4715.309
2026-05-10 20:00:00,4691.841,4698.539,4678.931,4691.675
2026-05-11 00:00:00,4691.609,4705.396,4669.937,4678.811
2026-05-11 04:00:00,4678.531,4680.813,4648.189,4667.703
2026-05-11 08:00:00,4667.627,4678.613,4650.313,4674.327
2026-05-11 12:00:00,4674.617,4748.571,4667.356,4731.857
2026-05-11 16:00:00,4732.221,4736.398,4707.731,4733.348
2026-05-11 20:00:00,4733.275,4770.005,4729.662,4767.591
2026-05-12 00:00:00,4767.215,4773.652,4717.916,4720.297
2026-05-12 04:00:00,4720.275,4730.32,4686.483,4699.927
2026-05-12 08:00:00,4699.864,4709.371,4685.108,4706.734
2026-05-12 12:00:00,4706.802,4711.679,4637.982,4666.172
2026-05-12 16:00:00,4665.936,4715.876,4664.084,4715.486
2026-05-12 20:00:00,4715.723,4723.773,4711.518,4716.694
2026-05-13 00:00:00,4716.95,4727.045,4687.64,4695.934
2026-05-13 04:00:00,4695.751,4715.196,4693.434,4702.945
2026-05-13 08:00:00,4702.885,4710.509,4685.854,4697.206
2026-05-13 12:00:00,4697.266,4701.47,4669.361,4695.3
2026-05-13 16:00:00,4695.384,4709.995,4677.4,4688.062
2026-05-13 20:00:00,4688.165,4702.281,4685.809,4696.689
2026-05-14 00:00:00,4696.333,4706.985,4673.847,4674.804
2026-05-14 04:00:00,4674.89,4718.881,4667.96,4693.217
2026-05-14 08:00:00,4693.28,4706.482,4688.365,4694.365
2026-05-14 12:00:00,4694.067,4709.985,4666.469,4685.984
2026-05-14 16:00:00,4685.629,4686.973,4652.995,4654.331
2026-05-14 20:00:00,4654.112,4665.332,4644.191,4652.328
2026-05-15 00:00:00,4652.404,4658.214,4607.033,4615.288
2026-05-15 04:00:00,4615.337,4621.745,4556.169,4570.618
2026-05-15 08:00:00,4570.608,4572.556,4531.722,4552.089
2026-05-15 12:00:00,4552.058,4566.452,4511.162,4539.779
2026-05-15 16:00:00,4539.835,4564.435,4529.316,4545.942
2026-05-15 20:00:00,4545.878,4546.447,4532.952,4539.766
2026-05-17 20:00:00,4538.378,4554.832,4531.793,4537.191
2026-05-18 00:00:00,4536.965,4547.975,4480.265,4541.035
2026-05-18 04:00:00,4541.266,4560.045,4529.657,4546.07
2026-05-18 08:00:00,4546.015,4567.029,4529.711,4550.691
2026-05-18 12:00:00,4550.757,4584.345,4531.509,4543.455
2026-05-18 16:00:00,4543.738,4565.006,4533.964,4558.429
2026-05-18 20:00:00,4558.486,4588.977,4557.658,4581.862
2026-05-19 00:00:00,4581.926,4589.369,4543.543,4545.036
2026-05-19 04:00:00,4544.963,4559.217,4530.657,4556.948
2026-05-19 08:00:00,4557.021,4559.147,4525.35,4530.785
2026-05-19 12:00:00,4530.84,4546.986,4464.373,4508.229
2026-05-19 16:00:00,4508.586,4512.489,4481.071,4483.498
2026-05-19 20:00:00,4483.398,4496.173,4477.34,4489.452
2026-05-20 00:00:00,4489.396,4509.021,4453.399,4463.542
2026-05-20 04:00:00,4463.487,4485.953,4456.481,4478.473
2026-05-20 08:00:00,4478.429,4501.186,4472.513,4498.918
2026-05-20 12:00:00,4498.896,4553.062,4466.949,4529.177
2026-05-20 16:00:00,4529.237,4550.411,4523.915,4545.851
2026-05-20 20:00:00,4545.796,4550.392,4534.735,4546.321
2026-05-21 00:00:00,4546.372,4570.947,4527.052,4528.065
2026-05-21 04:00:00,4528.303,4540.673,4511.588,4519.742
2026-05-21 08:00:00,4519.861,4543.016,4504.712,4513.918
2026-05-21 12:00:00,4513.998,4521.101,4488.377,4511.68
2026-05-21 16:00:00,4512.031,4559.319,4511.793,4542.905
2026-05-21 20:00:00,4543.005,4545.986,4532.411,4535.299
2026-05-22 00:00:00,4535.552,4540.956,4518.523,4529.304
2026-05-22 04:00:00,4529.361,4534.298,4507.198,4521.76
2026-05-22 08:00:00,4521.834,4536.851,4510.059,4520.719
2026-05-22 12:00:00,4520.64,4535.88,4491.538,4520.156
2026-05-22 16:00:00,4519.806,4527.963,4504.157,4508.348
2026-05-22 20:00:00,4508.154,4510.282,4504.336,4507.776
2026-05-24 20:00:00,4545.372,4579.984,4543.319,4567.183
2026-05-25 00:00:00,4567.126,4579.774,4556.473,4559.865
2026-05-25 04:00:00,4559.792,4566.17,4550.32,4564.58
2026-05-25 08:00:00,4564.58,4576.961,4553.179,4569.527
2026-05-25 12:00:00,4569.47,4574.713,4552.728,4570.957
2026-05-25 16:00:00,4571.001,4578.131,4563.204,4570.572
2026-05-25 20:00:00,4571.428,4580.395,4554.991,4559.694
2026-05-26 00:00:00,4559.691,4560.242,4527.706,4542.437
2026-05-26 04:00:00,4542.098,4543.108,4521.521,4538.023
2026-05-26 08:00:00,4538.108,4540.64,4503.453,4507.17
2026-05-26 12:00:00,4507.183,4531.294,4500.517,4506.587
2026-05-26 16:00:00,4506.659,4511.396,4482.236,4508.762
2026-05-26 20:00:00,4508.999,4527.87,4497.968,4519.734
2026-05-27 00:00:00,4519.674,4525.732,4496.712,4497.177
2026-05-27 04:00:00,4496.9,4517.109,4475.653,4482.085
2026-05-27 08:00:00,4481.819,4498.604,4424.7,4428.434
2026-05-27 12:00:00,4428.311,4466.56,4401.186,4436.299
2026-05-27 16:00:00,4436.354,4458.419,4433.987,4450.737
2026-05-27 20:00:00,4451.083,4465.105,4443.639,4447.141
2026-05-28 00:00:00,4447.199,4458.854,4368.277,4374.669
2026-05-28 04:00:00,4374.605,4396.46,4366.232,4387.567
2026-05-28 08:00:00,4387.491,4404.203,4374.911,4387.588
2026-05-28 12:00:00,4387.68,4484.95,4379.409,4482.062
2026-05-28 16:00:00,4482.429,4516.533,4477.561,4498.028
2026-05-28 20:00:00,4497.959,4500.705,4488.956,4494.974
2026-05-29 00:00:00,4495.125,4520.728,4492.02,4501.119
2026-05-29 04:00:00,4501.347,4526.182,4500.863,4524.487
2026-05-29 08:00:00,4524.701,4543.418,4509.889,4538.199
2026-05-29 12:00:00,4538.264,4595.189,4512.509,4571.203
2026-05-29 16:00:00,4571.268,4573.471,4542.821,4545.649
2026-05-29 20:00:00,4545.593,4549.002,4539.391,4540.363
2026-05-31 20:00:00,4521.201,4545.74,4518.354,4539.348
2026-06-01 00:00:00,4539.409,4546.159,4509.723,4516.138
2026-06-01 04:00:00,4516.095,4525.193,4492.407,4502.921
2026-06-01 08:00:00,4502.835,4512.949,4489.125,4505.676
2026-06-01 12:00:00,4505.62,4510.524,4447.501,4474.027
2026-06-01 16:00:00,4474.127,4495.449,4462.809,4481.228
2026-06-01 20:00:00,4481.283,4488.338,4479.204,4484.275
2026-06-02 00:00:00,4484.473,4499.448,4462.662,4499.125
2026-06-02 04:00:00,4499.101,4541.595,4497.557,4535.185
2026-06-02 08:00:00,4534.835,4539.287,4521.338,4527.603
2026-06-02 12:00:00,4527.66,4533.871,4490.054,4502.172
2026-06-02 16:00:00,4502.187,4502.96,4478.519,4487.9
2026-06-02 20:00:00,4487.841,4493.117,4462.278,4474.199
2026-06-03 00:00:00,4474.127,4496.745,4463.171,4484.191
2026-06-03 04:00:00,4484.541,4488.243,4452.738,4453.345
2026-06-03 08:00:00,4453.406,4468.031,4438.88,4462.564
2026-06-03 12:00:00,4462.619,4467.297,4426.144,4441.995
2026-06-03 16:00:00,4441.936,4452.189,4433.59,4443.998
2026-06-03 20:00:00,4443.938,4464.836,4423.591,4457.39
2026-06-04 00:00:00,4457.449,4477.33,4443.045,4463.965
2026-06-04 04:00:00,4463.907,4484.061,4459.256,4461.763
2026-06-04 08:00:00,4461.698,4514.667,4458.588,4511.318
2026-06-04 12:00:00,4511.533,4515.517,4457.157,4477.56
2026-06-04 16:00:00,4477.263,4485.225,4472.821,4480.924
2026-06-04 20:00:00,4480.853,4481.63,4460.339,4461.516
2026-06-05 00:00:00,4461.474,4470.07,4435.034,4442.175
2026-06-05 04:00:00,4442.53,4467.201,4428.481,4460.937
2026-06-05 08:00:00,4460.876,4475.313,4458.125,4470.284
2026-06-05 12:00:00,4470.088,4475.911,4333.907,4335.571
2026-06-05 16:00:00,4335.513,4347.257,4313.728,4318.481
2026-06-05 20:00:00,4318.423,4331.02,4311.591,4328.774
2026-06-07 20:00:00,4325.114,4347.047,4310.191,4343.828
2026-06-08 00:00:00,4343.881,4353.304,4299.839,4316.911
2026-06-08 04:00:00,4316.789,4321.851,4268.309,4294.352
2026-06-08 08:00:00,4294.479,4333.406,4272.923,4331.383
2026-06-08 12:00:00,4331.242,4346.835,4314.31,4341.65
2026-06-08 16:00:00,4341.569,4346.261,4323.378,4326.5
2026-06-08 20:00:00,4326.445,4332.46,4312.833,4317.619
2026-06-09 00:00:00,4317.567,4342.393,4314.938,4336.458
2026-06-09 04:00:00,4336.409,4351.513,4322.204,4326.712
2026-06-09 08:00:00,4326.769,4343.902,4321.06,4339.743
2026-06-09 12:00:00,4339.955,4363.463,4262.949,4272.228
2026-06-09 16:00:00,4272.47,4281.129,4236.398,4258.411
2026-06-09 20:00:00,4258.485,4262.177,4210.224,4222.118
2026-06-10 00:00:00,4222.169,4228.412,4172.542,4184.697
2026-06-10 04:00:00,4184.643,4222.052,4172.132,4186.016
2026-06-10 08:00:00,4185.955,4187.404,4145.65,4147.722
2026-06-10 12:00:00,4147.659,4186.372,4106.728,4128.597
2026-06-10 16:00:00,4128.65,4135.245,4081.437,4082.846
2026-06-10 20:00:00,4082.793,4083.124,4023.773,4047.261
2026-06-11 00:00:00,4047.319,4118.287,4036.098,4072.692
2026-06-11 04:00:00,4072.85,4110.622,4070.093,4104.774
2026-06-11 08:00:00,4104.722,4112.711,4077.334,4080.436
2026-06-11 12:00:00,4080.418,4095.412,4052.837,4088.661
2026-06-11 16:00:00,4088.735,4219.968,4071.801,4208.967
2026-06-11 20:00:00,4209.061,4246.422,4205.253,4219.785
2026-06-12 00:00:00,4219.997,4230.603,4171.347,4197.277
2026-06-12 04:00:00,4197.226,4201.097,4170.007,4194.047
2026-06-12 08:00:00,4194.121,4227.914,4191.789,4207.017
2026-06-12 12:00:00,4206.966,4235.558,4176.959,4211.904
2026-06-12 16:00:00,4211.963,4235.285,4201.725,4210.559
2026-06-12 20:00:00,4210.502,4219.296,4209.251,4218.665
2026-06-14 20:00:00,4270.346,4308.995,4269.222,4293.94
2026-06-15 00:00:00,4293.886,4335.532,4285.447,4325.067
2026-06-15 04:00:00,4325.119,4332.963,4300.619,4322.971
2026-06-15 08:00:00,4322.908,4347.567,4321.64,4335.355
2026-06-15 12:00:00,4335.412,4369.303,4324.435,4356.282
2026-06-15 16:00:00,4356.346,4358.787,4316.402,4320.608
2026-06-15 20:00:00,4320.843,4322.117,4305.895,4315.715
2026-06-16 00:00:00,4315.658,4333.222,4306.624,4330.235
2026-06-16 04:00:00,4330.267,4335.493,4313.307,4334.908
2026-06-16 08:00:00,4334.854,4349.466,4332.798,4340.763
2026-06-16 12:00:00,4340.711,4354.979,4313.008,4335.381
2026-06-16 16:00:00,4335.324,4347.069,4325.185,4334.102
2026-06-16 20:00:00,4334.049,4338.267,4328.797,4331.111
2026-06-17 00:00:00,4331.252,4349.742,4328.359,4332.249
2026-06-17 04:00:00,4332.069,4334.37,4317.377,4325.32
2026-06-17 08:00:00,4325.376,4335.855,4317.06,4323.32
2026-06-17 12:00:00,4323.247,4364.912,4319.584,4363.546
2026-06-17 16:00:00,4363.338,4382.441,4218.832,4235.678
2026-06-17 20:00:00,4235.61,4283.946,4234.792,4277.846
2026-06-18 00:00:00,4278.178,4329.89,4276.298,4319.51
2026-06-18 04:00:00,4319.856,4324.892,4287.32,4288.428
2026-06-18 08:00:00,4288.708,4292.956,4239.694,4241.759
2026-06-18 12:00:00,4242.0,4276.725,4222.892,4226.589
2026-06-18 16:00:00,4226.704,4233.351,4201.21,4216.773
2026-06-18 20:00:00,4216.826,4219.695,4186.72,4188.559
2026-06-19 00:00:00,4188.495,4198.235,4145.561,4153.254
2026-06-19 04:00:00,4153.309,4163.25,4121.603,4158.093
2026-06-19 08:00:00,4157.878,4178.69,4141.735,4152.435
2026-06-19 12:00:00,4152.463,4183.065,4142.444,4150.888
2026-06-19 16:00:00,4150.914,4157.9,4144.217,4155.421
2026-06-21 20:00:00,4153.418,4164.776,4136.447,4140.09
2026-06-22 00:00:00,4140.335,4221.249,4139.902,4171.517
2026-06-22 04:00:00,4171.592,4207.357,4170.561,4190.195
2026-06-22 08:00:00,4190.402,4215.312,4188.657,4207.228
2026-06-22 12:00:00,4207.555,4211.752,4169.573,4182.96
2026-06-22 16:00:00,4182.637,4193.419,4174.284,4190.428
2026-06-22 20:00:00,4190.372,4195.394,4186.827,4187.682
2026-06-23 00:00:00,4187.625,4198.671,4130.754,4143.902
2026-06-23 04:00:00,4144.034,4146.946,4096.463,4098.926
2026-06-23 08:00:00,4098.901,4133.314,4090.679,4123.102
2026-06-23 12:00:00,4123.339,4145.096,4105.383,4138.453
2026-06-23 16:00:00,4138.502,4143.937,4111.526,4111.526
2026-06-23 20:00:00,4111.578,4115.077,4080.804,4099.321
2026-06-24 00:00:00,4099.259,4111.984,4050.231,4062.811
2026-06-24 04:00:00,4062.872,4097.628,4054.855,4074.859
2026-06-24 08:00:00,4074.807,4087.764,4037.41,4046.884
2026-06-24 12:00:00,4046.78,4048.899,3964.386,4002.565
2026-06-24 16:00:00,4002.643,4022.297,3958.811,3987.867
2026-06-24 20:00:00,3987.916,4018.606,3984.791,4012.325
2026-06-25 00:00:00,4012.27,4016.467,3962.365,3995.326
2026-06-25 04:00:00,3995.273,4000.186,3971.283,3987.713
2026-06-25 08:00:00,3987.661,4002.111,3973.475,3980.193
2026-06-25 12:00:00,3980.233,4042.736,3978.732,4040.935
2026-06-25 16:00:00,4041.062,4044.334,4021.904,4026.638
2026-06-25 20:00:00,4026.565,4036.624,4012.378,4014.651
2026-06-26 00:00:00,4014.59,4029.684,3982.879,4004.105
2026-06-26 04:00:00,4004.162,4039.694,3998.654,4030.668
2026-06-26 08:00:00,4030.485,4055.83,4025.764,4045.764
2026-06-26 12:00:00,4045.816,4096.054,4035.742,4090.402
2026-06-26 16:00:00,4090.452,4093.558,4064.427,4071.743
2026-06-26 20:00:00,4071.562,4090.403,4064.599,4088.245
2026-06-28 20:00:00,4075.881,4085.307,4051.708,4062.831
2026-06-29 00:00:00,4062.635,4075.713,4048.217,4068.91
2026-06-29 04:00:00,4068.991,4069.053,4039.272,4061.729
2026-06-29 08:00:00,4061.677,4066.724,4024.29,4039.137
2026-06-29 12:00:00,4039.296,4052.611,4000.148,4027.041
2026-06-29 16:00:00,4027.1,4032.048,4005.143,4015.978
2026-06-29 20:00:00,4015.924,4022.486,4009.496,4015.028
2026-06-30 00:00:00,4014.97,4015.302,3942.099,3969.926
2026-06-30 04:00:00,3969.724,4034.855,3968.044,4032.322
2026-06-30 08:00:00,4031.991,4037.753,4012.238,4033.743
2026-06-30 12:00:00,4033.82,4063.437,4008.615,4029.492
2026-06-30 16:00:00,4029.53,4033.937,4014.75,4016.036
2026-06-30 20:00:00,4016.136,4021.062,4005.238,4005.593
2026-07-01 00:00:00,4005.653,4009.858,3970.116,3980.325
2026-07-01 04:00:00,3980.373,3982.884,3959.988,3976.152
2026-07-01 08:00:00,3976.098,4035.604,3969.366,4030.484
2026-07-01 12:00:00,4030.558,4115.736,4012.764,4081.176
2026-07-01 16:00:00,4081.241,4088.558,4034.29,4038.822
2026-07-01 20:00:00,4038.516,4045.279,4028.415,4035.169
2026-07-02 00:00:00,4034.972,4074.22,4030.584,4070.082
2026-07-02 04:00:00,4070.138,4079.75,4053.111,4064.533
2026-07-02 08:00:00,4064.616,4080.213,4057.272,4065.375
2026-07-02 12:00:00,4065.425,4144.132,4061.13,4128.316
2026-07-02 16:00:00,4128.465,4130.288,4100.085,4121.466
2026-07-02 20:00:00,4121.329,4134.121,4116.193,4126.116
2026-07-03 00:00:00,4126.207,4195.506,4122.965,4175.907
2026-07-03 04:00:00,4176.131,4182.737,4160.255,4177.541
2026-07-03 08:00:00,4177.419,4186.643,4168.324,4180.885
2026-07-03 12:00:00,4181.197,4183.398,4155.235,4164.94
2026-07-03 16:00:00,4164.885,4176.44,4162.67,4174.913
2026-07-05 20:00:00,4177.917,4202.273,4173.191,4182.987
2026-07-06 00:00:00,4183.254,4203.185,4160.887,4165.29
2026-07-06 04:00:00,4165.24,4166.717,4144.625,4164.467
2026-07-06 08:00:00,4164.233,4166.112,4136.206,4155.02
2026-07-06 12:00:00,4155.211,4158.536,4128.412,4148.188
2026-07-06 16:00:00,4148.24,4167.628,4140.247,4163.632
2026-07-06 20:00:00,4163.705,4168.555,4156.785,4157.372
2026-07-07 00:00:00,4157.318,4162.802,4124.302,4131.164
2026-07-07 04:00:00,4130.946,4141.324,4116.391,4124.771
2026-07-07 08:00:00,4124.718,4158.503,4119.566,4156.533
2026-07-07 12:00:00,4156.671,4180.456,4135.645,4138.925
2026-07-07 16:00:00,4138.923,4148.277,4092.023,4114.211
2026-07-07 20:00:00,4114.242,4115.878,4094.171,4098.576
2026-07-08 00:00:00,4098.471,4131.177,4096.378,4123.514
2026-07-08 04:00:00,4123.457,4134.08,4114.581,4121.219
2026-07-08 08:00:00,4121.29,4121.398,4040.406,4061.99
2026-07-08 12:00:00,4061.935,4086.374,4021.714,4034.079
2026-07-08 16:00:00,4034.133,4091.543,4033.105,4080.005
2026-07-08 20:00:00,4080.059,4083.607,4071.611,4076.276
2026-07-09 00:00:00,4076.084,4089.993,4054.046,4064.06
2026-07-09 04:00:00,4064.111,4111.262,4056.333,4107.713
2026-07-09 08:00:00,4107.765,4117.755,4093.537,4108.528
2026-07-09 12:00:00,4108.623,4136.316,4105.094,4126.646
2026-07-09 16:00:00,4126.808,4138.194,4118.641,4122.25
2026-07-09 20:00:00,4122.201,4127.721,4120.588,4123.547
2026-07-10 00:00:00,4123.495,4134.804,4108.597,4120.104
2026-07-10 04:00:00,4120.253,4121.195,4104.309,4108.837
2026-07-10 08:00:00,4108.888,4112.652,4094.225,4102.451
2026-07-10 12:00:00,4102.456,4117.611,4072.658,4112.877
2026-07-10 16:00:00,4112.933,4115.509,4097.691,4108.274
2026-07-10 20:00:00,4108.212,4121.141,4108.148,4119.908
2026-07-12 20:00:00,4098.561,4099.253,4068.425,4084.311
2026-07-13 00:00:00,4084.359,4091.138,4052.761,4060.356
2026-07-13 04:00:00,4060.242,4073.248,4043.648,4064.528
2026-07-13 08:00:00,4064.639,4080.842,4046.458,4056.473
2026-07-13 12:00:00,4056.507,4067.658,4000.158,4015.994
2026-07-13 16:00:00,4015.849,4018.099,3986.457,4001.808
2026-07-13 20:00:00,4001.858,4006.29,3992.724,4000.913
2026-07-14 00:00:00,4000.975,4019.154,3983.307,4016.796
2026-07-14 04:00:00,4016.85,4034.183,4013.371,4020.825
2026-07-14 08:00:00,4020.939,4031.987,4013.572,4031.031
2026-07-14 12:00:00,4030.963,4103.078,4023.108,4066.391
2026-07-14 16:00:00,4066.449,4067.193,4042.673,4055.864
2026-07-14 20:00:00,4055.7,4056.512,4046.63,4053.123
2026-07-15 00:00:00,4052.928,4062.03,4027.874,4031.271
2026-07-15 04:00:00,4031.32,4036.595,4019.593,4024.491
2026-07-15 08:00:00,4024.346,4040.415,4017.244,4038.137
2026-07-15 12:00:00,4038.189,4074.262,4035.89,4046.92
2026-07-15 16:00:00,4046.871,4081.502,4026.676,4056.879
2026-07-15 20:00:00,4056.759,4065.797,4055.011,4057.894
2026-07-16 00:00:00,4057.945,4061.333,4024.072,4036.093
2026-07-16 04:00:00,4036.075,4038.019,4022.753,4030.518
2026-07-16 08:00:00,4030.396,4042.447,4021.084,4038.504
2026-07-16 12:00:00,4038.559,4043.354,3973.592,4007.048
2026-07-16 16:00:00,4006.886,4007.811,3969.226,3979.863
2026-07-16 20:00:00,3979.814,3986.446,3971.746,3985.782
2026-07-17 00:00:00,3985.83,4008.965,3970.41,3991.293
2026-07-17 04:00:00,3991.38,4007.239,3975.03,3992.803
2026-07-17 08:00:00,3992.755,4002.621,3987.67,3993.976
2026-07-17 12:00:00,3994.086,4021.243,3959.36,4018.925
2026-07-17 16:00:00,4018.98,4023.877,4002.346,4015.241
2026-07-17 20:00:00,4015.367,4018.808,4008.542,4017.685
2026-07-19 20:00:00,4000.132,4002.918,3989.154,3995.625
2026-07-20 00:00:00,3995.494,4028.865,3982.626,4024.205
2026-07-20 04:00:00,4024.155,4026.659,4001.958,4017.415
2026-07-20 08:00:00,4017.152,4040.765,4014.748,4025.3
2026-07-20 12:00:00,4025.235,4025.307,3998.109,4011.869
2026-07-20 16:00:00,4011.819,4018.486,4001.111,4006.958
2026-07-20 20:00:00,4007.027,4010.753,3999.837,4009.702
2026-07-21 00:00:00,4009.812,4051.732,4003.815,4046.793
2026-07-21 04:00:00,4046.906,4084.27,4043.611,4071.362
2026-07-21 08:00:00,4071.292,4072.5,4054.285,4056.103
2026-07-21 12:00:00,4056.073,4083.588,4044.425,4074.259
2026-07-21 16:00:00,4074.187,4087.436,4066.659,4084.516
2026-07-21 20:00:00,4084.467,4086.427,4076.69,4080.668
2026-07-22 00:00:00,4080.459,4141.681,4076.583,4130.926
2026-07-22 04:00:00,4130.873,4135.218,4109.086,4110.776
2026-07-22 08:00:00,4110.474,4123.031,4110.474,4122.52
2026-07-22 12:00:00,4122.452,4166.064,4106.217,4159.132
2026-07-22 16:00:00,4159.181,4159.56,4128.877,4131.685
2026-07-22 20:00:00,4131.577,4137.727,4116.298,4133.267
2026-07-23 00:00:00,4133.319,4141.157,4112.096,4124.798
2026-07-23 04:00:00,4124.682,4130.669,4089.938,4095.526
2026-07-23 08:00:00,4095.225,4099.246,4072.764,4085.749
2026-07-23 12:00:00,4085.602,4086.139,4040.363,4044.313
